{"type":"FeatureCollection","_source":"DataGeo/SEMIL — datageo:LimiteSubBacias2013 (NUGRHI=7), via refletor KML do WMS; vértices encaixados na grade de 0.0004° (~22 m)","features":[{"type":"Feature","properties":{"dsubbc":"oceano","nome":"Drenagem direta ao oceano"},"geometry":{"type":"Polygon","coordinates":[[[-47.0208,-24.4148],[-47.0212,-24.4152],[-47.022,-24.4156],[-47.022,-24.416],[-47.0224,-24.4164],[-47.0224,-24.4168],[-47.0224,-24.4172],[-47.0224,-24.4176],[-47.022,-24.4176],[-47.0216,-24.4176],[-47.0212,-24.4176],[-47.0208,-24.4176],[-47.0204,-24.4176],[-47.0204,-24.418],[-47.0204,-24.4184],[-47.0204,-24.4188],[-47.0204,-24.4192],[-47.0204,-24.4196],[-47.0204,-24.42],[-47.0208,-24.42],[-47.0208,-24.4204],[-47.0212,-24.4204],[-47.0216,-24.4208],[-47.0216,-24.4212],[-47.0216,-24.4216],[-47.0216,-24.422],[-47.022,-24.422],[-47.0224,-24.422],[-47.0228,-24.422],[-47.0232,-24.422],[-47.0236,-24.422],[-47.024,-24.422],[-47.024,-24.4224],[-47.0244,-24.4224],[-47.0244,-24.4228],[-47.0248,-24.4232],[-47.0248,-24.4236],[-47.0252,-24.4236],[-47.0252,-24.424],[-47.0256,-24.424],[-47.0276,-24.4232],[-47.0292,-24.4232],[-47.0316,-24.4224],[-47.0348,-24.4224],[-47.0384,-24.422],[-47.04,-24.4216],[-47.04,-24.4212],[-47.0392,-24.4212],[-47.0392,-24.4208],[-47.0384,-24.4208],[-47.038,-24.4208],[-47.0368,-24.4208],[-47.0368,-24.4212],[-47.036,-24.4208],[-47.0352,-24.4208],[-47.034,-24.4204],[-47.0332,-24.4204],[-47.032,-24.4204],[-47.0308,-24.42],[-47.0296,-24.42],[-47.0296,-24.4192],[-47.0292,-24.4192],[-47.0292,-24.4188],[-47.0288,-24.4188],[-47.0288,-24.418],[-47.0284,-24.418],[-47.0284,-24.4176],[-47.0284,-24.4172],[-47.0276,-24.4172],[-47.0276,-24.4168],[-47.0272,-24.4168],[-47.0264,-24.4168],[-47.0264,-24.4164],[-47.026,-24.4164],[-47.026,-24.416],[-47.0256,-24.416],[-47.0256,-24.4156],[-47.0252,-24.4156],[-47.0248,-24.4156],[-47.0248,-24.4152],[-47.0244,-24.4152],[-47.0244,-24.4148],[-47.0208,-24.4148]]]}},{"type":"Feature","properties":{"dsubbc":"oceano","nome":"Drenagem direta ao oceano"},"geometry":{"type":"Polygon","coordinates":[[[-47.0196,-24.4136],[-47.0204,-24.4144],[-47.0208,-24.4144],[-47.0208,-24.4148],[-47.0244,-24.4148],[-47.0244,-24.4152],[-47.0248,-24.4152],[-47.0248,-24.4156],[-47.0252,-24.4156],[-47.0256,-24.4156],[-47.0256,-24.416],[-47.026,-24.416],[-47.026,-24.4164],[-47.0264,-24.4164],[-47.0264,-24.4168],[-47.0272,-24.4168],[-47.0276,-24.4168],[-47.0276,-24.4172],[-47.0284,-24.4172],[-47.0284,-24.4176],[-47.0284,-24.418],[-47.0288,-24.418],[-47.0288,-24.4188],[-47.0292,-24.4188],[-47.0292,-24.4192],[-47.0296,-24.4192],[-47.0296,-24.42],[-47.0308,-24.42],[-47.032,-24.4204],[-47.0332,-24.4204],[-47.034,-24.4204],[-47.0352,-24.4208],[-47.036,-24.4208],[-47.0368,-24.4212],[-47.0368,-24.4208],[-47.038,-24.4208],[-47.0384,-24.4208],[-47.0392,-24.4208],[-47.0392,-24.4212],[-47.04,-24.4212],[-47.04,-24.4216],[-47.0408,-24.4216],[-47.0412,-24.4216],[-47.0412,-24.422],[-47.0416,-24.422],[-47.0416,-24.4224],[-47.0416,-24.4228],[-47.0428,-24.4228],[-47.0432,-24.4228],[-47.0436,-24.4228],[-47.0436,-24.4224],[-47.0436,-24.422],[-47.044,-24.422],[-47.044,-24.4216],[-47.0444,-24.4216],[-47.0444,-24.4212],[-47.0444,-24.4208],[-47.0448,-24.4208],[-47.0448,-24.4196],[-47.0452,-24.4196],[-47.0452,-24.4192],[-47.0456,-24.4192],[-47.0456,-24.4172],[-47.0456,-24.4168],[-47.046,-24.4168],[-47.046,-24.416],[-47.0464,-24.416],[-47.0464,-24.4144],[-47.046,-24.4144],[-47.046,-24.414],[-47.0456,-24.414],[-47.0456,-24.4136],[-47.0452,-24.4136],[-47.0452,-24.4132],[-47.0444,-24.4132],[-47.0444,-24.4128],[-47.0444,-24.4124],[-47.044,-24.4124],[-47.044,-24.412],[-47.0436,-24.412],[-47.0436,-24.4116],[-47.0436,-24.4112],[-47.0432,-24.4112],[-47.0432,-24.4108],[-47.0428,-24.4108],[-47.0424,-24.4108],[-47.0424,-24.4104],[-47.042,-24.4104],[-47.042,-24.41],[-47.0416,-24.41],[-47.0416,-24.4096],[-47.0412,-24.4096],[-47.0408,-24.4096],[-47.0408,-24.4092],[-47.0404,-24.4092],[-47.0404,-24.4088],[-47.0404,-24.4084],[-47.04,-24.4084],[-47.04,-24.4076],[-47.0396,-24.4076],[-47.0396,-24.4072],[-47.0388,-24.4072],[-47.0388,-24.4068],[-47.0384,-24.4068],[-47.0384,-24.4064],[-47.0376,-24.4064],[-47.0376,-24.406],[-47.0336,-24.406],[-47.0336,-24.4064],[-47.0332,-24.4064],[-47.0332,-24.4068],[-47.0324,-24.4068],[-47.032,-24.4068],[-47.032,-24.4072],[-47.0296,-24.4072],[-47.0284,-24.4076],[-47.0276,-24.4072],[-47.0268,-24.4072],[-47.026,-24.4072],[-47.0256,-24.4076],[-47.0248,-24.4076],[-47.024,-24.408],[-47.0236,-24.4084],[-47.0228,-24.4088],[-47.022,-24.4096],[-47.0216,-24.4096],[-47.0212,-24.4108],[-47.0208,-24.4112],[-47.0204,-24.412],[-47.02,-24.4128],[-47.0196,-24.4136]]]}},{"type":"Feature","properties":{"dsubbc":"oceano","nome":"Drenagem direta ao oceano"},"geometry":{"type":"Polygon","coordinates":[[[-47.03,-24.398],[-47.0284,-24.398],[-47.0264,-24.398],[-47.0256,-24.398],[-47.0252,-24.398],[-47.0252,-24.3984],[-47.0248,-24.3984],[-47.0248,-24.3988],[-47.0244,-24.3988],[-47.0244,-24.3996],[-47.024,-24.3996],[-47.024,-24.4008],[-47.0236,-24.4008],[-47.0236,-24.4016],[-47.0224,-24.4016],[-47.0224,-24.402],[-47.0216,-24.402],[-47.0216,-24.4024],[-47.0216,-24.4028],[-47.0204,-24.4028],[-47.02,-24.4028],[-47.02,-24.4036],[-47.02,-24.404],[-47.0196,-24.4044],[-47.0192,-24.4052],[-47.0192,-24.4056],[-47.0188,-24.406],[-47.0184,-24.4064],[-47.0184,-24.4068],[-47.018,-24.4072],[-47.0176,-24.408],[-47.0168,-24.4088],[-47.0164,-24.41],[-47.016,-24.4108],[-47.0156,-24.4112],[-47.0156,-24.4116],[-47.0168,-24.412],[-47.018,-24.4124],[-47.0184,-24.4128],[-47.0188,-24.4128],[-47.0192,-24.4132],[-47.0196,-24.4136],[-47.02,-24.4128],[-47.0204,-24.412],[-47.0208,-24.4112],[-47.0212,-24.4108],[-47.0216,-24.4096],[-47.022,-24.4096],[-47.0228,-24.4088],[-47.0236,-24.4084],[-47.024,-24.408],[-47.0248,-24.4076],[-47.0256,-24.4076],[-47.026,-24.4072],[-47.0268,-24.4072],[-47.0276,-24.4072],[-47.0284,-24.4076],[-47.0296,-24.4072],[-47.032,-24.4072],[-47.032,-24.4068],[-47.0324,-24.4068],[-47.0332,-24.4068],[-47.0332,-24.4064],[-47.0336,-24.4064],[-47.0336,-24.406],[-47.0376,-24.406],[-47.0376,-24.404],[-47.0376,-24.4036],[-47.0368,-24.4036],[-47.0364,-24.4036],[-47.0364,-24.4032],[-47.0364,-24.4028],[-47.036,-24.4028],[-47.036,-24.402],[-47.0356,-24.402],[-47.0356,-24.4016],[-47.0356,-24.4012],[-47.0352,-24.4012],[-47.0352,-24.4008],[-47.0348,-24.4008],[-47.0348,-24.4004],[-47.0344,-24.4004],[-47.0344,-24.4008],[-47.0336,-24.4008],[-47.0336,-24.4004],[-47.0328,-24.4004],[-47.0328,-24.4],[-47.0316,-24.4],[-47.0316,-24.3996],[-47.0316,-24.3988],[-47.0312,-24.3988],[-47.0308,-24.3988],[-47.0308,-24.3984],[-47.0304,-24.3984],[-47.0304,-24.398],[-47.03,-24.398]]]}},{"type":"Feature","properties":{"dsubbc":"oceano","nome":"Drenagem direta ao oceano"},"geometry":{"type":"Polygon","coordinates":[[[-47.0156,-24.4112],[-47.016,-24.4108],[-47.0164,-24.41],[-47.0168,-24.4088],[-47.0176,-24.408],[-47.018,-24.4072],[-47.0184,-24.4068],[-47.0184,-24.4064],[-47.0188,-24.406],[-47.0192,-24.4056],[-47.0192,-24.4052],[-47.0196,-24.4044],[-47.02,-24.404],[-47.02,-24.4036],[-47.02,-24.4028],[-47.0204,-24.4028],[-47.0196,-24.4028],[-47.0196,-24.4024],[-47.0192,-24.4024],[-47.0192,-24.402],[-47.0188,-24.402],[-47.0188,-24.4024],[-47.0176,-24.4024],[-47.0176,-24.4028],[-47.0164,-24.4028],[-47.0164,-24.4024],[-47.0148,-24.4024],[-47.0148,-24.402],[-47.0144,-24.402],[-47.0144,-24.4016],[-47.0136,-24.4016],[-47.0128,-24.4016],[-47.0128,-24.4012],[-47.012,-24.4012],[-47.012,-24.4008],[-47.0116,-24.4008],[-47.0112,-24.4008],[-47.0112,-24.4004],[-47.0108,-24.4004],[-47.0108,-24.4],[-47.0108,-24.3996],[-47.0104,-24.3996],[-47.01,-24.3996],[-47.01,-24.3992],[-47.0096,-24.3992],[-47.0096,-24.3988],[-47.0088,-24.3988],[-47.008,-24.3984],[-47.0072,-24.398],[-47.0068,-24.398],[-47.0064,-24.3976],[-47.006,-24.3972],[-47.0056,-24.3968],[-47.0052,-24.3968],[-47.0048,-24.3968],[-47.0044,-24.3968],[-47.004,-24.3968],[-47.0036,-24.3968],[-47.0032,-24.3968],[-47.0028,-24.3968],[-47.0024,-24.3968],[-47.002,-24.3968],[-47.0016,-24.3968],[-47.0016,-24.3972],[-47.0012,-24.3972],[-47.0012,-24.3976],[-47.0012,-24.398],[-47.0012,-24.3984],[-47.0012,-24.3988],[-47.0012,-24.3992],[-47.0016,-24.3996],[-47.002,-24.4],[-47.0024,-24.4],[-47.0028,-24.4],[-47.0032,-24.4],[-47.0036,-24.4],[-47.004,-24.4],[-47.004,-24.4004],[-47.0044,-24.4004],[-47.0048,-24.4008],[-47.0052,-24.4008],[-47.0056,-24.4008],[-47.006,-24.4008],[-47.0064,-24.4008],[-47.0064,-24.4012],[-47.0064,-24.4016],[-47.006,-24.4028],[-47.006,-24.404],[-47.0052,-24.4056],[-47.0048,-24.4064],[-47.0048,-24.4068],[-47.0048,-24.4072],[-47.0044,-24.4072],[-47.0044,-24.4076],[-47.004,-24.4076],[-47.0036,-24.4076],[-47.0036,-24.408],[-47.0036,-24.4084],[-47.0036,-24.4088],[-47.004,-24.4088],[-47.004,-24.4092],[-47.0044,-24.4092],[-47.0044,-24.4088],[-47.0048,-24.4088],[-47.0052,-24.4088],[-47.0052,-24.4092],[-47.0056,-24.4092],[-47.006,-24.4092],[-47.0064,-24.4092],[-47.0068,-24.4088],[-47.0072,-24.4088],[-47.0076,-24.4088],[-47.008,-24.4088],[-47.0084,-24.4088],[-47.0088,-24.4088],[-47.0092,-24.4088],[-47.0092,-24.4092],[-47.0096,-24.4092],[-47.0096,-24.4096],[-47.01,-24.41],[-47.01,-24.4104],[-47.0096,-24.4104],[-47.0092,-24.4104],[-47.0092,-24.4108],[-47.0092,-24.4112],[-47.0088,-24.4116],[-47.0088,-24.412],[-47.0084,-24.412],[-47.008,-24.412],[-47.0076,-24.412],[-47.0076,-24.4124],[-47.0076,-24.4128],[-47.008,-24.4132],[-47.0084,-24.4136],[-47.0088,-24.4136],[-47.0092,-24.4136],[-47.0096,-24.4136],[-47.0104,-24.4136],[-47.0112,-24.4132],[-47.0116,-24.4132],[-47.0124,-24.4128],[-47.0128,-24.4128],[-47.0132,-24.4128],[-47.0132,-24.4124],[-47.0136,-24.4124],[-47.014,-24.412],[-47.014,-24.4116],[-47.0144,-24.4112],[-47.0148,-24.4108],[-47.0152,-24.4112],[-47.0156,-24.4112]]]}},{"type":"Feature","properties":{"dsubbc":"oceano","nome":"Drenagem direta ao oceano"},"geometry":{"type":"Polygon","coordinates":[[[-47.0056,-24.3968],[-47.006,-24.3972],[-47.0064,-24.3976],[-47.0068,-24.398],[-47.0072,-24.398],[-47.008,-24.3984],[-47.0088,-24.3988],[-47.0096,-24.3988],[-47.0096,-24.3992],[-47.01,-24.3992],[-47.01,-24.3996],[-47.0104,-24.3996],[-47.0108,-24.3996],[-47.0108,-24.4],[-47.0108,-24.4004],[-47.0112,-24.4004],[-47.0112,-24.4008],[-47.0116,-24.4008],[-47.012,-24.4008],[-47.012,-24.4012],[-47.0128,-24.4012],[-47.0128,-24.4016],[-47.0136,-24.4016],[-47.0144,-24.4016],[-47.0144,-24.402],[-47.0148,-24.402],[-47.0148,-24.4024],[-47.0164,-24.4024],[-47.0164,-24.4028],[-47.0176,-24.4028],[-47.0176,-24.4024],[-47.0188,-24.4024],[-47.0188,-24.402],[-47.0192,-24.402],[-47.0192,-24.4016],[-47.0188,-24.4016],[-47.0188,-24.4008],[-47.0184,-24.4008],[-47.0184,-24.4004],[-47.0176,-24.4004],[-47.0176,-24.4],[-47.0176,-24.3996],[-47.0168,-24.3996],[-47.0156,-24.3996],[-47.0156,-24.3992],[-47.0136,-24.3992],[-47.0136,-24.3988],[-47.0132,-24.3988],[-47.0132,-24.3984],[-47.0128,-24.3984],[-47.0128,-24.398],[-47.0124,-24.398],[-47.0124,-24.3976],[-47.012,-24.3976],[-47.012,-24.3972],[-47.0116,-24.3972],[-47.0116,-24.3968],[-47.0112,-24.3968],[-47.0112,-24.3964],[-47.0108,-24.3964],[-47.0108,-24.396],[-47.0104,-24.396],[-47.0104,-24.3944],[-47.0104,-24.3948],[-47.01,-24.3948],[-47.01,-24.3952],[-47.0096,-24.3956],[-47.0092,-24.396],[-47.0088,-24.396],[-47.0084,-24.396],[-47.0072,-24.396],[-47.0068,-24.396],[-47.0064,-24.3964],[-47.006,-24.3964],[-47.0056,-24.3964],[-47.0056,-24.3968]]]}},{"type":"Feature","properties":{"dsubbc":"oceano","nome":"Drenagem direta ao oceano"},"geometry":{"type":"Polygon","coordinates":[[[-47.0188,-24.3932],[-47.0184,-24.3932],[-47.0184,-24.3936],[-47.018,-24.3936],[-47.018,-24.394],[-47.0176,-24.394],[-47.0176,-24.3944],[-47.0168,-24.3944],[-47.0168,-24.3948],[-47.0164,-24.3948],[-47.0144,-24.3948],[-47.014,-24.3948],[-47.014,-24.3944],[-47.0104,-24.3944],[-47.0104,-24.396],[-47.0108,-24.396],[-47.0108,-24.3964],[-47.0112,-24.3964],[-47.0112,-24.3968],[-47.0116,-24.3968],[-47.0116,-24.3972],[-47.012,-24.3972],[-47.012,-24.3976],[-47.0124,-24.3976],[-47.0124,-24.398],[-47.0128,-24.398],[-47.0128,-24.3984],[-47.0132,-24.3984],[-47.0132,-24.3988],[-47.0136,-24.3988],[-47.0136,-24.3992],[-47.0156,-24.3992],[-47.0156,-24.3996],[-47.0168,-24.3996],[-47.0176,-24.3996],[-47.0176,-24.4],[-47.0176,-24.4004],[-47.0184,-24.4004],[-47.0184,-24.4008],[-47.0188,-24.4008],[-47.0188,-24.4016],[-47.0192,-24.4016],[-47.0192,-24.402],[-47.0192,-24.4024],[-47.0196,-24.4024],[-47.0196,-24.4028],[-47.0204,-24.4028],[-47.0216,-24.4028],[-47.0216,-24.4024],[-47.0216,-24.402],[-47.0224,-24.402],[-47.0224,-24.4016],[-47.0236,-24.4016],[-47.0236,-24.4008],[-47.024,-24.4008],[-47.024,-24.3996],[-47.0244,-24.3996],[-47.0244,-24.3988],[-47.0248,-24.3988],[-47.0248,-24.3984],[-47.0252,-24.3984],[-47.0252,-24.398],[-47.0256,-24.398],[-47.0252,-24.398],[-47.0252,-24.3976],[-47.0248,-24.3976],[-47.0248,-24.3972],[-47.0244,-24.3972],[-47.0244,-24.3968],[-47.0236,-24.3968],[-47.0236,-24.3964],[-47.0236,-24.396],[-47.0228,-24.396],[-47.0212,-24.396],[-47.0212,-24.3956],[-47.0208,-24.3956],[-47.0208,-24.3952],[-47.0204,-24.3952],[-47.0204,-24.3948],[-47.02,-24.3948],[-47.02,-24.3944],[-47.0196,-24.3944],[-47.0196,-24.394],[-47.0196,-24.3936],[-47.0192,-24.3936],[-47.0192,-24.3932],[-47.0188,-24.3932]]]}},{"type":"Feature","properties":{"dsubbc":"oceano","nome":"Drenagem direta ao oceano"},"geometry":{"type":"Polygon","coordinates":[[[-47.0104,-24.3944],[-47.014,-24.3944],[-47.014,-24.3948],[-47.0144,-24.3948],[-47.0164,-24.3948],[-47.0168,-24.3948],[-47.0168,-24.3944],[-47.0176,-24.3944],[-47.0176,-24.394],[-47.018,-24.394],[-47.018,-24.3936],[-47.0184,-24.3936],[-47.0184,-24.3932],[-47.0188,-24.3932],[-47.0188,-24.3928],[-47.0184,-24.3928],[-47.0184,-24.3924],[-47.018,-24.3924],[-47.018,-24.392],[-47.0176,-24.392],[-47.0176,-24.3916],[-47.0172,-24.3916],[-47.0172,-24.3912],[-47.0168,-24.3912],[-47.0168,-24.3908],[-47.0164,-24.3908],[-47.016,-24.3904],[-47.0152,-24.39],[-47.0148,-24.3896],[-47.0144,-24.3892],[-47.014,-24.3892],[-47.0136,-24.3888],[-47.0136,-24.3884],[-47.0132,-24.388],[-47.0128,-24.388],[-47.012,-24.3876],[-47.0116,-24.3876],[-47.0112,-24.3876],[-47.0108,-24.3876],[-47.0104,-24.3876],[-47.01,-24.3876],[-47.0096,-24.3876],[-47.0096,-24.388],[-47.0092,-24.388],[-47.0088,-24.388],[-47.0084,-24.388],[-47.0084,-24.3884],[-47.0088,-24.3888],[-47.0092,-24.3888],[-47.0092,-24.3892],[-47.0096,-24.3892],[-47.01,-24.3892],[-47.0104,-24.3888],[-47.0108,-24.3888],[-47.0112,-24.3888],[-47.0112,-24.3892],[-47.0112,-24.3896],[-47.0112,-24.3904],[-47.0112,-24.3908],[-47.0112,-24.3916],[-47.0108,-24.3928],[-47.0104,-24.3944]]]}},{"type":"Feature","properties":{"dsubbc":"oceano","nome":"Drenagem direta ao oceano"},"geometry":{"type":"Polygon","coordinates":[[[-47.0132,-24.388],[-47.0136,-24.3884],[-47.0136,-24.3888],[-47.014,-24.3892],[-47.0144,-24.3892],[-47.0148,-24.3896],[-47.0152,-24.39],[-47.016,-24.3904],[-47.0164,-24.3908],[-47.0168,-24.3908],[-47.0168,-24.3912],[-47.0172,-24.3912],[-47.0172,-24.3916],[-47.0176,-24.3916],[-47.0176,-24.392],[-47.018,-24.392],[-47.018,-24.3924],[-47.0184,-24.3924],[-47.0184,-24.3928],[-47.0188,-24.3928],[-47.0188,-24.3932],[-47.0192,-24.3932],[-47.0192,-24.3936],[-47.0196,-24.3936],[-47.0196,-24.394],[-47.0196,-24.3944],[-47.02,-24.3944],[-47.02,-24.3948],[-47.0204,-24.3948],[-47.0204,-24.3952],[-47.0208,-24.3952],[-47.0208,-24.3956],[-47.0212,-24.3956],[-47.0212,-24.396],[-47.0228,-24.396],[-47.0236,-24.396],[-47.0236,-24.3964],[-47.0236,-24.3968],[-47.0244,-24.3968],[-47.0244,-24.3972],[-47.0248,-24.3972],[-47.0248,-24.3976],[-47.0252,-24.3976],[-47.0252,-24.398],[-47.0256,-24.398],[-47.0264,-24.398],[-47.0284,-24.398],[-47.03,-24.398],[-47.03,-24.3976],[-47.0304,-24.3976],[-47.0304,-24.3952],[-47.03,-24.3952],[-47.03,-24.3948],[-47.0296,-24.3948],[-47.0296,-24.3944],[-47.0292,-24.3944],[-47.0292,-24.394],[-47.0288,-24.394],[-47.0284,-24.394],[-47.0284,-24.3928],[-47.028,-24.3928],[-47.028,-24.392],[-47.0276,-24.392],[-47.0276,-24.3916],[-47.0272,-24.3916],[-47.0272,-24.3908],[-47.0268,-24.3908],[-47.0268,-24.3896],[-47.0256,-24.3896],[-47.0256,-24.3892],[-47.0256,-24.3888],[-47.0252,-24.3888],[-47.0248,-24.3888],[-47.0248,-24.3884],[-47.0244,-24.3884],[-47.0244,-24.3876],[-47.0244,-24.3868],[-47.024,-24.3868],[-47.024,-24.3864],[-47.0236,-24.3864],[-47.0236,-24.386],[-47.0232,-24.386],[-47.0232,-24.3856],[-47.0228,-24.3856],[-47.0228,-24.3852],[-47.0228,-24.3848],[-47.0224,-24.3848],[-47.0224,-24.3844],[-47.022,-24.3844],[-47.022,-24.384],[-47.0216,-24.384],[-47.0216,-24.3832],[-47.0212,-24.3832],[-47.0208,-24.3828],[-47.0204,-24.3828],[-47.02,-24.3824],[-47.0196,-24.3824],[-47.0192,-24.3824],[-47.0188,-24.3824],[-47.0184,-24.3824],[-47.018,-24.382],[-47.018,-24.3824],[-47.018,-24.3836],[-47.018,-24.384],[-47.0176,-24.3844],[-47.0176,-24.3848],[-47.0172,-24.3856],[-47.0172,-24.386],[-47.0172,-24.3864],[-47.0168,-24.3864],[-47.0164,-24.3868],[-47.016,-24.3868],[-47.0148,-24.3868],[-47.0144,-24.3868],[-47.014,-24.3872],[-47.014,-24.3876],[-47.0136,-24.3876],[-47.0132,-24.3876],[-47.0132,-24.388]]]}},{"type":"Feature","properties":{"dsubbc":"oceano","nome":"Drenagem direta ao oceano"},"geometry":{"type":"Polygon","coordinates":[[[-47.0176,-24.3768],[-47.0172,-24.3772],[-47.0172,-24.3776],[-47.0172,-24.3784],[-47.0176,-24.3796],[-47.0176,-24.3804],[-47.0176,-24.3812],[-47.018,-24.382],[-47.0184,-24.3824],[-47.0188,-24.3824],[-47.0192,-24.3824],[-47.0196,-24.3824],[-47.02,-24.3824],[-47.0204,-24.3828],[-47.0208,-24.3828],[-47.0212,-24.3832],[-47.0216,-24.3832],[-47.0216,-24.3828],[-47.0212,-24.3828],[-47.0212,-24.3812],[-47.0208,-24.3812],[-47.0208,-24.3804],[-47.0208,-24.38],[-47.02,-24.38],[-47.0196,-24.38],[-47.0196,-24.3796],[-47.0196,-24.3792],[-47.0192,-24.3792],[-47.0192,-24.3788],[-47.0188,-24.3788],[-47.0188,-24.3784],[-47.0184,-24.3784],[-47.0184,-24.378],[-47.018,-24.378],[-47.018,-24.3768],[-47.0176,-24.3768]]]}},{"type":"Feature","properties":{"dsubbc":"oceano","nome":"Drenagem direta ao oceano"},"geometry":{"type":"Polygon","coordinates":[[[-47.0024,-24.3572],[-47.0044,-24.3572],[-47.0048,-24.3572],[-47.0048,-24.3576],[-47.0048,-24.358],[-47.0052,-24.358],[-47.0056,-24.358],[-47.0056,-24.3592],[-47.006,-24.3592],[-47.006,-24.3596],[-47.0064,-24.3596],[-47.0064,-24.36],[-47.0068,-24.36],[-47.0072,-24.36],[-47.0072,-24.3596],[-47.0076,-24.3596],[-47.0076,-24.3588],[-47.0076,-24.3584],[-47.008,-24.3584],[-47.008,-24.358],[-47.0084,-24.358],[-47.0084,-24.3564],[-47.008,-24.3564],[-47.008,-24.356],[-47.0076,-24.356],[-47.0072,-24.356],[-47.0068,-24.356],[-47.0068,-24.3556],[-47.0064,-24.3556],[-47.0064,-24.3552],[-47.0056,-24.3552],[-47.0052,-24.3552],[-47.0052,-24.3548],[-47.0048,-24.3548],[-47.0048,-24.3544],[-47.004,-24.3544],[-47.0032,-24.3544],[-47.0028,-24.354],[-47.0024,-24.354],[-47.002,-24.354],[-47.0016,-24.354],[-47.0012,-24.354],[-47.0008,-24.3536],[-46.9996,-24.3536],[-46.9996,-24.354],[-46.9992,-24.354],[-46.9992,-24.3544],[-46.9992,-24.3548],[-46.9996,-24.3548],[-46.9996,-24.3552],[-46.9996,-24.3556],[-47.0,-24.3556],[-47.0,-24.356],[-47.0004,-24.356],[-47.0008,-24.3564],[-47.0016,-24.3564],[-47.002,-24.3568],[-47.0024,-24.3568],[-47.0024,-24.3572]]]}},{"type":"Feature","properties":{"dsubbc":"oceano","nome":"Drenagem direta ao oceano"},"geometry":{"type":"Polygon","coordinates":[[[-46.9996,-24.3536],[-47.0008,-24.3536],[-47.0012,-24.354],[-47.0016,-24.354],[-47.002,-24.354],[-47.0024,-24.354],[-47.0028,-24.354],[-47.0032,-24.3544],[-47.004,-24.3544],[-47.004,-24.354],[-47.0036,-24.354],[-47.0036,-24.3536],[-47.0036,-24.3532],[-47.0032,-24.3532],[-47.0032,-24.3524],[-47.0028,-24.3524],[-47.0028,-24.352],[-47.0024,-24.3516],[-47.002,-24.3516],[-47.0016,-24.3512],[-47.0012,-24.3508],[-47.0008,-24.3508],[-47.0004,-24.3504],[-47.0,-24.35],[-46.9996,-24.35],[-46.9996,-24.3504],[-46.9992,-24.3504],[-46.9992,-24.3508],[-46.9988,-24.3508],[-46.9984,-24.3508],[-46.998,-24.3508],[-46.998,-24.3504],[-46.9976,-24.3504],[-46.9972,-24.3504],[-46.9968,-24.3504],[-46.9968,-24.35],[-46.9964,-24.35],[-46.9964,-24.3504],[-46.9964,-24.3508],[-46.9968,-24.3508],[-46.9964,-24.3512],[-46.9968,-24.3512],[-46.9972,-24.3512],[-46.9976,-24.3512],[-46.998,-24.3512],[-46.9984,-24.3512],[-46.9984,-24.3516],[-46.9988,-24.3516],[-46.9988,-24.352],[-46.9988,-24.3524],[-46.9992,-24.3524],[-46.9992,-24.3528],[-46.9992,-24.3532],[-46.9996,-24.3532],[-47.0,-24.3532],[-47.0,-24.3536],[-46.9996,-24.3536]]]}},{"type":"Feature","properties":{"dsubbc":"oceano","nome":"Drenagem direta ao oceano"},"geometry":{"type":"Polygon","coordinates":[[[-47.0,-24.35],[-47.0004,-24.3504],[-47.0008,-24.3508],[-47.0012,-24.3508],[-47.0016,-24.3512],[-47.002,-24.3516],[-47.0024,-24.3516],[-47.0028,-24.352],[-47.0028,-24.3524],[-47.0032,-24.3524],[-47.0032,-24.3532],[-47.0036,-24.3532],[-47.0036,-24.3536],[-47.0036,-24.354],[-47.004,-24.354],[-47.004,-24.3544],[-47.0048,-24.3544],[-47.0048,-24.3548],[-47.0052,-24.3548],[-47.0052,-24.3552],[-47.0056,-24.3552],[-47.0064,-24.3552],[-47.0064,-24.3556],[-47.0068,-24.3556],[-47.0068,-24.356],[-47.0072,-24.356],[-47.0072,-24.3556],[-47.0076,-24.3556],[-47.0076,-24.3552],[-47.008,-24.3552],[-47.008,-24.3544],[-47.0084,-24.3544],[-47.0084,-24.3536],[-47.0088,-24.3536],[-47.0088,-24.3532],[-47.0092,-24.3532],[-47.0092,-24.3528],[-47.0096,-24.3528],[-47.0096,-24.3524],[-47.0096,-24.3516],[-47.01,-24.3516],[-47.01,-24.3508],[-47.0104,-24.3508],[-47.0104,-24.3504],[-47.008,-24.3504],[-47.0076,-24.3504],[-47.0076,-24.35],[-47.0072,-24.35],[-47.0072,-24.3496],[-47.0072,-24.3492],[-47.0064,-24.3492],[-47.006,-24.3492],[-47.006,-24.3488],[-47.0056,-24.3488],[-47.0052,-24.3488],[-47.0048,-24.3488],[-47.0044,-24.3484],[-47.004,-24.3484],[-47.0036,-24.3484],[-47.0032,-24.3484],[-47.0028,-24.3484],[-47.002,-24.3484],[-47.0016,-24.348],[-47.0012,-24.348],[-47.0008,-24.3484],[-47.0008,-24.3488],[-47.0004,-24.3488],[-47.0004,-24.3492],[-47.0,-24.3492],[-47.0,-24.3496],[-47.0,-24.35]]]}},{"type":"Feature","properties":{"dsubbc":"oceano","nome":"Drenagem direta ao oceano"},"geometry":{"type":"Polygon","coordinates":[[[-47.0012,-24.3464],[-47.0012,-24.3468],[-47.0012,-24.3472],[-47.0012,-24.3476],[-47.0012,-24.348],[-47.0016,-24.348],[-47.002,-24.3484],[-47.0028,-24.3484],[-47.0032,-24.3484],[-47.0036,-24.3484],[-47.004,-24.3484],[-47.0044,-24.3484],[-47.0048,-24.3488],[-47.0052,-24.3488],[-47.0056,-24.3488],[-47.006,-24.3488],[-47.006,-24.3492],[-47.0064,-24.3492],[-47.0072,-24.3492],[-47.0072,-24.3496],[-47.0072,-24.35],[-47.0076,-24.35],[-47.0076,-24.3504],[-47.008,-24.3504],[-47.0104,-24.3504],[-47.012,-24.3504],[-47.012,-24.35],[-47.0124,-24.35],[-47.0128,-24.35],[-47.0128,-24.3492],[-47.0128,-24.348],[-47.0132,-24.348],[-47.0132,-24.3452],[-47.0136,-24.3452],[-47.0136,-24.3448],[-47.0128,-24.3448],[-47.0128,-24.3452],[-47.0116,-24.3452],[-47.0112,-24.3452],[-47.0108,-24.3456],[-47.0104,-24.3456],[-47.01,-24.3456],[-47.0096,-24.346],[-47.0092,-24.346],[-47.0088,-24.3464],[-47.0084,-24.3464],[-47.008,-24.3464],[-47.0076,-24.3464],[-47.0072,-24.3464],[-47.0068,-24.3464],[-47.0064,-24.3464],[-47.006,-24.3464],[-47.0056,-24.3464],[-47.0052,-24.3468],[-47.0048,-24.3468],[-47.0044,-24.3468],[-47.0044,-24.3464],[-47.004,-24.3464],[-47.0036,-24.3464],[-47.0028,-24.3464],[-47.0024,-24.3464],[-47.002,-24.3464],[-47.0012,-24.3464]]]}},{"type":"Feature","properties":{"dsubbc":"oceano","nome":"Drenagem direta ao oceano"},"geometry":{"type":"Polygon","coordinates":[[[-47.0132,-24.3428],[-47.0128,-24.3428],[-47.0128,-24.3432],[-47.0104,-24.3432],[-47.01,-24.3432],[-47.01,-24.3428],[-47.0076,-24.3428],[-47.0068,-24.3428],[-47.0064,-24.3428],[-47.006,-24.3428],[-47.0056,-24.3428],[-47.0056,-24.3432],[-47.0048,-24.3432],[-47.0044,-24.3436],[-47.004,-24.3436],[-47.0036,-24.3436],[-47.0032,-24.344],[-47.0024,-24.344],[-47.0024,-24.3444],[-47.0024,-24.3448],[-47.0024,-24.3452],[-47.002,-24.3456],[-47.0016,-24.3456],[-47.0012,-24.3456],[-47.0012,-24.346],[-47.0012,-24.3464],[-47.002,-24.3464],[-47.0024,-24.3464],[-47.0028,-24.3464],[-47.0036,-24.3464],[-47.004,-24.3464],[-47.0044,-24.3464],[-47.0044,-24.3468],[-47.0048,-24.3468],[-47.0052,-24.3468],[-47.0056,-24.3464],[-47.006,-24.3464],[-47.0064,-24.3464],[-47.0068,-24.3464],[-47.0072,-24.3464],[-47.0076,-24.3464],[-47.008,-24.3464],[-47.0084,-24.3464],[-47.0088,-24.3464],[-47.0092,-24.346],[-47.0096,-24.346],[-47.01,-24.3456],[-47.0104,-24.3456],[-47.0108,-24.3456],[-47.0112,-24.3452],[-47.0116,-24.3452],[-47.0128,-24.3452],[-47.0128,-24.3448],[-47.0136,-24.3448],[-47.0136,-24.3444],[-47.0136,-24.344],[-47.014,-24.344],[-47.014,-24.3432],[-47.0144,-24.3432],[-47.0136,-24.3432],[-47.0136,-24.3428],[-47.0132,-24.3428]]]}},{"type":"Feature","properties":{"dsubbc":"oceano","nome":"Drenagem direta ao oceano"},"geometry":{"type":"Polygon","coordinates":[[[-47.0024,-24.344],[-47.0032,-24.344],[-47.0036,-24.3436],[-47.004,-24.3436],[-47.0044,-24.3436],[-47.0048,-24.3432],[-47.0056,-24.3432],[-47.0056,-24.3428],[-47.006,-24.3428],[-47.0064,-24.3428],[-47.0068,-24.3428],[-47.0076,-24.3428],[-47.0076,-24.3424],[-47.0072,-24.3424],[-47.0072,-24.342],[-47.0068,-24.342],[-47.0068,-24.3416],[-47.0064,-24.3416],[-47.0064,-24.3412],[-47.006,-24.3412],[-47.006,-24.3404],[-47.0056,-24.3404],[-47.0056,-24.34],[-47.0056,-24.3396],[-47.0052,-24.3396],[-47.0052,-24.3392],[-47.0048,-24.3392],[-47.0048,-24.3388],[-47.0044,-24.3388],[-47.004,-24.3384],[-47.0036,-24.338],[-47.0032,-24.3376],[-47.0028,-24.3372],[-47.0028,-24.3376],[-47.0028,-24.338],[-47.0028,-24.3384],[-47.0024,-24.3388],[-47.0024,-24.3392],[-47.002,-24.3392],[-47.0016,-24.3396],[-47.0016,-24.34],[-47.0012,-24.34],[-47.0008,-24.34],[-47.0008,-24.3404],[-47.0008,-24.3408],[-47.0008,-24.3412],[-47.0012,-24.3416],[-47.0016,-24.3424],[-47.0016,-24.3428],[-47.002,-24.3432],[-47.002,-24.3436],[-47.0024,-24.344]]]}},{"type":"Feature","properties":{"dsubbc":"oceano","nome":"Drenagem direta ao oceano"},"geometry":{"type":"Polygon","coordinates":[[[-47.0036,-24.336],[-47.0036,-24.3364],[-47.0036,-24.3368],[-47.0032,-24.3368],[-47.0032,-24.3372],[-47.0028,-24.3372],[-47.0032,-24.3376],[-47.0036,-24.338],[-47.004,-24.3384],[-47.0044,-24.3388],[-47.0048,-24.3388],[-47.0048,-24.3392],[-47.0052,-24.3392],[-47.0052,-24.3396],[-47.0056,-24.3396],[-47.0056,-24.34],[-47.0056,-24.3404],[-47.006,-24.3404],[-47.006,-24.3412],[-47.0064,-24.3412],[-47.0064,-24.3416],[-47.0068,-24.3416],[-47.0068,-24.342],[-47.0072,-24.342],[-47.0072,-24.3424],[-47.0076,-24.3424],[-47.0076,-24.3428],[-47.01,-24.3428],[-47.01,-24.3424],[-47.0096,-24.3424],[-47.0096,-24.342],[-47.0092,-24.342],[-47.0092,-24.3408],[-47.0088,-24.3408],[-47.0088,-24.3404],[-47.0088,-24.34],[-47.0084,-24.34],[-47.008,-24.34],[-47.008,-24.3396],[-47.0076,-24.3396],[-47.0076,-24.3392],[-47.0072,-24.3392],[-47.0072,-24.3388],[-47.0068,-24.3388],[-47.0068,-24.3384],[-47.0068,-24.338],[-47.0064,-24.338],[-47.0064,-24.3376],[-47.006,-24.3376],[-47.006,-24.3372],[-47.0056,-24.3372],[-47.0056,-24.3368],[-47.0052,-24.3364],[-47.0048,-24.336],[-47.0044,-24.336],[-47.004,-24.336],[-47.0036,-24.336]]]}},{"type":"Feature","properties":{"dsubbc":"oceano","nome":"Drenagem direta ao oceano"},"geometry":{"type":"Polygon","coordinates":[[[-47.002,-24.3332],[-47.002,-24.3336],[-47.0028,-24.3344],[-47.0032,-24.3352],[-47.0032,-24.3356],[-47.0036,-24.3356],[-47.0036,-24.336],[-47.004,-24.336],[-47.0044,-24.336],[-47.0048,-24.336],[-47.0052,-24.3364],[-47.0056,-24.3368],[-47.0056,-24.3372],[-47.006,-24.3372],[-47.006,-24.3376],[-47.0064,-24.3376],[-47.0064,-24.338],[-47.0068,-24.338],[-47.0068,-24.3384],[-47.0068,-24.3388],[-47.0072,-24.3388],[-47.0072,-24.3392],[-47.0076,-24.3392],[-47.0076,-24.3396],[-47.008,-24.3396],[-47.008,-24.34],[-47.0084,-24.34],[-47.0088,-24.34],[-47.0088,-24.3404],[-47.0088,-24.3408],[-47.0092,-24.3408],[-47.0092,-24.342],[-47.0096,-24.342],[-47.0096,-24.3424],[-47.01,-24.3424],[-47.01,-24.3428],[-47.01,-24.3432],[-47.0104,-24.3432],[-47.0128,-24.3432],[-47.0128,-24.3428],[-47.0132,-24.3428],[-47.0132,-24.342],[-47.0128,-24.342],[-47.0128,-24.3404],[-47.0124,-24.3404],[-47.0124,-24.34],[-47.012,-24.34],[-47.0116,-24.3396],[-47.0116,-24.3392],[-47.0112,-24.3392],[-47.0112,-24.3388],[-47.0108,-24.3384],[-47.0104,-24.338],[-47.01,-24.3372],[-47.0096,-24.3368],[-47.0092,-24.3364],[-47.0088,-24.336],[-47.0088,-24.3356],[-47.0084,-24.3352],[-47.0076,-24.3348],[-47.0072,-24.3344],[-47.0068,-24.334],[-47.0056,-24.3336],[-47.0048,-24.3336],[-47.0036,-24.3332],[-47.0028,-24.3332],[-47.002,-24.3332]]]}},{"type":"Feature","properties":{"dsubbc":"oceano","nome":"Drenagem direta ao oceano"},"geometry":{"type":"Polygon","coordinates":[[[-46.9512,-24.2592],[-46.9504,-24.2596],[-46.9492,-24.26],[-46.9484,-24.26],[-46.9472,-24.2604],[-46.946,-24.2608],[-46.9448,-24.2616],[-46.9436,-24.2624],[-46.9416,-24.2636],[-46.9412,-24.264],[-46.94,-24.2652],[-46.9384,-24.2664],[-46.9376,-24.2672],[-46.9364,-24.268],[-46.9356,-24.2684],[-46.934,-24.2696],[-46.9336,-24.27],[-46.932,-24.2712],[-46.9308,-24.2728],[-46.9312,-24.2728],[-46.9316,-24.2736],[-46.932,-24.2736],[-46.9328,-24.274],[-46.9332,-24.2744],[-46.9336,-24.2748],[-46.934,-24.2748],[-46.934,-24.2752],[-46.9344,-24.2756],[-46.9348,-24.2756],[-46.9352,-24.276],[-46.936,-24.2764],[-46.9364,-24.2768],[-46.9372,-24.2772],[-46.9384,-24.278],[-46.9388,-24.2784],[-46.9392,-24.2788],[-46.9396,-24.2792],[-46.94,-24.2792],[-46.9416,-24.2772],[-46.944,-24.2752],[-46.946,-24.2732],[-46.9476,-24.272],[-46.9496,-24.2712],[-46.9508,-24.2708],[-46.9524,-24.2704],[-46.9544,-24.2704],[-46.9556,-24.2692],[-46.9572,-24.2684],[-46.9592,-24.2656],[-46.9612,-24.2636],[-46.9628,-24.2624],[-46.9632,-24.2624],[-46.9632,-24.262],[-46.964,-24.262],[-46.964,-24.2616],[-46.9644,-24.2616],[-46.9644,-24.2612],[-46.9648,-24.2612],[-46.9648,-24.2608],[-46.9652,-24.2608],[-46.9652,-24.2584],[-46.9648,-24.2584],[-46.9648,-24.2576],[-46.9648,-24.2572],[-46.9644,-24.2568],[-46.9632,-24.2568],[-46.9624,-24.2568],[-46.9612,-24.2572],[-46.96,-24.2572],[-46.9584,-24.2576],[-46.9568,-24.258],[-46.956,-24.2584],[-46.9548,-24.2584],[-46.954,-24.2588],[-46.9528,-24.2588],[-46.952,-24.2592],[-46.9512,-24.2592]]]}},{"type":"Feature","properties":{"dsubbc":"oceano","nome":"Drenagem direta ao oceano"},"geometry":{"type":"Polygon","coordinates":[[[-46.8808,-24.2404],[-46.8816,-24.2408],[-46.8824,-24.2416],[-46.8832,-24.2424],[-46.8844,-24.2432],[-46.8856,-24.2436],[-46.8864,-24.2444],[-46.8876,-24.2452],[-46.8884,-24.246],[-46.8892,-24.2468],[-46.8904,-24.248],[-46.8912,-24.2484],[-46.8916,-24.2488],[-46.8916,-24.2492],[-46.892,-24.2492],[-46.8924,-24.2496],[-46.8928,-24.2496],[-46.8932,-24.25],[-46.894,-24.25],[-46.8952,-24.2508],[-46.8964,-24.2516],[-46.8972,-24.252],[-46.8976,-24.2524],[-46.8984,-24.2528],[-46.8988,-24.2532],[-46.8996,-24.2536],[-46.9004,-24.254],[-46.9012,-24.2544],[-46.9028,-24.2552],[-46.9032,-24.2556],[-46.9036,-24.2556],[-46.904,-24.2556],[-46.9048,-24.2564],[-46.9052,-24.2568],[-46.906,-24.2568],[-46.9068,-24.2576],[-46.9084,-24.2584],[-46.9088,-24.2588],[-46.9092,-24.2588],[-46.9104,-24.2596],[-46.9116,-24.2604],[-46.9128,-24.2612],[-46.9128,-24.2608],[-46.9132,-24.2608],[-46.9132,-24.2604],[-46.9136,-24.2604],[-46.9136,-24.26],[-46.914,-24.26],[-46.914,-24.2596],[-46.9144,-24.2596],[-46.9144,-24.2592],[-46.9148,-24.2592],[-46.9148,-24.2588],[-46.9152,-24.2588],[-46.9152,-24.2584],[-46.9156,-24.2584],[-46.9156,-24.258],[-46.9164,-24.258],[-46.9164,-24.2576],[-46.9168,-24.2576],[-46.9168,-24.2572],[-46.9172,-24.2572],[-46.9172,-24.2568],[-46.9176,-24.2568],[-46.9176,-24.2564],[-46.918,-24.2564],[-46.918,-24.256],[-46.9184,-24.256],[-46.9184,-24.2556],[-46.916,-24.2528],[-46.9104,-24.2496],[-46.9,-24.2436],[-46.8864,-24.234],[-46.8844,-24.2348],[-46.8832,-24.2356],[-46.8824,-24.2372],[-46.8816,-24.2384],[-46.8808,-24.2404]]]}},{"type":"Feature","properties":{"dsubbc":"oceano","nome":"Drenagem direta ao oceano"},"geometry":{"type":"Polygon","coordinates":[[[-46.8416,-24.2156],[-46.842,-24.216],[-46.8428,-24.2164],[-46.844,-24.2168],[-46.8444,-24.2172],[-46.8448,-24.2172],[-46.8456,-24.2176],[-46.8464,-24.2168],[-46.8472,-24.216],[-46.8472,-24.2148],[-46.8472,-24.214],[-46.8468,-24.2136],[-46.846,-24.2132],[-46.8448,-24.2132],[-46.8436,-24.2132],[-46.8428,-24.214],[-46.8416,-24.2156]]]}},{"type":"Feature","properties":{"dsubbc":"oceano","nome":"Drenagem direta ao oceano"},"geometry":{"type":"Polygon","coordinates":[[[-46.9512,-24.2592],[-46.952,-24.2592],[-46.9528,-24.2588],[-46.954,-24.2588],[-46.9548,-24.2584],[-46.956,-24.2584],[-46.9568,-24.258],[-46.9584,-24.2576],[-46.96,-24.2572],[-46.9612,-24.2572],[-46.9624,-24.2568],[-46.9632,-24.2568],[-46.9644,-24.2568],[-46.9648,-24.2572],[-46.9648,-24.2576],[-46.9648,-24.2584],[-46.9652,-24.2584],[-46.9652,-24.2608],[-46.9648,-24.2608],[-46.9648,-24.2612],[-46.9644,-24.2612],[-46.9644,-24.2616],[-46.964,-24.2616],[-46.964,-24.262],[-46.9632,-24.262],[-46.9632,-24.2624],[-46.9628,-24.2624],[-46.9612,-24.2636],[-46.9592,-24.2656],[-46.9572,-24.2684],[-46.9556,-24.2692],[-46.9544,-24.2704],[-46.9524,-24.2704],[-46.9508,-24.2708],[-46.9496,-24.2712],[-46.9476,-24.272],[-46.946,-24.2732],[-46.944,-24.2752],[-46.9416,-24.2772],[-46.94,-24.2792],[-46.9408,-24.2796],[-46.942,-24.2808],[-46.9428,-24.2816],[-46.9436,-24.282],[-46.944,-24.2824],[-46.9452,-24.2832],[-46.9468,-24.284],[-46.9468,-24.2844],[-46.9476,-24.2848],[-46.948,-24.2852],[-46.9492,-24.286],[-46.9504,-24.2872],[-46.9508,-24.2872],[-46.9512,-24.2876],[-46.9516,-24.2876],[-46.952,-24.288],[-46.9524,-24.2884],[-46.9532,-24.2892],[-46.954,-24.2896],[-46.9548,-24.2904],[-46.9568,-24.2916],[-46.9568,-24.292],[-46.9572,-24.292],[-46.958,-24.2924],[-46.9584,-24.2928],[-46.9584,-24.2932],[-46.9588,-24.2936],[-46.9592,-24.2936],[-46.96,-24.294],[-46.9608,-24.2948],[-46.9612,-24.2952],[-46.9616,-24.2956],[-46.9624,-24.296],[-46.9632,-24.2964],[-46.9644,-24.2976],[-46.9652,-24.2984],[-46.966,-24.2988],[-46.9668,-24.2996],[-46.9672,-24.3],[-46.9676,-24.3004],[-46.968,-24.3008],[-46.9688,-24.3012],[-46.9692,-24.302],[-46.97,-24.3024],[-46.9704,-24.3028],[-46.9708,-24.3032],[-46.9712,-24.3036],[-46.9716,-24.304],[-46.9728,-24.3048],[-46.9732,-24.3052],[-46.9736,-24.3052],[-46.9736,-24.3056],[-46.974,-24.306],[-46.9748,-24.3064],[-46.976,-24.3076],[-46.9768,-24.308],[-46.9772,-24.3084],[-46.978,-24.3092],[-46.9788,-24.31],[-46.9792,-24.3104],[-46.98,-24.3104],[-46.9804,-24.3108],[-46.9812,-24.312],[-46.9824,-24.3128],[-46.9832,-24.3136],[-46.9836,-24.314],[-46.984,-24.3144],[-46.9844,-24.3148],[-46.9848,-24.3148],[-46.9856,-24.3156],[-46.986,-24.316],[-46.9868,-24.3172],[-46.9876,-24.3176],[-46.9884,-24.318],[-46.9888,-24.3184],[-46.9892,-24.3188],[-46.9908,-24.3208],[-46.9916,-24.3216],[-46.9924,-24.3224],[-46.9936,-24.3236],[-46.9944,-24.3244],[-46.9952,-24.3252],[-46.9956,-24.326],[-46.996,-24.326],[-46.9964,-24.3264],[-46.9968,-24.3272],[-46.9972,-24.3272],[-46.9988,-24.328],[-46.9992,-24.3284],[-47.0,-24.3284],[-47.0,-24.3288],[-47.0004,-24.3288],[-47.0008,-24.3292],[-47.0008,-24.3296],[-47.0008,-24.33],[-47.0008,-24.3304],[-47.0008,-24.3308],[-47.0008,-24.3312],[-47.0012,-24.332],[-47.0012,-24.3324],[-47.0012,-24.3328],[-47.0016,-24.3332],[-47.002,-24.3332],[-47.0028,-24.3332],[-47.0036,-24.3332],[-47.0048,-24.3336],[-47.0056,-24.3336],[-47.0068,-24.334],[-47.0072,-24.3344],[-47.0076,-24.3348],[-47.0084,-24.3352],[-47.0088,-24.3356],[-47.0088,-24.336],[-47.0092,-24.3364],[-47.0096,-24.3368],[-47.01,-24.3372],[-47.0104,-24.338],[-47.0108,-24.3384],[-47.0112,-24.3388],[-47.0112,-24.3392],[-47.0116,-24.3392],[-47.0116,-24.3396],[-47.012,-24.34],[-47.0124,-24.34],[-47.0124,-24.3404],[-47.0128,-24.3404],[-47.0128,-24.342],[-47.0132,-24.342],[-47.0132,-24.3428],[-47.0136,-24.3428],[-47.0136,-24.3432],[-47.0144,-24.3432],[-47.0156,-24.3432],[-47.0156,-24.3428],[-47.0176,-24.3428],[-47.0176,-24.3432],[-47.0184,-24.3432],[-47.0188,-24.3432],[-47.0196,-24.3432],[-47.0196,-24.3436],[-47.0208,-24.3436],[-47.0208,-24.344],[-47.0216,-24.344],[-47.0228,-24.344],[-47.0228,-24.3444],[-47.0236,-24.3444],[-47.0236,-24.3448],[-47.024,-24.3448],[-47.024,-24.3452],[-47.0244,-24.3452],[-47.0244,-24.346],[-47.0248,-24.346],[-47.0248,-24.3464],[-47.0252,-24.3464],[-47.0252,-24.3468],[-47.0256,-24.3468],[-47.0256,-24.3472],[-47.0264,-24.3472],[-47.0276,-24.3472],[-47.0276,-24.3476],[-47.028,-24.3476],[-47.028,-24.348],[-47.0284,-24.348],[-47.0292,-24.348],[-47.0296,-24.348],[-47.03,-24.348],[-47.03,-24.3476],[-47.0308,-24.3476],[-47.0308,-24.3472],[-47.0312,-24.3472],[-47.0316,-24.3472],[-47.0316,-24.3468],[-47.0316,-24.3464],[-47.0332,-24.3464],[-47.0332,-24.346],[-47.0336,-24.346],[-47.034,-24.346],[-47.034,-24.3456],[-47.0344,-24.3456],[-47.0344,-24.3452],[-47.0348,-24.3452],[-47.0348,-24.3444],[-47.0352,-24.3444],[-47.0352,-24.344],[-47.0356,-24.344],[-47.0356,-24.3436],[-47.0356,-24.3432],[-47.0364,-24.3432],[-47.0376,-24.3432],[-47.038,-24.3432],[-47.0384,-24.3432],[-47.0384,-24.3436],[-47.0392,-24.3436],[-47.0392,-24.344],[-47.0396,-24.344],[-47.0416,-24.344],[-47.0416,-24.3444],[-47.0424,-24.3444],[-47.0424,-24.344],[-47.046,-24.344],[-47.046,-24.3444],[-47.0464,-24.3444],[-47.0464,-24.3448],[-47.0484,-24.3448],[-47.0484,-24.3444],[-47.0488,-24.3444],[-47.0488,-24.344],[-47.0492,-24.344],[-47.0496,-24.344],[-47.0496,-24.3436],[-47.0504,-24.3436],[-47.0504,-24.344],[-47.0516,-24.344],[-47.0516,-24.3444],[-47.0516,-24.3448],[-47.0524,-24.3448],[-47.0524,-24.3452],[-47.0528,-24.3452],[-47.0536,-24.3452],[-47.0536,-24.3456],[-47.0544,-24.3456],[-47.0544,-24.346],[-47.0588,-24.346],[-47.0612,-24.346],[-47.062,-24.346],[-47.062,-24.3456],[-47.0624,-24.3456],[-47.0624,-24.3452],[-47.0632,-24.3452],[-47.0636,-24.3452],[-47.0636,-24.3448],[-47.064,-24.3448],[-47.064,-24.3444],[-47.0644,-24.3444],[-47.0644,-24.344],[-47.0652,-24.344],[-47.0652,-24.3436],[-47.0664,-24.3436],[-47.0664,-24.3432],[-47.0684,-24.3432],[-47.0684,-24.3436],[-47.0712,-24.3436],[-47.0712,-24.344],[-47.0724,-24.344],[-47.0724,-24.3436],[-47.0724,-24.3432],[-47.0732,-24.3432],[-47.0736,-24.3432],[-47.0736,-24.3428],[-47.0744,-24.3428],[-47.0744,-24.3432],[-47.0752,-24.3432],[-47.0756,-24.3432],[-47.0756,-24.3436],[-47.0768,-24.3436],[-47.0768,-24.344],[-47.0772,-24.344],[-47.0772,-24.3444],[-47.078,-24.3444],[-47.078,-24.3448],[-47.0792,-24.3448],[-47.0792,-24.3452],[-47.0804,-24.3452],[-47.0808,-24.3452],[-47.0808,-24.3456],[-47.0812,-24.3456],[-47.0812,-24.346],[-47.082,-24.346],[-47.0824,-24.346],[-47.0824,-24.3464],[-47.0832,-24.3464],[-47.0832,-24.3468],[-47.0836,-24.3468],[-47.0836,-24.3472],[-47.084,-24.3472],[-47.0844,-24.3472],[-47.0844,-24.3476],[-47.0852,-24.3476],[-47.0852,-24.348],[-47.0856,-24.348],[-47.0864,-24.348],[-47.0864,-24.3484],[-47.0868,-24.3484],[-47.0868,-24.3488],[-47.0872,-24.3488],[-47.0872,-24.3492],[-47.0884,-24.3492],[-47.0884,-24.3496],[-47.0884,-24.35],[-47.0888,-24.35],[-47.0888,-24.3504],[-47.0892,-24.3504],[-47.0892,-24.3508],[-47.0892,-24.3512],[-47.0896,-24.3512],[-47.0896,-24.3516],[-47.09,-24.3516],[-47.09,-24.352],[-47.0904,-24.352],[-47.0904,-24.3524],[-47.0912,-24.3524],[-47.0912,-24.3528],[-47.0928,-24.3528],[-47.0928,-24.3532],[-47.094,-24.3532],[-47.0948,-24.3532],[-47.0948,-24.3536],[-47.0952,-24.3536],[-47.0952,-24.354],[-47.096,-24.354],[-47.0972,-24.354],[-47.098,-24.354],[-47.1,-24.354],[-47.1,-24.3544],[-47.1012,-24.3544],[-47.1012,-24.354],[-47.1032,-24.354],[-47.1036,-24.354],[-47.1036,-24.3536],[-47.104,-24.3536],[-47.104,-24.3532],[-47.1044,-24.3532],[-47.1044,-24.3528],[-47.106,-24.3528],[-47.106,-24.3524],[-47.106,-24.352],[-47.1064,-24.352],[-47.1068,-24.352],[-47.1068,-24.3516],[-47.1072,-24.3516],[-47.1072,-24.3512],[-47.1076,-24.3512],[-47.1076,-24.3508],[-47.108,-24.3508],[-47.108,-24.3504],[-47.1076,-24.3504],[-47.1072,-24.3504],[-47.1072,-24.35],[-47.1068,-24.35],[-47.1068,-24.3496],[-47.1064,-24.3496],[-47.1064,-24.3492],[-47.106,-24.3492],[-47.106,-24.3484],[-47.1056,-24.3484],[-47.1056,-24.346],[-47.106,-24.346],[-47.106,-24.3456],[-47.1064,-24.3456],[-47.1056,-24.3456],[-47.1056,-24.3452],[-47.1048,-24.3452],[-47.1048,-24.3444],[-47.1048,-24.3436],[-47.1044,-24.3436],[-47.104,-24.3436],[-47.104,-24.3432],[-47.1036,-24.3432],[-47.1036,-24.3428],[-47.1036,-24.3424],[-47.1032,-24.3424],[-47.1032,-24.342],[-47.1028,-24.342],[-47.1028,-24.3416],[-47.1028,-24.3404],[-47.1032,-24.3404],[-47.104,-24.3404],[-47.104,-24.34],[-47.1048,-24.34],[-47.1048,-24.3396],[-47.1052,-24.3396],[-47.1052,-24.3392],[-47.1056,-24.3392],[-47.1056,-24.3384],[-47.1056,-24.338],[-47.106,-24.338],[-47.106,-24.3376],[-47.1064,-24.3376],[-47.1068,-24.3376],[-47.1068,-24.3372],[-47.1068,-24.3368],[-47.1072,-24.3368],[-47.1072,-24.3364],[-47.1076,-24.3364],[-47.1076,-24.336],[-47.108,-24.336],[-47.108,-24.3356],[-47.1088,-24.3356],[-47.1088,-24.336],[-47.1096,-24.336],[-47.1096,-24.3364],[-47.1104,-24.3364],[-47.1108,-24.3364],[-47.1108,-24.336],[-47.1112,-24.336],[-47.1112,-24.3356],[-47.1116,-24.3356],[-47.112,-24.3356],[-47.112,-24.3352],[-47.1128,-24.3352],[-47.1128,-24.3348],[-47.1136,-24.3348],[-47.1136,-24.3344],[-47.114,-24.3344],[-47.114,-24.3336],[-47.1136,-24.3336],[-47.1136,-24.3328],[-47.1132,-24.3328],[-47.1132,-24.3324],[-47.1128,-24.3324],[-47.1128,-24.3296],[-47.1128,-24.3284],[-47.1132,-24.3284],[-47.1136,-24.3284],[-47.1136,-24.328],[-47.114,-24.328],[-47.114,-24.3276],[-47.1148,-24.3276],[-47.1152,-24.3276],[-47.1156,-24.3276],[-47.1156,-24.3272],[-47.1164,-24.3272],[-47.1164,-24.3264],[-47.1168,-24.3264],[-47.1168,-24.326],[-47.1168,-24.3256],[-47.1172,-24.3256],[-47.1176,-24.3256],[-47.1176,-24.3252],[-47.1176,-24.3248],[-47.118,-24.3248],[-47.1176,-24.3248],[-47.1176,-24.3244],[-47.1176,-24.324],[-47.1172,-24.324],[-47.1172,-24.3236],[-47.1168,-24.3236],[-47.1168,-24.3232],[-47.1164,-24.3232],[-47.1164,-24.3228],[-47.116,-24.3228],[-47.1156,-24.3228],[-47.1156,-24.3224],[-47.1156,-24.322],[-47.1152,-24.322],[-47.1152,-24.3204],[-47.1148,-24.3204],[-47.1148,-24.32],[-47.1148,-24.3196],[-47.1144,-24.3196],[-47.1144,-24.3188],[-47.1136,-24.3188],[-47.1136,-24.318],[-47.1132,-24.318],[-47.1132,-24.3176],[-47.1128,-24.3176],[-47.1128,-24.3172],[-47.1132,-24.3172],[-47.1132,-24.3168],[-47.1136,-24.3168],[-47.1136,-24.316],[-47.1136,-24.3156],[-47.114,-24.3156],[-47.114,-24.3152],[-47.1144,-24.3152],[-47.1148,-24.3152],[-47.1148,-24.314],[-47.1148,-24.3132],[-47.1152,-24.3132],[-47.1152,-24.3128],[-47.1152,-24.3124],[-47.1156,-24.3124],[-47.1156,-24.312],[-47.1156,-24.3116],[-47.116,-24.3116],[-47.116,-24.3104],[-47.116,-24.3092],[-47.1156,-24.3092],[-47.1156,-24.3088],[-47.116,-24.3088],[-47.1164,-24.3088],[-47.1168,-24.3088],[-47.1168,-24.3084],[-47.1168,-24.308],[-47.1176,-24.308],[-47.1176,-24.3076],[-47.1196,-24.3076],[-47.1196,-24.3072],[-47.12,-24.3072],[-47.1208,-24.3072],[-47.1208,-24.3068],[-47.1212,-24.3068],[-47.1216,-24.3068],[-47.1216,-24.3064],[-47.1216,-24.306],[-47.122,-24.306],[-47.1228,-24.306],[-47.1228,-24.3056],[-47.1256,-24.3056],[-47.1256,-24.306],[-47.1264,-24.306],[-47.1264,-24.3056],[-47.1268,-24.3056],[-47.1272,-24.3056],[-47.1272,-24.3052],[-47.1276,-24.3052],[-47.1276,-24.3048],[-47.128,-24.3048],[-47.1296,-24.3048],[-47.1296,-24.3052],[-47.13,-24.3052],[-47.13,-24.3056],[-47.1304,-24.3056],[-47.1308,-24.3056],[-47.1308,-24.306],[-47.1316,-24.306],[-47.1316,-24.3064],[-47.1328,-24.3064],[-47.1328,-24.306],[-47.1332,-24.306],[-47.1332,-24.3056],[-47.1336,-24.3056],[-47.134,-24.3056],[-47.134,-24.3052],[-47.1344,-24.3052],[-47.1344,-24.3048],[-47.1348,-24.3048],[-47.1356,-24.3048],[-47.1376,-24.3048],[-47.1376,-24.3044],[-47.138,-24.3044],[-47.1388,-24.3044],[-47.1388,-24.304],[-47.1396,-24.304],[-47.1396,-24.3036],[-47.14,-24.3036],[-47.14,-24.3024],[-47.1396,-24.3024],[-47.1396,-24.3016],[-47.1396,-24.3012],[-47.1392,-24.3012],[-47.1392,-24.3008],[-47.1388,-24.3008],[-47.1388,-24.3004],[-47.1384,-24.3004],[-47.1384,-24.3],[-47.1376,-24.3],[-47.1376,-24.2976],[-47.1372,-24.2976],[-47.1372,-24.2972],[-47.1368,-24.2972],[-47.1368,-24.2968],[-47.1372,-24.2968],[-47.1376,-24.2968],[-47.1376,-24.2956],[-47.1376,-24.294],[-47.1372,-24.294],[-47.1372,-24.2936],[-47.1368,-24.2936],[-47.1364,-24.2936],[-47.1364,-24.2928],[-47.136,-24.2928],[-47.136,-24.2924],[-47.1356,-24.2924],[-47.1356,-24.292],[-47.1352,-24.292],[-47.1352,-24.2896],[-47.1356,-24.2896],[-47.1356,-24.2884],[-47.1352,-24.2884],[-47.1352,-24.288],[-47.1348,-24.288],[-47.134,-24.288],[-47.134,-24.2876],[-47.1316,-24.2876],[-47.1316,-24.2872],[-47.1288,-24.2872],[-47.1288,-24.2876],[-47.1288,-24.288],[-47.1284,-24.288],[-47.128,-24.288],[-47.128,-24.2884],[-47.1276,-24.2884],[-47.1276,-24.2888],[-47.1268,-24.2888],[-47.1268,-24.2884],[-47.1264,-24.2884],[-47.1264,-24.288],[-47.1256,-24.288],[-47.1256,-24.2876],[-47.1232,-24.2876],[-47.1232,-24.288],[-47.1228,-24.288],[-47.1228,-24.2884],[-47.1224,-24.2884],[-47.1224,-24.2888],[-47.122,-24.2888],[-47.122,-24.2892],[-47.122,-24.2896],[-47.1216,-24.2896],[-47.1196,-24.2896],[-47.1196,-24.2892],[-47.1196,-24.2888],[-47.1188,-24.2888],[-47.1188,-24.2884],[-47.1188,-24.288],[-47.1168,-24.288],[-47.1168,-24.2884],[-47.1164,-24.2884],[-47.1164,-24.2888],[-47.116,-24.2888],[-47.116,-24.2892],[-47.116,-24.2896],[-47.1156,-24.2896],[-47.1156,-24.29],[-47.1152,-24.29],[-47.1136,-24.29],[-47.1136,-24.2904],[-47.1124,-24.2904],[-47.1124,-24.29],[-47.112,-24.29],[-47.1116,-24.29],[-47.1112,-24.29],[-47.1108,-24.29],[-47.1108,-24.2904],[-47.1104,-24.2904],[-47.1104,-24.2908],[-47.11,-24.2908],[-47.1096,-24.2908],[-47.1096,-24.2912],[-47.1096,-24.2908],[-47.1092,-24.2908],[-47.1076,-24.2908],[-47.1076,-24.2904],[-47.1072,-24.2904],[-47.1072,-24.29],[-47.1068,-24.29],[-47.1064,-24.29],[-47.1056,-24.2896],[-47.1048,-24.2896],[-47.1048,-24.29],[-47.1048,-24.2896],[-47.1044,-24.2896],[-47.1044,-24.2892],[-47.104,-24.2892],[-47.104,-24.2888],[-47.1036,-24.2888],[-47.1032,-24.2888],[-47.1012,-24.2888],[-47.1012,-24.2892],[-47.0996,-24.2892],[-47.0996,-24.2888],[-47.0984,-24.2888],[-47.0976,-24.2888],[-47.0976,-24.2884],[-47.0972,-24.2884],[-47.0968,-24.2884],[-47.0968,-24.2888],[-47.0956,-24.2888],[-47.0948,-24.2888],[-47.0948,-24.2884],[-47.0944,-24.2884],[-47.0944,-24.288],[-47.0932,-24.288],[-47.0924,-24.288],[-47.0924,-24.2876],[-47.0912,-24.2876],[-47.0912,-24.2872],[-47.0908,-24.2872],[-47.0908,-24.2868],[-47.0908,-24.2848],[-47.0904,-24.2848],[-47.0904,-24.2844],[-47.09,-24.2844],[-47.09,-24.284],[-47.09,-24.2836],[-47.0896,-24.2836],[-47.0896,-24.2828],[-47.0892,-24.2828],[-47.0888,-24.2828],[-47.0888,-24.282],[-47.0888,-24.2816],[-47.088,-24.2816],[-47.088,-24.2812],[-47.0876,-24.2812],[-47.0876,-24.2808],[-47.0872,-24.2808],[-47.0868,-24.2808],[-47.086,-24.2808],[-47.086,-24.2804],[-47.0856,-24.2804],[-47.0856,-24.28],[-47.0844,-24.28],[-47.084,-24.28],[-47.084,-24.2796],[-47.0836,-24.2796],[-47.0836,-24.2792],[-47.0828,-24.2792],[-47.0828,-24.2788],[-47.082,-24.2788],[-47.082,-24.2784],[-47.0816,-24.2784],[-47.0816,-24.278],[-47.078,-24.278],[-47.078,-24.2784],[-47.0776,-24.2784],[-47.0776,-24.2788],[-47.078,-24.2788],[-47.078,-24.2792],[-47.0776,-24.2792],[-47.0776,-24.2796],[-47.0772,-24.2796],[-47.0772,-24.28],[-47.0768,-24.28],[-47.0768,-24.2804],[-47.0768,-24.282],[-47.0764,-24.282],[-47.0764,-24.2824],[-47.076,-24.2824],[-47.076,-24.2828],[-47.0748,-24.2828],[-47.0744,-24.2828],[-47.0744,-24.2824],[-47.074,-24.2824],[-47.074,-24.282],[-47.0736,-24.282],[-47.0732,-24.282],[-47.0732,-24.2812],[-47.0728,-24.2812],[-47.0728,-24.2808],[-47.0704,-24.2808],[-47.0704,-24.2804],[-47.0696,-24.2804],[-47.0696,-24.28],[-47.068,-24.28],[-47.068,-24.2804],[-47.0676,-24.2804],[-47.0676,-24.2808],[-47.0656,-24.2808],[-47.0656,-24.2804],[-47.0648,-24.2804],[-47.0644,-24.2804],[-47.0644,-24.28],[-47.0624,-24.28],[-47.0624,-24.2796],[-47.062,-24.2796],[-47.0616,-24.2796],[-47.0616,-24.2788],[-47.0612,-24.2788],[-47.0612,-24.2784],[-47.0608,-24.2784],[-47.0608,-24.278],[-47.0604,-24.278],[-47.06,-24.278],[-47.06,-24.2776],[-47.06,-24.2764],[-47.0596,-24.2764],[-47.0596,-24.276],[-47.0592,-24.276],[-47.0592,-24.2752],[-47.0588,-24.2752],[-47.0588,-24.2748],[-47.0584,-24.2748],[-47.058,-24.2748],[-47.058,-24.2744],[-47.058,-24.274],[-47.0572,-24.274],[-47.056,-24.274],[-47.056,-24.2736],[-47.0532,-24.2736],[-47.0532,-24.2732],[-47.0532,-24.2728],[-47.0524,-24.2728],[-47.052,-24.2728],[-47.052,-24.2708],[-47.0528,-24.2708],[-47.0528,-24.2704],[-47.0532,-24.2704],[-47.0532,-24.27],[-47.054,-24.27],[-47.054,-24.2696],[-47.0544,-24.2696],[-47.0544,-24.2692],[-47.0548,-24.2692],[-47.0548,-24.2688],[-47.0552,-24.2688],[-47.0552,-24.268],[-47.0556,-24.268],[-47.0556,-24.2676],[-47.056,-24.2676],[-47.056,-24.2664],[-47.056,-24.266],[-47.0564,-24.266],[-47.0564,-24.2652],[-47.0568,-24.2652],[-47.0568,-24.2648],[-47.0572,-24.2648],[-47.0572,-24.264],[-47.0572,-24.262],[-47.0568,-24.262],[-47.0568,-24.2616],[-47.056,-24.2616],[-47.056,-24.2604],[-47.056,-24.2592],[-47.0556,-24.2592],[-47.0556,-24.2588],[-47.0552,-24.2588],[-47.0552,-24.2584],[-47.0552,-24.258],[-47.0548,-24.258],[-47.0544,-24.258],[-47.0544,-24.2576],[-47.054,-24.2576],[-47.054,-24.2572],[-47.054,-24.2568],[-47.0536,-24.2568],[-47.0536,-24.2564],[-47.0532,-24.2564],[-47.0532,-24.256],[-47.0532,-24.2556],[-47.0528,-24.2556],[-47.0528,-24.2552],[-47.052,-24.2552],[-47.052,-24.2548],[-47.0516,-24.2548],[-47.0516,-24.2544],[-47.0512,-24.2544],[-47.0512,-24.254],[-47.0512,-24.2532],[-47.0508,-24.2532],[-47.0504,-24.2532],[-47.0504,-24.2528],[-47.05,-24.2528],[-47.05,-24.2524],[-47.05,-24.252],[-47.0496,-24.252],[-47.0496,-24.2516],[-47.0492,-24.2516],[-47.0492,-24.2512],[-47.0488,-24.2512],[-47.0484,-24.2512],[-47.0484,-24.2508],[-47.048,-24.2508],[-47.048,-24.2504],[-47.048,-24.25],[-47.0472,-24.25],[-47.0468,-24.25],[-47.046,-24.25],[-47.0452,-24.25],[-47.0452,-24.2496],[-47.0452,-24.248],[-47.0456,-24.248],[-47.046,-24.248],[-47.046,-24.2472],[-47.046,-24.2464],[-47.0464,-24.2464],[-47.0464,-24.2452],[-47.046,-24.2452],[-47.046,-24.2448],[-47.046,-24.2444],[-47.0456,-24.2444],[-47.0456,-24.244],[-47.0452,-24.244],[-47.0452,-24.2436],[-47.0444,-24.2436],[-47.0444,-24.2432],[-47.044,-24.2432],[-47.044,-24.2428],[-47.0436,-24.2428],[-47.0436,-24.2408],[-47.044,-24.2408],[-47.044,-24.2396],[-47.0436,-24.2396],[-47.0436,-24.2392],[-47.0432,-24.2392],[-47.0432,-24.2384],[-47.0428,-24.2384],[-47.0428,-24.238],[-47.0424,-24.238],[-47.042,-24.238],[-47.042,-24.2376],[-47.042,-24.2372],[-47.0416,-24.2372],[-47.0412,-24.2372],[-47.0412,-24.2368],[-47.0412,-24.2364],[-47.0408,-24.2364],[-47.0408,-24.236],[-47.0404,-24.236],[-47.04,-24.236],[-47.04,-24.2356],[-47.04,-24.2352],[-47.0396,-24.2352],[-47.0396,-24.2348],[-47.0392,-24.2348],[-47.0392,-24.234],[-47.0388,-24.234],[-47.038,-24.234],[-47.038,-24.2336],[-47.0372,-24.2336],[-47.0372,-24.2332],[-47.0356,-24.2332],[-47.0352,-24.2332],[-47.0352,-24.2328],[-47.0344,-24.2328],[-47.0344,-24.2324],[-47.034,-24.2324],[-47.034,-24.232],[-47.032,-24.232],[-47.0312,-24.232],[-47.0312,-24.2316],[-47.0312,-24.2312],[-47.0308,-24.2312],[-47.0308,-24.2304],[-47.0304,-24.2304],[-47.0304,-24.23],[-47.03,-24.23],[-47.03,-24.2288],[-47.03,-24.2272],[-47.0296,-24.2256],[-47.0292,-24.2252],[-47.028,-24.224],[-47.0272,-24.2236],[-47.0272,-24.2224],[-47.0268,-24.222],[-47.026,-24.222],[-47.0244,-24.2228],[-47.0244,-24.2224],[-47.024,-24.2224],[-47.024,-24.222],[-47.0224,-24.222],[-47.0224,-24.2224],[-47.0184,-24.2224],[-47.0184,-24.222],[-47.0176,-24.222],[-47.0176,-24.2216],[-47.0172,-24.2216],[-47.0172,-24.2212],[-47.0168,-24.2212],[-47.0168,-24.2208],[-47.0164,-24.2208],[-47.0164,-24.2204],[-47.016,-24.2204],[-47.016,-24.22],[-47.0148,-24.22],[-47.0128,-24.22],[-47.0128,-24.2196],[-47.012,-24.2196],[-47.012,-24.2192],[-47.0116,-24.2192],[-47.0116,-24.2188],[-47.0112,-24.2188],[-47.0112,-24.2184],[-47.0108,-24.2184],[-47.0108,-24.218],[-47.0092,-24.218],[-47.0076,-24.218],[-47.0068,-24.218],[-47.0068,-24.2184],[-47.006,-24.2184],[-47.006,-24.2188],[-47.0056,-24.2188],[-47.0052,-24.2188],[-47.004,-24.2188],[-47.0036,-24.2188],[-47.0036,-24.2192],[-47.0032,-24.2192],[-47.0032,-24.2196],[-47.002,-24.2196],[-47.002,-24.22],[-47.0012,-24.22],[-47.0012,-24.2196],[-46.9976,-24.2196],[-46.9976,-24.22],[-46.9968,-24.22],[-46.9956,-24.22],[-46.9936,-24.22],[-46.9932,-24.22],[-46.9932,-24.2196],[-46.9928,-24.2196],[-46.9928,-24.22],[-46.9924,-24.22],[-46.992,-24.22],[-46.992,-24.2204],[-46.9908,-24.2204],[-46.9908,-24.2208],[-46.9896,-24.2208],[-46.9884,-24.2208],[-46.9884,-24.2212],[-46.988,-24.2212],[-46.988,-24.2216],[-46.9876,-24.2216],[-46.9876,-24.222],[-46.986,-24.222],[-46.9836,-24.222],[-46.9824,-24.2216],[-46.9796,-24.2216],[-46.9784,-24.2212],[-46.976,-24.2212],[-46.976,-24.2216],[-46.9732,-24.2216],[-46.9732,-24.222],[-46.972,-24.222],[-46.972,-24.2216],[-46.9716,-24.2216],[-46.9716,-24.2204],[-46.972,-24.2204],[-46.9708,-24.2196],[-46.97,-24.2188],[-46.9692,-24.2184],[-46.968,-24.2176],[-46.9664,-24.2172],[-46.9644,-24.216],[-46.9624,-24.2148],[-46.9608,-24.2136],[-46.9592,-24.2124],[-46.958,-24.212],[-46.9556,-24.212],[-46.9532,-24.2112],[-46.9512,-24.2116],[-46.9492,-24.2132],[-46.948,-24.2148],[-46.9468,-24.2172],[-46.9468,-24.2192],[-46.9456,-24.2204],[-46.9436,-24.222],[-46.9428,-24.2228],[-46.9408,-24.2248],[-46.9392,-24.2272],[-46.9388,-24.2296],[-46.9388,-24.2316],[-46.9384,-24.2344],[-46.9392,-24.2364],[-46.9404,-24.2384],[-46.9404,-24.24],[-46.9404,-24.242],[-46.9408,-24.2436],[-46.9412,-24.2456],[-46.9412,-24.2476],[-46.942,-24.2492],[-46.942,-24.2504],[-46.9428,-24.2516],[-46.9432,-24.252],[-46.9436,-24.2524],[-46.944,-24.2532],[-46.9444,-24.2536],[-46.9452,-24.254],[-46.9456,-24.2548],[-46.946,-24.2552],[-46.9464,-24.2556],[-46.9468,-24.256],[-46.9472,-24.2564],[-46.9476,-24.2568],[-46.9484,-24.2576],[-46.9488,-24.258],[-46.95,-24.2584],[-46.9504,-24.2588],[-46.9512,-24.2592]]]}},{"type":"Feature","properties":{"dsubbc":"oceano","nome":"Drenagem direta ao oceano"},"geometry":{"type":"Polygon","coordinates":[[[-46.7976,-24.1856],[-46.798,-24.1868],[-46.7984,-24.1872],[-46.7984,-24.1876],[-46.7984,-24.188],[-46.798,-24.1884],[-46.7988,-24.1892],[-46.8,-24.19],[-46.8012,-24.1904],[-46.8016,-24.1904],[-46.8024,-24.1904],[-46.8032,-24.1908],[-46.8036,-24.1908],[-46.804,-24.1912],[-46.8044,-24.1916],[-46.8048,-24.1916],[-46.8052,-24.192],[-46.8056,-24.192],[-46.8056,-24.1924],[-46.806,-24.1928],[-46.806,-24.1932],[-46.8064,-24.1936],[-46.8068,-24.194],[-46.8068,-24.1944],[-46.8072,-24.1948],[-46.8076,-24.1952],[-46.808,-24.1956],[-46.8084,-24.196],[-46.8088,-24.1964],[-46.8096,-24.1964],[-46.8104,-24.1968],[-46.8112,-24.1972],[-46.812,-24.1972],[-46.8128,-24.1972],[-46.8132,-24.1972],[-46.8136,-24.1972],[-46.8144,-24.1976],[-46.8152,-24.1976],[-46.8156,-24.1976],[-46.8164,-24.1976],[-46.8172,-24.1976],[-46.818,-24.1976],[-46.8188,-24.1976],[-46.82,-24.1976],[-46.8208,-24.1976],[-46.822,-24.1976],[-46.8236,-24.1976],[-46.824,-24.1976],[-46.8244,-24.1984],[-46.8256,-24.1988],[-46.8272,-24.1988],[-46.828,-24.1988],[-46.8292,-24.1988],[-46.8304,-24.1984],[-46.8304,-24.1968],[-46.8304,-24.1964],[-46.8304,-24.1956],[-46.8304,-24.1948],[-46.8308,-24.194],[-46.8312,-24.1936],[-46.832,-24.1928],[-46.8328,-24.1924],[-46.8336,-24.1916],[-46.834,-24.1912],[-46.8344,-24.19],[-46.8344,-24.1896],[-46.8348,-24.1884],[-46.8348,-24.1876],[-46.8352,-24.1868],[-46.8356,-24.1864],[-46.8368,-24.1856],[-46.8372,-24.1848],[-46.8376,-24.1844],[-46.838,-24.1836],[-46.8384,-24.1832],[-46.8388,-24.1824],[-46.84,-24.1824],[-46.8408,-24.1828],[-46.842,-24.1836],[-46.8424,-24.184],[-46.8432,-24.1848],[-46.8436,-24.1852],[-46.844,-24.186],[-46.8444,-24.1864],[-46.8448,-24.1872],[-46.8452,-24.188],[-46.8456,-24.1888],[-46.846,-24.1892],[-46.8464,-24.1896],[-46.8468,-24.19],[-46.8472,-24.19],[-46.8476,-24.19],[-46.8476,-24.1904],[-46.848,-24.1904],[-46.8484,-24.1904],[-46.8488,-24.19],[-46.8492,-24.1896],[-46.8488,-24.1892],[-46.8488,-24.1884],[-46.8488,-24.188],[-46.8488,-24.1872],[-46.8484,-24.1864],[-46.848,-24.1856],[-46.848,-24.1852],[-46.8476,-24.1844],[-46.8472,-24.184],[-46.8468,-24.1836],[-46.846,-24.1832],[-46.8452,-24.1828],[-46.8448,-24.1824],[-46.8444,-24.182],[-46.844,-24.182],[-46.8436,-24.1816],[-46.8432,-24.1812],[-46.8428,-24.1808],[-46.842,-24.1804],[-46.8416,-24.18],[-46.8408,-24.1796],[-46.84,-24.1796],[-46.8396,-24.1796],[-46.8388,-24.1792],[-46.838,-24.1792],[-46.8376,-24.1796],[-46.8372,-24.18],[-46.8368,-24.1804],[-46.8368,-24.1808],[-46.8364,-24.1812],[-46.8364,-24.1816],[-46.8356,-24.1824],[-46.8352,-24.1828],[-46.8344,-24.1836],[-46.8336,-24.1836],[-46.8328,-24.1836],[-46.8324,-24.1836],[-46.8316,-24.1836],[-46.8304,-24.1836],[-46.8296,-24.1832],[-46.8288,-24.1832],[-46.828,-24.1832],[-46.8272,-24.1832],[-46.8264,-24.1832],[-46.8252,-24.1832],[-46.8244,-24.184],[-46.824,-24.1844],[-46.8236,-24.1852],[-46.8232,-24.186],[-46.8228,-24.1864],[-46.8224,-24.1868],[-46.8216,-24.1868],[-46.8216,-24.1876],[-46.8216,-24.188],[-46.8216,-24.1888],[-46.8212,-24.1892],[-46.8212,-24.19],[-46.8212,-24.1904],[-46.8208,-24.1908],[-46.8204,-24.1916],[-46.8196,-24.1928],[-46.8192,-24.1932],[-46.8188,-24.1936],[-46.818,-24.1944],[-46.8172,-24.1944],[-46.8164,-24.1944],[-46.8156,-24.1948],[-46.8152,-24.1948],[-46.8148,-24.1948],[-46.8136,-24.1948],[-46.8128,-24.1948],[-46.8124,-24.1944],[-46.812,-24.1944],[-46.8116,-24.194],[-46.8112,-24.1936],[-46.8108,-24.1932],[-46.8108,-24.1928],[-46.8108,-24.1924],[-46.8104,-24.1916],[-46.8104,-24.1912],[-46.8104,-24.1908],[-46.8104,-24.1904],[-46.81,-24.19],[-46.81,-24.1896],[-46.81,-24.1888],[-46.81,-24.1884],[-46.81,-24.188],[-46.8096,-24.1876],[-46.8096,-24.1872],[-46.8096,-24.1864],[-46.8096,-24.186],[-46.8092,-24.1856],[-46.8084,-24.1852],[-46.808,-24.1856],[-46.8076,-24.186],[-46.8068,-24.1864],[-46.8064,-24.1864],[-46.806,-24.1864],[-46.8056,-24.1864],[-46.8052,-24.186],[-46.8048,-24.186],[-46.804,-24.1852],[-46.8032,-24.1852],[-46.8028,-24.1848],[-46.8024,-24.1844],[-46.802,-24.184],[-46.8012,-24.184],[-46.8008,-24.184],[-46.7996,-24.184],[-46.7992,-24.184],[-46.7988,-24.1844],[-46.7984,-24.1852],[-46.7976,-24.1856]]]}},{"type":"Feature","properties":{"dsubbc":"oceano","nome":"Drenagem direta ao oceano"},"geometry":{"type":"Polygon","coordinates":[[[-46.7968,-24.1828],[-46.7964,-24.1824],[-46.7964,-24.182],[-46.7964,-24.1812],[-46.7964,-24.1804],[-46.7964,-24.18],[-46.7968,-24.1796],[-46.7976,-24.1788],[-46.7984,-24.1784],[-46.7992,-24.178],[-46.8008,-24.1772],[-46.8032,-24.176],[-46.8036,-24.1756],[-46.804,-24.1752],[-46.804,-24.1748],[-46.804,-24.1744],[-46.8036,-24.174],[-46.8032,-24.1736],[-46.8028,-24.1732],[-46.8024,-24.1732],[-46.802,-24.1732],[-46.8008,-24.1732],[-46.8004,-24.1728],[-46.8004,-24.1724],[-46.8004,-24.172],[-46.8008,-24.172],[-46.8008,-24.1716],[-46.802,-24.1712],[-46.8024,-24.1708],[-46.8028,-24.1704],[-46.8032,-24.17],[-46.8032,-24.1696],[-46.8036,-24.1692],[-46.8016,-24.1684],[-46.8004,-24.168],[-46.8,-24.1676],[-46.7992,-24.1676],[-46.7984,-24.1676],[-46.7968,-24.1676],[-46.7948,-24.1676],[-46.7936,-24.1676],[-46.7924,-24.1676],[-46.7916,-24.1676],[-46.7908,-24.168],[-46.7904,-24.168],[-46.7892,-24.1684],[-46.7884,-24.1692],[-46.7876,-24.1696],[-46.7868,-24.1696],[-46.786,-24.168],[-46.7848,-24.1672],[-46.7832,-24.1672],[-46.7824,-24.1672],[-46.7812,-24.168],[-46.7812,-24.1684],[-46.7812,-24.17],[-46.782,-24.1708],[-46.7832,-24.172],[-46.7844,-24.1732],[-46.7856,-24.1744],[-46.7868,-24.176],[-46.7876,-24.178],[-46.7884,-24.1796],[-46.7892,-24.1812],[-46.7904,-24.1828],[-46.7912,-24.1832],[-46.7928,-24.1832],[-46.7948,-24.1832],[-46.7968,-24.1828]]]}},{"type":"Feature","properties":{"dsubbc":"oceano","nome":"Drenagem direta ao oceano"},"geometry":{"type":"Polygon","coordinates":[[[-46.8048,-24.1608],[-46.8052,-24.1632],[-46.8052,-24.1652],[-46.8048,-24.166],[-46.8048,-24.1664],[-46.8048,-24.1668],[-46.8044,-24.1676],[-46.8044,-24.168],[-46.804,-24.1684],[-46.8036,-24.1692],[-46.8032,-24.1696],[-46.8032,-24.17],[-46.8028,-24.1704],[-46.8024,-24.1708],[-46.802,-24.1712],[-46.8008,-24.1716],[-46.8008,-24.172],[-46.8004,-24.172],[-46.8004,-24.1724],[-46.8004,-24.1728],[-46.8008,-24.1732],[-46.802,-24.1732],[-46.8024,-24.1732],[-46.8028,-24.1732],[-46.8032,-24.1736],[-46.8036,-24.174],[-46.804,-24.1744],[-46.804,-24.1748],[-46.804,-24.1752],[-46.8048,-24.1748],[-46.8064,-24.1752],[-46.8076,-24.1756],[-46.8084,-24.1764],[-46.8096,-24.1772],[-46.8112,-24.1776],[-46.8128,-24.1776],[-46.8144,-24.1776],[-46.8156,-24.1776],[-46.8168,-24.1772],[-46.818,-24.1764],[-46.8188,-24.1756],[-46.8196,-24.1752],[-46.8204,-24.174],[-46.8204,-24.1736],[-46.8204,-24.1724],[-46.82,-24.1716],[-46.8196,-24.1708],[-46.8188,-24.1696],[-46.818,-24.1688],[-46.8172,-24.1684],[-46.816,-24.168],[-46.8156,-24.1676],[-46.8148,-24.1672],[-46.814,-24.1668],[-46.8132,-24.1664],[-46.8132,-24.1656],[-46.8132,-24.1644],[-46.8132,-24.1632],[-46.8132,-24.162],[-46.8128,-24.1612],[-46.812,-24.1604],[-46.8112,-24.16],[-46.8104,-24.1596],[-46.8096,-24.1596],[-46.8088,-24.1596],[-46.808,-24.16],[-46.8072,-24.1608],[-46.806,-24.1608],[-46.8048,-24.1608]]]}},{"type":"Feature","properties":{"dsubbc":"oceano","nome":"Drenagem direta ao oceano"},"geometry":{"type":"Polygon","coordinates":[[[-46.8104,-24.1596],[-46.8112,-24.16],[-46.812,-24.1604],[-46.8128,-24.1612],[-46.8132,-24.162],[-46.8132,-24.1632],[-46.8132,-24.1644],[-46.8132,-24.1656],[-46.8132,-24.1664],[-46.814,-24.1668],[-46.8148,-24.1672],[-46.8156,-24.1676],[-46.816,-24.168],[-46.8172,-24.1684],[-46.818,-24.1688],[-46.8188,-24.1696],[-46.8196,-24.1708],[-46.82,-24.1716],[-46.8204,-24.1724],[-46.8204,-24.1736],[-46.8204,-24.174],[-46.8196,-24.1752],[-46.8188,-24.1756],[-46.818,-24.1764],[-46.8168,-24.1772],[-46.8156,-24.1776],[-46.8144,-24.1776],[-46.8128,-24.1776],[-46.8112,-24.1776],[-46.8096,-24.1772],[-46.8084,-24.1764],[-46.8076,-24.1756],[-46.8064,-24.1752],[-46.8048,-24.1748],[-46.804,-24.1752],[-46.8036,-24.1756],[-46.8032,-24.176],[-46.8008,-24.1772],[-46.7992,-24.178],[-46.7984,-24.1784],[-46.7976,-24.1788],[-46.7968,-24.1796],[-46.7964,-24.18],[-46.7964,-24.1804],[-46.7964,-24.1812],[-46.7964,-24.182],[-46.7964,-24.1824],[-46.7968,-24.1828],[-46.7968,-24.1832],[-46.7976,-24.1852],[-46.7976,-24.1856],[-46.7984,-24.1852],[-46.7988,-24.1844],[-46.7992,-24.184],[-46.7996,-24.184],[-46.8008,-24.184],[-46.8012,-24.184],[-46.802,-24.184],[-46.8024,-24.1844],[-46.8028,-24.1848],[-46.8032,-24.1852],[-46.804,-24.1852],[-46.8048,-24.186],[-46.8052,-24.186],[-46.8056,-24.1864],[-46.806,-24.1864],[-46.8064,-24.1864],[-46.8068,-24.1864],[-46.8076,-24.186],[-46.808,-24.1856],[-46.8084,-24.1852],[-46.8092,-24.1856],[-46.8096,-24.186],[-46.8096,-24.1864],[-46.8096,-24.1872],[-46.8096,-24.1876],[-46.81,-24.188],[-46.81,-24.1884],[-46.81,-24.1888],[-46.81,-24.1896],[-46.81,-24.19],[-46.8104,-24.1904],[-46.8104,-24.1908],[-46.8104,-24.1912],[-46.8104,-24.1916],[-46.8108,-24.1924],[-46.8108,-24.1928],[-46.8108,-24.1932],[-46.8112,-24.1936],[-46.8116,-24.194],[-46.812,-24.1944],[-46.8124,-24.1944],[-46.8128,-24.1948],[-46.8136,-24.1948],[-46.8148,-24.1948],[-46.8152,-24.1948],[-46.8156,-24.1948],[-46.8164,-24.1944],[-46.8172,-24.1944],[-46.818,-24.1944],[-46.8188,-24.1936],[-46.8192,-24.1932],[-46.8196,-24.1928],[-46.8204,-24.1916],[-46.8208,-24.1908],[-46.8212,-24.1904],[-46.8212,-24.19],[-46.8212,-24.1892],[-46.8216,-24.1888],[-46.8216,-24.188],[-46.8216,-24.1876],[-46.8216,-24.1868],[-46.8224,-24.1868],[-46.8228,-24.1864],[-46.8232,-24.186],[-46.8236,-24.1852],[-46.824,-24.1844],[-46.8244,-24.184],[-46.8252,-24.1832],[-46.8264,-24.1832],[-46.8272,-24.1832],[-46.828,-24.1832],[-46.8288,-24.1832],[-46.8296,-24.1832],[-46.8304,-24.1836],[-46.8316,-24.1836],[-46.8324,-24.1836],[-46.8328,-24.1836],[-46.8336,-24.1836],[-46.8344,-24.1836],[-46.8352,-24.1828],[-46.8356,-24.1824],[-46.8364,-24.1816],[-46.8364,-24.1812],[-46.8368,-24.1808],[-46.8368,-24.1804],[-46.8372,-24.18],[-46.8376,-24.1796],[-46.838,-24.1792],[-46.8388,-24.1792],[-46.8396,-24.1796],[-46.84,-24.1796],[-46.8408,-24.1796],[-46.8416,-24.18],[-46.842,-24.1804],[-46.8428,-24.1808],[-46.8432,-24.1812],[-46.8436,-24.1816],[-46.844,-24.182],[-46.8444,-24.182],[-46.8448,-24.1824],[-46.8452,-24.1828],[-46.846,-24.1832],[-46.8468,-24.1836],[-46.8472,-24.184],[-46.8476,-24.1844],[-46.848,-24.1852],[-46.848,-24.1856],[-46.8484,-24.1864],[-46.8488,-24.1872],[-46.8488,-24.188],[-46.8488,-24.1884],[-46.8488,-24.1892],[-46.8492,-24.1896],[-46.8488,-24.19],[-46.8484,-24.1904],[-46.848,-24.1904],[-46.8476,-24.1904],[-46.8476,-24.19],[-46.8472,-24.19],[-46.8468,-24.19],[-46.8464,-24.1896],[-46.846,-24.1892],[-46.8456,-24.1888],[-46.8452,-24.188],[-46.8448,-24.1872],[-46.8444,-24.1864],[-46.844,-24.186],[-46.8436,-24.1852],[-46.8432,-24.1848],[-46.8424,-24.184],[-46.842,-24.1836],[-46.8408,-24.1828],[-46.84,-24.1824],[-46.8388,-24.1824],[-46.8384,-24.1832],[-46.838,-24.1836],[-46.8376,-24.1844],[-46.8372,-24.1848],[-46.8368,-24.1856],[-46.8356,-24.1864],[-46.8352,-24.1868],[-46.8348,-24.1876],[-46.8348,-24.1884],[-46.8344,-24.1896],[-46.8344,-24.19],[-46.834,-24.1912],[-46.8336,-24.1916],[-46.8328,-24.1924],[-46.832,-24.1928],[-46.8312,-24.1936],[-46.8308,-24.194],[-46.8304,-24.1948],[-46.8304,-24.1956],[-46.8304,-24.1964],[-46.8304,-24.1968],[-46.8304,-24.1984],[-46.8292,-24.1988],[-46.828,-24.1988],[-46.8272,-24.1988],[-46.8256,-24.1988],[-46.8244,-24.1984],[-46.824,-24.1976],[-46.8236,-24.1976],[-46.822,-24.1976],[-46.8208,-24.1976],[-46.82,-24.1976],[-46.8188,-24.1976],[-46.818,-24.1976],[-46.8172,-24.1976],[-46.8164,-24.1976],[-46.8156,-24.1976],[-46.8152,-24.1976],[-46.8144,-24.1976],[-46.8136,-24.1972],[-46.8132,-24.1972],[-46.8128,-24.1972],[-46.812,-24.1972],[-46.8112,-24.1972],[-46.8104,-24.1968],[-46.8096,-24.1964],[-46.8088,-24.1964],[-46.8084,-24.196],[-46.808,-24.1956],[-46.8076,-24.1952],[-46.8072,-24.1948],[-46.8068,-24.1944],[-46.8068,-24.194],[-46.8064,-24.1936],[-46.806,-24.1932],[-46.806,-24.1928],[-46.8056,-24.1924],[-46.8056,-24.192],[-46.8052,-24.192],[-46.8048,-24.1916],[-46.8044,-24.1916],[-46.804,-24.1912],[-46.8036,-24.1908],[-46.8032,-24.1908],[-46.8024,-24.1904],[-46.8016,-24.1904],[-46.8012,-24.1904],[-46.8,-24.19],[-46.7988,-24.1892],[-46.798,-24.1884],[-46.7976,-24.1888],[-46.7968,-24.1892],[-46.7964,-24.1896],[-46.796,-24.1896],[-46.7952,-24.1892],[-46.794,-24.1888],[-46.7928,-24.1884],[-46.792,-24.1884],[-46.7912,-24.1888],[-46.7908,-24.1892],[-46.7908,-24.19],[-46.7908,-24.1904],[-46.7912,-24.1904],[-46.7916,-24.1908],[-46.792,-24.1912],[-46.7924,-24.1912],[-46.7928,-24.1912],[-46.7928,-24.1908],[-46.7932,-24.1908],[-46.7936,-24.1908],[-46.7936,-24.1912],[-46.794,-24.192],[-46.794,-24.1924],[-46.7944,-24.1928],[-46.7944,-24.1932],[-46.7944,-24.1936],[-46.7948,-24.1936],[-46.7948,-24.194],[-46.7952,-24.194],[-46.7952,-24.1944],[-46.7956,-24.1944],[-46.7956,-24.194],[-46.7956,-24.1936],[-46.796,-24.1936],[-46.7964,-24.1936],[-46.7968,-24.1936],[-46.7972,-24.1936],[-46.7976,-24.1936],[-46.7992,-24.1944],[-46.8008,-24.1952],[-46.8012,-24.1952],[-46.8016,-24.1956],[-46.8016,-24.196],[-46.8016,-24.1964],[-46.8016,-24.1968],[-46.802,-24.1968],[-46.802,-24.1972],[-46.8024,-24.1972],[-46.8024,-24.1976],[-46.8028,-24.198],[-46.8032,-24.198],[-46.8032,-24.1984],[-46.8036,-24.1984],[-46.804,-24.1984],[-46.804,-24.198],[-46.8044,-24.198],[-46.8044,-24.1984],[-46.8048,-24.1984],[-46.8048,-24.1988],[-46.8048,-24.1992],[-46.8048,-24.1996],[-46.8052,-24.2],[-46.8052,-24.2004],[-46.806,-24.2004],[-46.808,-24.2012],[-46.8088,-24.2012],[-46.8092,-24.2008],[-46.8096,-24.2008],[-46.81,-24.2008],[-46.8104,-24.2008],[-46.8108,-24.2008],[-46.8112,-24.2008],[-46.8112,-24.2012],[-46.8112,-24.2016],[-46.8112,-24.202],[-46.8116,-24.202],[-46.8116,-24.2024],[-46.812,-24.2024],[-46.812,-24.202],[-46.8124,-24.202],[-46.8124,-24.2016],[-46.812,-24.2016],[-46.812,-24.2012],[-46.8124,-24.2012],[-46.8128,-24.2008],[-46.8132,-24.2008],[-46.8136,-24.2008],[-46.8152,-24.2012],[-46.816,-24.2012],[-46.8164,-24.2012],[-46.8168,-24.2016],[-46.8176,-24.202],[-46.818,-24.2024],[-46.8192,-24.2028],[-46.8208,-24.2036],[-46.822,-24.2048],[-46.8248,-24.206],[-46.8256,-24.2064],[-46.8268,-24.2068],[-46.8276,-24.2072],[-46.8292,-24.2084],[-46.83,-24.2088],[-46.8312,-24.2096],[-46.832,-24.21],[-46.8336,-24.2108],[-46.8356,-24.212],[-46.8372,-24.2132],[-46.8388,-24.214],[-46.8396,-24.2144],[-46.84,-24.2148],[-46.8408,-24.2152],[-46.8416,-24.2156],[-46.8428,-24.214],[-46.8436,-24.2132],[-46.8448,-24.2132],[-46.846,-24.2132],[-46.8468,-24.2136],[-46.8472,-24.214],[-46.8472,-24.2148],[-46.8472,-24.216],[-46.8464,-24.2168],[-46.8456,-24.2176],[-46.846,-24.218],[-46.8464,-24.218],[-46.8464,-24.2184],[-46.8468,-24.2188],[-46.8476,-24.2192],[-46.8488,-24.22],[-46.8496,-24.2204],[-46.8504,-24.2208],[-46.8512,-24.2216],[-46.852,-24.222],[-46.854,-24.2232],[-46.8552,-24.224],[-46.856,-24.2248],[-46.8568,-24.2252],[-46.8572,-24.2252],[-46.8576,-24.2256],[-46.8584,-24.2264],[-46.8592,-24.2268],[-46.8612,-24.228],[-46.8624,-24.2288],[-46.8644,-24.23],[-46.8668,-24.2316],[-46.8676,-24.232],[-46.8684,-24.2324],[-46.8692,-24.2328],[-46.8696,-24.2332],[-46.8704,-24.2336],[-46.8712,-24.234],[-46.8712,-24.2344],[-46.872,-24.2344],[-46.8724,-24.2348],[-46.8728,-24.2352],[-46.8736,-24.2356],[-46.8744,-24.2364],[-46.8752,-24.2368],[-46.8764,-24.2376],[-46.8776,-24.2384],[-46.8792,-24.2396],[-46.8804,-24.2404],[-46.8808,-24.2404],[-46.8816,-24.2384],[-46.8824,-24.2372],[-46.8832,-24.2356],[-46.8844,-24.2348],[-46.8864,-24.234],[-46.9,-24.2436],[-46.9104,-24.2496],[-46.916,-24.2528],[-46.9152,-24.252],[-46.9144,-24.25],[-46.9132,-24.248],[-46.9116,-24.2464],[-46.9112,-24.2452],[-46.9108,-24.244],[-46.9104,-24.2428],[-46.9104,-24.242],[-46.9104,-24.2408],[-46.9108,-24.2408],[-46.9108,-24.2396],[-46.9112,-24.2396],[-46.9112,-24.238],[-46.9112,-24.2368],[-46.9116,-24.2368],[-46.9116,-24.2356],[-46.912,-24.2356],[-46.912,-24.2348],[-46.9124,-24.2348],[-46.9124,-24.2332],[-46.9124,-24.2296],[-46.9128,-24.2296],[-46.9132,-24.2296],[-46.9132,-24.2292],[-46.9132,-24.2284],[-46.9136,-24.2284],[-46.9136,-24.2272],[-46.914,-24.2272],[-46.914,-24.226],[-46.9144,-24.226],[-46.9144,-24.2248],[-46.9144,-24.224],[-46.9148,-24.224],[-46.9148,-24.2224],[-46.9152,-24.2224],[-46.9152,-24.2164],[-46.9152,-24.216],[-46.9156,-24.216],[-46.916,-24.216],[-46.916,-24.2156],[-46.9164,-24.2156],[-46.9164,-24.2152],[-46.9164,-24.2148],[-46.9124,-24.2152],[-46.908,-24.2156],[-46.9044,-24.2144],[-46.9016,-24.2128],[-46.8996,-24.2108],[-46.8976,-24.2088],[-46.8884,-24.2052],[-46.8816,-24.2052],[-46.8768,-24.2052],[-46.8704,-24.2024],[-46.868,-24.2],[-46.8664,-24.196],[-46.86,-24.1908],[-46.8584,-24.188],[-46.8572,-24.1856],[-46.8568,-24.1808],[-46.8548,-24.1772],[-46.852,-24.1732],[-46.8488,-24.1696],[-46.844,-24.168],[-46.8388,-24.168],[-46.8352,-24.1684],[-46.8324,-24.1684],[-46.8228,-24.16],[-46.8208,-24.1572],[-46.8196,-24.1548],[-46.8188,-24.154],[-46.8188,-24.1552],[-46.8188,-24.1556],[-46.8188,-24.1568],[-46.8184,-24.1572],[-46.8176,-24.1576],[-46.8168,-24.1576],[-46.8164,-24.1576],[-46.816,-24.1572],[-46.8152,-24.1572],[-46.8148,-24.1572],[-46.8144,-24.1576],[-46.8136,-24.1584],[-46.8132,-24.1588],[-46.8124,-24.1592],[-46.8116,-24.1596],[-46.8104,-24.1596]]]}},{"type":"Feature","properties":{"dsubbc":"oceano","nome":"Drenagem direta ao oceano"},"geometry":{"type":"Polygon","coordinates":[[[-46.8036,-24.1572],[-46.8036,-24.1568],[-46.8036,-24.1564],[-46.804,-24.156],[-46.804,-24.1556],[-46.8048,-24.1552],[-46.8044,-24.1548],[-46.804,-24.1544],[-46.8036,-24.154],[-46.8032,-24.1536],[-46.8028,-24.1532],[-46.8028,-24.1528],[-46.8024,-24.152],[-46.8016,-24.152],[-46.8008,-24.1516],[-46.8,-24.1516],[-46.7992,-24.152],[-46.7988,-24.1524],[-46.7984,-24.1528],[-46.7984,-24.1532],[-46.798,-24.154],[-46.7984,-24.1544],[-46.7984,-24.1552],[-46.7988,-24.1556],[-46.7992,-24.156],[-46.8,-24.156],[-46.8004,-24.156],[-46.8012,-24.156],[-46.8016,-24.1564],[-46.802,-24.1564],[-46.8024,-24.1568],[-46.8028,-24.1568],[-46.8028,-24.1572],[-46.8036,-24.1572]]]}},{"type":"Feature","properties":{"dsubbc":"oceano","nome":"Drenagem direta ao oceano"},"geometry":{"type":"Polygon","coordinates":[[[-46.8048,-24.1552],[-46.804,-24.1556],[-46.804,-24.156],[-46.8036,-24.1564],[-46.8036,-24.1568],[-46.8036,-24.1572],[-46.8036,-24.1576],[-46.804,-24.158],[-46.804,-24.1584],[-46.8044,-24.1588],[-46.8048,-24.1592],[-46.8048,-24.1596],[-46.8048,-24.16],[-46.8048,-24.1608],[-46.806,-24.1608],[-46.8072,-24.1608],[-46.808,-24.16],[-46.8088,-24.1596],[-46.8096,-24.1596],[-46.8104,-24.1596],[-46.8116,-24.1596],[-46.8124,-24.1592],[-46.8132,-24.1588],[-46.8136,-24.1584],[-46.8144,-24.1576],[-46.8148,-24.1572],[-46.8152,-24.1572],[-46.816,-24.1572],[-46.8164,-24.1576],[-46.8168,-24.1576],[-46.8176,-24.1576],[-46.8184,-24.1572],[-46.8188,-24.1568],[-46.8188,-24.1556],[-46.8188,-24.1552],[-46.8188,-24.154],[-46.818,-24.1532],[-46.8156,-24.1524],[-46.8116,-24.1524],[-46.8072,-24.1504],[-46.8072,-24.1516],[-46.8072,-24.152],[-46.8068,-24.1528],[-46.8064,-24.1536],[-46.806,-24.1544],[-46.8056,-24.1548],[-46.8052,-24.1552],[-46.8048,-24.1552]]]}},{"type":"Feature","properties":{"dsubbc":"oceano","nome":"Drenagem direta ao oceano"},"geometry":{"type":"Polygon","coordinates":[[[-46.6208,-24.0972],[-46.6216,-24.0976],[-46.6224,-24.098],[-46.6236,-24.0984],[-46.6244,-24.0988],[-46.6252,-24.0992],[-46.626,-24.0996],[-46.6264,-24.1],[-46.6272,-24.1004],[-46.6276,-24.1004],[-46.6284,-24.1008],[-46.6288,-24.1012],[-46.6292,-24.1016],[-46.63,-24.1016],[-46.6304,-24.102],[-46.6308,-24.1024],[-46.6316,-24.1024],[-46.632,-24.1028],[-46.6328,-24.1032],[-46.6336,-24.1036],[-46.6344,-24.104],[-46.6352,-24.1044],[-46.636,-24.1048],[-46.6364,-24.1048],[-46.6372,-24.1052],[-46.6376,-24.1052],[-46.6384,-24.1056],[-46.6388,-24.106],[-46.6396,-24.1064],[-46.6408,-24.1072],[-46.6416,-24.1076],[-46.6424,-24.108],[-46.6436,-24.1088],[-46.6448,-24.1096],[-46.646,-24.11],[-46.6468,-24.1104],[-46.6472,-24.1108],[-46.648,-24.1112],[-46.6488,-24.1116],[-46.6492,-24.112],[-46.6496,-24.112],[-46.65,-24.112],[-46.6504,-24.1124],[-46.6512,-24.1124],[-46.6516,-24.1128],[-46.652,-24.1132],[-46.6532,-24.1136],[-46.6544,-24.114],[-46.6548,-24.1144],[-46.656,-24.1148],[-46.6568,-24.1156],[-46.6576,-24.1156],[-46.6592,-24.1164],[-46.6604,-24.1172],[-46.6624,-24.118],[-46.6636,-24.1188],[-46.6648,-24.1192],[-46.666,-24.12],[-46.6668,-24.1204],[-46.6672,-24.1204],[-46.6676,-24.1204],[-46.668,-24.1208],[-46.6692,-24.1212],[-46.6696,-24.1212],[-46.67,-24.1216],[-46.6704,-24.122],[-46.6708,-24.1224],[-46.6712,-24.1228],[-46.6716,-24.1228],[-46.6724,-24.1232],[-46.6732,-24.1236],[-46.674,-24.124],[-46.6744,-24.1244],[-46.6752,-24.1244],[-46.6756,-24.1248],[-46.676,-24.1252],[-46.6764,-24.1252],[-46.6768,-24.1256],[-46.6772,-24.1256],[-46.6776,-24.126],[-46.678,-24.1264],[-46.6788,-24.1264],[-46.6792,-24.1268],[-46.6796,-24.1272],[-46.6804,-24.1272],[-46.6808,-24.1276],[-46.6816,-24.128],[-46.6824,-24.1284],[-46.6832,-24.1288],[-46.684,-24.1296],[-46.6852,-24.13],[-46.6856,-24.1304],[-46.686,-24.1304],[-46.6864,-24.1308],[-46.6872,-24.1312],[-46.6884,-24.1316],[-46.6888,-24.1316],[-46.6888,-24.132],[-46.6892,-24.132],[-46.6896,-24.1324],[-46.6904,-24.1328],[-46.6908,-24.1332],[-46.6916,-24.1332],[-46.692,-24.1336],[-46.6924,-24.134],[-46.6928,-24.134],[-46.6936,-24.1344],[-46.6944,-24.1352],[-46.6952,-24.1352],[-46.696,-24.1356],[-46.6964,-24.136],[-46.6968,-24.136],[-46.6968,-24.1364],[-46.6972,-24.1364],[-46.6976,-24.1368],[-46.698,-24.1368],[-46.6988,-24.1372],[-46.6988,-24.1376],[-46.6992,-24.1376],[-46.7,-24.138],[-46.7004,-24.138],[-46.7008,-24.1384],[-46.702,-24.1388],[-46.7028,-24.1392],[-46.7032,-24.1396],[-46.7036,-24.14],[-46.7044,-24.1404],[-46.7048,-24.1408],[-46.7056,-24.1412],[-46.7064,-24.1416],[-46.7072,-24.142],[-46.7076,-24.142],[-46.708,-24.1424],[-46.7088,-24.1428],[-46.7092,-24.1432],[-46.7096,-24.1436],[-46.7104,-24.144],[-46.7112,-24.1444],[-46.7116,-24.1448],[-46.7124,-24.1448],[-46.7128,-24.1456],[-46.7136,-24.146],[-46.714,-24.1464],[-46.7148,-24.1464],[-46.7152,-24.1468],[-46.716,-24.1472],[-46.7164,-24.1476],[-46.7168,-24.148],[-46.7172,-24.148],[-46.718,-24.1484],[-46.7184,-24.1488],[-46.7188,-24.1492],[-46.7192,-24.1492],[-46.7196,-24.1496],[-46.72,-24.1496],[-46.7204,-24.15],[-46.7208,-24.15],[-46.7216,-24.1504],[-46.722,-24.1508],[-46.7228,-24.1512],[-46.7236,-24.1516],[-46.7244,-24.152],[-46.7248,-24.1524],[-46.7252,-24.1524],[-46.7256,-24.1528],[-46.726,-24.1528],[-46.7268,-24.1532],[-46.7272,-24.1536],[-46.7276,-24.154],[-46.7284,-24.1544],[-46.7288,-24.1548],[-46.7292,-24.1548],[-46.7296,-24.1548],[-46.73,-24.1552],[-46.7308,-24.1556],[-46.7312,-24.156],[-46.7316,-24.156],[-46.732,-24.1564],[-46.7328,-24.1568],[-46.7336,-24.1572],[-46.734,-24.1576],[-46.7348,-24.158],[-46.7356,-24.1584],[-46.7364,-24.1588],[-46.7372,-24.1592],[-46.7384,-24.16],[-46.7388,-24.1604],[-46.7396,-24.1608],[-46.7408,-24.1616],[-46.7416,-24.162],[-46.742,-24.162],[-46.7428,-24.1628],[-46.744,-24.1632],[-46.7448,-24.164],[-46.7456,-24.1644],[-46.746,-24.1644],[-46.7464,-24.1648],[-46.7468,-24.1652],[-46.7476,-24.1656],[-46.7484,-24.1656],[-46.7488,-24.166],[-46.7496,-24.1668],[-46.7504,-24.1668],[-46.7508,-24.1672],[-46.7516,-24.1676],[-46.7548,-24.1696],[-46.7576,-24.1708],[-46.7592,-24.1716],[-46.76,-24.1724],[-46.7608,-24.1728],[-46.7612,-24.1728],[-46.762,-24.1732],[-46.7624,-24.1736],[-46.7632,-24.1736],[-46.7636,-24.174],[-46.7648,-24.1748],[-46.766,-24.1752],[-46.7676,-24.176],[-46.7688,-24.1768],[-46.7692,-24.1772],[-46.77,-24.1772],[-46.7704,-24.1776],[-46.7708,-24.1776],[-46.7712,-24.178],[-46.7724,-24.1788],[-46.7732,-24.1792],[-46.7736,-24.1796],[-46.7744,-24.1796],[-46.7748,-24.18],[-46.776,-24.1808],[-46.7776,-24.1816],[-46.7792,-24.1824],[-46.782,-24.184],[-46.7828,-24.1844],[-46.7832,-24.1848],[-46.784,-24.1852],[-46.7844,-24.1856],[-46.7852,-24.186],[-46.7856,-24.186],[-46.7864,-24.1864],[-46.7872,-24.1864],[-46.788,-24.1868],[-46.7884,-24.1868],[-46.7892,-24.1872],[-46.79,-24.1876],[-46.7904,-24.188],[-46.7904,-24.1884],[-46.7904,-24.1888],[-46.7908,-24.1892],[-46.7912,-24.1888],[-46.792,-24.1884],[-46.7928,-24.1884],[-46.794,-24.1888],[-46.7952,-24.1892],[-46.796,-24.1896],[-46.7964,-24.1896],[-46.7968,-24.1892],[-46.7976,-24.1888],[-46.798,-24.1884],[-46.7984,-24.188],[-46.7984,-24.1876],[-46.7984,-24.1872],[-46.798,-24.1868],[-46.7976,-24.1856],[-46.7976,-24.1852],[-46.7968,-24.1832],[-46.7968,-24.1828],[-46.7948,-24.1832],[-46.7928,-24.1832],[-46.7912,-24.1832],[-46.7904,-24.1828],[-46.7892,-24.1812],[-46.7884,-24.1796],[-46.7876,-24.178],[-46.7868,-24.176],[-46.7856,-24.1744],[-46.7844,-24.1732],[-46.7832,-24.172],[-46.782,-24.1708],[-46.7812,-24.17],[-46.7812,-24.1684],[-46.7812,-24.168],[-46.7824,-24.1672],[-46.7832,-24.1672],[-46.7848,-24.1672],[-46.786,-24.168],[-46.7868,-24.1696],[-46.7876,-24.1696],[-46.7884,-24.1692],[-46.7892,-24.1684],[-46.7904,-24.168],[-46.7908,-24.168],[-46.7916,-24.1676],[-46.7924,-24.1676],[-46.7936,-24.1676],[-46.7948,-24.1676],[-46.7968,-24.1676],[-46.7984,-24.1676],[-46.7992,-24.1676],[-46.8,-24.1676],[-46.8004,-24.168],[-46.8016,-24.1684],[-46.8036,-24.1692],[-46.804,-24.1684],[-46.8044,-24.168],[-46.8044,-24.1676],[-46.8048,-24.1668],[-46.8048,-24.1664],[-46.8048,-24.166],[-46.8052,-24.1652],[-46.8052,-24.1632],[-46.8048,-24.1608],[-46.8048,-24.16],[-46.8048,-24.1596],[-46.8048,-24.1592],[-46.8044,-24.1588],[-46.804,-24.1584],[-46.804,-24.158],[-46.8036,-24.1576],[-46.8036,-24.1572],[-46.8028,-24.1572],[-46.8028,-24.1568],[-46.8024,-24.1568],[-46.802,-24.1564],[-46.8016,-24.1564],[-46.8012,-24.156],[-46.8004,-24.156],[-46.8,-24.156],[-46.7992,-24.156],[-46.7988,-24.1556],[-46.7984,-24.1552],[-46.7984,-24.1544],[-46.798,-24.154],[-46.7984,-24.1532],[-46.7984,-24.1528],[-46.7988,-24.1524],[-46.7992,-24.152],[-46.8,-24.1516],[-46.8008,-24.1516],[-46.8016,-24.152],[-46.8024,-24.152],[-46.8028,-24.1528],[-46.8028,-24.1532],[-46.8032,-24.1536],[-46.8036,-24.154],[-46.804,-24.1544],[-46.8044,-24.1548],[-46.8048,-24.1552],[-46.8052,-24.1552],[-46.8056,-24.1548],[-46.806,-24.1544],[-46.8064,-24.1536],[-46.8068,-24.1528],[-46.8072,-24.152],[-46.8072,-24.1516],[-46.8072,-24.1504],[-46.8068,-24.1488],[-46.8072,-24.148],[-46.8052,-24.148],[-46.8032,-24.148],[-46.798,-24.148],[-46.7932,-24.148],[-46.79,-24.148],[-46.7868,-24.148],[-46.7824,-24.148],[-46.7792,-24.148],[-46.7744,-24.148],[-46.768,-24.1464],[-46.7648,-24.142],[-46.7628,-24.1396],[-46.7604,-24.1376],[-46.7584,-24.1368],[-46.7572,-24.1364],[-46.754,-24.136],[-46.7524,-24.1356],[-46.7504,-24.1348],[-46.7484,-24.134],[-46.7468,-24.1328],[-46.7444,-24.132],[-46.742,-24.132],[-46.74,-24.1312],[-46.7376,-24.13],[-46.736,-24.1288],[-46.7344,-24.128],[-46.7328,-24.1276],[-46.7312,-24.128],[-46.7292,-24.1272],[-46.7264,-24.1264],[-46.7236,-24.124],[-46.722,-24.1224],[-46.72,-24.1208],[-46.7184,-24.1192],[-46.7176,-24.1184],[-46.7148,-24.1144],[-46.7132,-24.1128],[-46.7116,-24.112],[-46.7096,-24.1116],[-46.708,-24.1116],[-46.706,-24.1112],[-46.7036,-24.1112],[-46.7004,-24.1112],[-46.6976,-24.1112],[-46.6952,-24.1112],[-46.6932,-24.1116],[-46.6912,-24.1116],[-46.688,-24.1128],[-46.684,-24.1132],[-46.6832,-24.1132],[-46.6804,-24.1136],[-46.6788,-24.114],[-46.6772,-24.114],[-46.6768,-24.114],[-46.676,-24.1144],[-46.6752,-24.1144],[-46.6744,-24.1144],[-46.6744,-24.114],[-46.6736,-24.1132],[-46.6728,-24.1124],[-46.6716,-24.1116],[-46.67,-24.11],[-46.6692,-24.1096],[-46.6664,-24.1076],[-46.666,-24.1068],[-46.6628,-24.104],[-46.66,-24.1012],[-46.658,-24.1004],[-46.6544,-24.1],[-46.6528,-24.1],[-46.6504,-24.1],[-46.6484,-24.1],[-46.6468,-24.1],[-46.6448,-24.0996],[-46.6424,-24.0992],[-46.6396,-24.0988],[-46.6388,-24.098],[-46.6384,-24.0976],[-46.6376,-24.0964],[-46.6364,-24.0952],[-46.636,-24.0948],[-46.6356,-24.0944],[-46.6356,-24.0932],[-46.6356,-24.092],[-46.6356,-24.0916],[-46.6352,-24.0908],[-46.6348,-24.0892],[-46.634,-24.0884],[-46.6336,-24.0876],[-46.6336,-24.086],[-46.6328,-24.0844],[-46.6316,-24.0848],[-46.63,-24.0848],[-46.6292,-24.0852],[-46.6284,-24.086],[-46.6284,-24.0868],[-46.628,-24.0876],[-46.628,-24.0896],[-46.628,-24.0912],[-46.6276,-24.0916],[-46.6268,-24.0928],[-46.6256,-24.094],[-46.6244,-24.0952],[-46.6232,-24.0956],[-46.622,-24.0964],[-46.6208,-24.0972]]]}},{"type":"Feature","properties":{"dsubbc":"oceano","nome":"Drenagem direta ao oceano"},"geometry":{"type":"Polygon","coordinates":[[[-46.5988,-24.0864],[-46.5996,-24.0868],[-46.6004,-24.0872],[-46.6012,-24.0876],[-46.6024,-24.088],[-46.6032,-24.0884],[-46.604,-24.0888],[-46.6048,-24.0892],[-46.6052,-24.0892],[-46.6056,-24.0896],[-46.606,-24.0896],[-46.6072,-24.0904],[-46.608,-24.0908],[-46.6088,-24.0912],[-46.6092,-24.0912],[-46.6096,-24.0916],[-46.6104,-24.092],[-46.6108,-24.092],[-46.6116,-24.0924],[-46.6124,-24.0928],[-46.6132,-24.0932],[-46.614,-24.0936],[-46.6148,-24.094],[-46.6156,-24.0944],[-46.616,-24.0948],[-46.6164,-24.0952],[-46.6168,-24.0948],[-46.6168,-24.0944],[-46.6172,-24.094],[-46.6172,-24.0936],[-46.6172,-24.0932],[-46.6172,-24.0928],[-46.6172,-24.092],[-46.6176,-24.092],[-46.6176,-24.0908],[-46.618,-24.0908],[-46.618,-24.0904],[-46.6184,-24.0904],[-46.6184,-24.09],[-46.6188,-24.09],[-46.6188,-24.0896],[-46.6196,-24.0896],[-46.6196,-24.0892],[-46.62,-24.0892],[-46.62,-24.0884],[-46.62,-24.088],[-46.6196,-24.088],[-46.6196,-24.0876],[-46.6192,-24.0876],[-46.6192,-24.0872],[-46.6188,-24.0872],[-46.6188,-24.0868],[-46.6184,-24.0868],[-46.618,-24.0868],[-46.618,-24.0864],[-46.618,-24.086],[-46.6176,-24.086],[-46.6176,-24.0856],[-46.6168,-24.0856],[-46.6152,-24.0856],[-46.6152,-24.0848],[-46.6148,-24.0848],[-46.6148,-24.0844],[-46.6148,-24.084],[-46.6144,-24.084],[-46.6144,-24.0836],[-46.614,-24.0836],[-46.6136,-24.0836],[-46.6136,-24.0832],[-46.6132,-24.0832],[-46.6132,-24.0828],[-46.6128,-24.0828],[-46.6128,-24.0824],[-46.6124,-24.0824],[-46.6124,-24.0816],[-46.612,-24.0816],[-46.612,-24.0812],[-46.612,-24.0796],[-46.6116,-24.0796],[-46.6116,-24.0788],[-46.6112,-24.0788],[-46.6112,-24.0784],[-46.6108,-24.0784],[-46.6108,-24.0776],[-46.6104,-24.0776],[-46.6104,-24.0768],[-46.61,-24.0768],[-46.61,-24.0764],[-46.61,-24.0756],[-46.6096,-24.0756],[-46.6092,-24.0756],[-46.6092,-24.0752],[-46.6092,-24.0748],[-46.6088,-24.0748],[-46.6084,-24.0748],[-46.6084,-24.0744],[-46.608,-24.0744],[-46.608,-24.074],[-46.608,-24.0744],[-46.6076,-24.0744],[-46.6076,-24.0748],[-46.6072,-24.0748],[-46.6072,-24.0752],[-46.6068,-24.0752],[-46.6068,-24.0756],[-46.6064,-24.0756],[-46.606,-24.0756],[-46.606,-24.076],[-46.606,-24.0764],[-46.6056,-24.0764],[-46.6056,-24.0768],[-46.6052,-24.0768],[-46.6052,-24.0772],[-46.6048,-24.0772],[-46.6048,-24.0776],[-46.6044,-24.0776],[-46.604,-24.0776],[-46.604,-24.078],[-46.604,-24.0784],[-46.6036,-24.0784],[-46.6036,-24.0788],[-46.6024,-24.0788],[-46.602,-24.0788],[-46.602,-24.0792],[-46.602,-24.0796],[-46.6016,-24.08],[-46.6012,-24.0812],[-46.6012,-24.0816],[-46.6012,-24.082],[-46.6008,-24.0832],[-46.6004,-24.0836],[-46.6,-24.0844],[-46.5996,-24.0848],[-46.5988,-24.0864]]]}},{"type":"Feature","properties":{"dsubbc":"oceano","nome":"Drenagem direta ao oceano"},"geometry":{"type":"Polygon","coordinates":[[[-46.602,-24.0656],[-46.6012,-24.0656],[-46.6012,-24.066],[-46.6008,-24.066],[-46.6004,-24.066],[-46.6,-24.066],[-46.6,-24.0664],[-46.6,-24.0668],[-46.5992,-24.0668],[-46.598,-24.0668],[-46.598,-24.0672],[-46.5976,-24.0672],[-46.5976,-24.0676],[-46.5972,-24.0676],[-46.5972,-24.068],[-46.5968,-24.068],[-46.5968,-24.0684],[-46.596,-24.0684],[-46.596,-24.0688],[-46.5956,-24.0688],[-46.5956,-24.0692],[-46.5948,-24.0692],[-46.5932,-24.0688],[-46.5924,-24.0692],[-46.5908,-24.0692],[-46.5904,-24.0696],[-46.5896,-24.0704],[-46.5892,-24.0708],[-46.5884,-24.072],[-46.5884,-24.0728],[-46.588,-24.074],[-46.5876,-24.0752],[-46.5872,-24.0772],[-46.5872,-24.078],[-46.5868,-24.0792],[-46.5864,-24.08],[-46.5868,-24.08],[-46.5876,-24.0804],[-46.588,-24.0808],[-46.5888,-24.0812],[-46.5892,-24.0816],[-46.5904,-24.082],[-46.5912,-24.0824],[-46.592,-24.0828],[-46.5932,-24.0836],[-46.5936,-24.0836],[-46.5944,-24.084],[-46.5948,-24.084],[-46.5948,-24.0844],[-46.5952,-24.0844],[-46.5956,-24.0848],[-46.5964,-24.0852],[-46.5972,-24.0852],[-46.598,-24.086],[-46.5988,-24.086],[-46.5988,-24.0864],[-46.5996,-24.0848],[-46.6,-24.0844],[-46.6004,-24.0836],[-46.6008,-24.0832],[-46.6012,-24.082],[-46.6012,-24.0816],[-46.6012,-24.0812],[-46.6016,-24.08],[-46.602,-24.0796],[-46.602,-24.0792],[-46.602,-24.0788],[-46.6024,-24.0788],[-46.6036,-24.0788],[-46.6036,-24.0784],[-46.604,-24.0784],[-46.604,-24.078],[-46.604,-24.0776],[-46.6044,-24.0776],[-46.6048,-24.0776],[-46.6048,-24.0772],[-46.6052,-24.0772],[-46.6052,-24.0768],[-46.6056,-24.0768],[-46.6056,-24.0764],[-46.606,-24.0764],[-46.606,-24.076],[-46.606,-24.0756],[-46.6064,-24.0756],[-46.6068,-24.0756],[-46.6068,-24.0752],[-46.6072,-24.0752],[-46.6072,-24.0748],[-46.6076,-24.0748],[-46.6076,-24.0744],[-46.608,-24.0744],[-46.608,-24.074],[-46.608,-24.0736],[-46.608,-24.0728],[-46.6076,-24.0728],[-46.6076,-24.072],[-46.6072,-24.072],[-46.6072,-24.0716],[-46.6064,-24.0716],[-46.6064,-24.0708],[-46.606,-24.0708],[-46.606,-24.0696],[-46.6056,-24.0696],[-46.6056,-24.0692],[-46.6052,-24.0692],[-46.6052,-24.0684],[-46.6052,-24.0676],[-46.6048,-24.0676],[-46.6044,-24.0676],[-46.6044,-24.0668],[-46.604,-24.0668],[-46.604,-24.0664],[-46.6032,-24.0664],[-46.6032,-24.066],[-46.6024,-24.066],[-46.6024,-24.0656],[-46.602,-24.0656]]]}},{"type":"Feature","properties":{"dsubbc":"oceano","nome":"Drenagem direta ao oceano"},"geometry":{"type":"Polygon","coordinates":[[[-46.6016,-24.0572],[-46.6008,-24.058],[-46.5996,-24.0584],[-46.5988,-24.0588],[-46.5984,-24.0588],[-46.5976,-24.0592],[-46.5968,-24.0596],[-46.596,-24.06],[-46.5956,-24.06],[-46.5952,-24.0604],[-46.5944,-24.0612],[-46.5944,-24.0616],[-46.5932,-24.062],[-46.592,-24.0624],[-46.5916,-24.0628],[-46.5908,-24.0636],[-46.59,-24.0648],[-46.5892,-24.0656],[-46.588,-24.0668],[-46.5876,-24.0672],[-46.5864,-24.068],[-46.5848,-24.0692],[-46.584,-24.0696],[-46.5828,-24.0708],[-46.5812,-24.0728],[-46.58,-24.074],[-46.5788,-24.0748],[-46.578,-24.076],[-46.5792,-24.0764],[-46.58,-24.0772],[-46.582,-24.078],[-46.5832,-24.0784],[-46.5844,-24.0788],[-46.5848,-24.0792],[-46.5856,-24.0796],[-46.586,-24.0796],[-46.5864,-24.08],[-46.5868,-24.0792],[-46.5872,-24.078],[-46.5872,-24.0772],[-46.5876,-24.0752],[-46.588,-24.074],[-46.5884,-24.0728],[-46.5884,-24.072],[-46.5892,-24.0708],[-46.5896,-24.0704],[-46.5904,-24.0696],[-46.5908,-24.0692],[-46.5924,-24.0692],[-46.5932,-24.0688],[-46.5948,-24.0692],[-46.5956,-24.0692],[-46.5956,-24.0688],[-46.596,-24.0688],[-46.596,-24.0684],[-46.5968,-24.0684],[-46.5968,-24.068],[-46.5972,-24.068],[-46.5972,-24.0676],[-46.5976,-24.0676],[-46.5976,-24.0672],[-46.598,-24.0672],[-46.598,-24.0668],[-46.5992,-24.0668],[-46.6,-24.0668],[-46.6,-24.0664],[-46.6,-24.066],[-46.6004,-24.066],[-46.6008,-24.066],[-46.6012,-24.066],[-46.6012,-24.0656],[-46.602,-24.0656],[-46.6024,-24.0656],[-46.6024,-24.0648],[-46.6028,-24.0648],[-46.6028,-24.0644],[-46.6032,-24.0644],[-46.6032,-24.064],[-46.6032,-24.0636],[-46.6032,-24.0628],[-46.6028,-24.0628],[-46.6028,-24.0616],[-46.6032,-24.0616],[-46.6032,-24.0608],[-46.6032,-24.0604],[-46.6036,-24.0604],[-46.6036,-24.06],[-46.6036,-24.0596],[-46.6032,-24.0596],[-46.6032,-24.0592],[-46.6032,-24.0588],[-46.6028,-24.0588],[-46.6028,-24.058],[-46.6024,-24.058],[-46.602,-24.058],[-46.602,-24.0576],[-46.602,-24.0572],[-46.6016,-24.0572]]]}},{"type":"Feature","properties":{"dsubbc":"oceano","nome":"Drenagem direta ao oceano"},"geometry":{"type":"Polygon","coordinates":[[[-46.572,-24.0732],[-46.5724,-24.0732],[-46.5736,-24.074],[-46.574,-24.074],[-46.5752,-24.0748],[-46.576,-24.0752],[-46.5764,-24.0756],[-46.578,-24.076],[-46.5788,-24.0748],[-46.58,-24.074],[-46.5812,-24.0728],[-46.5828,-24.0708],[-46.584,-24.0696],[-46.5848,-24.0692],[-46.5864,-24.068],[-46.5876,-24.0672],[-46.588,-24.0668],[-46.5892,-24.0656],[-46.59,-24.0648],[-46.5908,-24.0636],[-46.5916,-24.0628],[-46.592,-24.0624],[-46.5932,-24.062],[-46.5944,-24.0616],[-46.5944,-24.0612],[-46.5952,-24.0604],[-46.5956,-24.06],[-46.596,-24.06],[-46.5968,-24.0596],[-46.5976,-24.0592],[-46.5984,-24.0588],[-46.5988,-24.0588],[-46.5996,-24.0584],[-46.6008,-24.058],[-46.6016,-24.0572],[-46.6016,-24.0568],[-46.6012,-24.0568],[-46.6012,-24.0564],[-46.6008,-24.0564],[-46.6008,-24.056],[-46.6,-24.056],[-46.5992,-24.056],[-46.5992,-24.0556],[-46.5988,-24.0556],[-46.5988,-24.0552],[-46.5984,-24.0552],[-46.5984,-24.0548],[-46.598,-24.0548],[-46.598,-24.0544],[-46.5972,-24.0544],[-46.5968,-24.0544],[-46.5964,-24.0544],[-46.596,-24.0544],[-46.5952,-24.0544],[-46.5948,-24.0544],[-46.5944,-24.0544],[-46.594,-24.0548],[-46.5932,-24.0548],[-46.5928,-24.0552],[-46.5924,-24.0548],[-46.592,-24.0552],[-46.5916,-24.0548],[-46.5908,-24.0552],[-46.5904,-24.0552],[-46.59,-24.0556],[-46.5892,-24.056],[-46.5888,-24.0564],[-46.5884,-24.0564],[-46.5876,-24.0572],[-46.5876,-24.0576],[-46.5872,-24.0576],[-46.5868,-24.058],[-46.5864,-24.0588],[-46.586,-24.0596],[-46.5852,-24.0608],[-46.5836,-24.0616],[-46.5828,-24.0628],[-46.5816,-24.0636],[-46.5804,-24.0644],[-46.5796,-24.0652],[-46.5788,-24.0664],[-46.5776,-24.0672],[-46.5772,-24.0676],[-46.5764,-24.0684],[-46.5752,-24.0696],[-46.5744,-24.0704],[-46.5736,-24.0716],[-46.572,-24.0732]]]}},{"type":"Feature","properties":{"dsubbc":"oceano","nome":"Drenagem direta ao oceano"},"geometry":{"type":"Polygon","coordinates":[[[-46.598,-24.0544],[-46.598,-24.0548],[-46.5984,-24.0548],[-46.5984,-24.0552],[-46.5988,-24.0552],[-46.5988,-24.0556],[-46.5992,-24.0556],[-46.5992,-24.056],[-46.6,-24.056],[-46.6008,-24.056],[-46.6008,-24.0564],[-46.6012,-24.0564],[-46.6012,-24.0568],[-46.6016,-24.0568],[-46.6016,-24.0572],[-46.602,-24.0572],[-46.602,-24.0576],[-46.602,-24.058],[-46.6024,-24.058],[-46.6028,-24.058],[-46.6028,-24.0588],[-46.6032,-24.0588],[-46.6032,-24.0592],[-46.6032,-24.0596],[-46.6036,-24.0596],[-46.6036,-24.06],[-46.6036,-24.0604],[-46.6032,-24.0604],[-46.6032,-24.0608],[-46.6032,-24.0616],[-46.6028,-24.0616],[-46.6028,-24.0628],[-46.6032,-24.0628],[-46.6032,-24.0636],[-46.6032,-24.064],[-46.6032,-24.0644],[-46.6028,-24.0644],[-46.6028,-24.0648],[-46.6024,-24.0648],[-46.6024,-24.0656],[-46.602,-24.0656],[-46.6024,-24.0656],[-46.6024,-24.066],[-46.6032,-24.066],[-46.6032,-24.0664],[-46.604,-24.0664],[-46.604,-24.0668],[-46.6044,-24.0668],[-46.6044,-24.0676],[-46.6048,-24.0676],[-46.6052,-24.0676],[-46.6052,-24.0684],[-46.6052,-24.0692],[-46.6056,-24.0692],[-46.6056,-24.0696],[-46.606,-24.0696],[-46.606,-24.0708],[-46.6064,-24.0708],[-46.6064,-24.0716],[-46.6072,-24.0716],[-46.6072,-24.072],[-46.6076,-24.072],[-46.6076,-24.0728],[-46.608,-24.0728],[-46.608,-24.0736],[-46.608,-24.074],[-46.608,-24.0744],[-46.6084,-24.0744],[-46.6084,-24.0748],[-46.6088,-24.0748],[-46.6092,-24.0748],[-46.6092,-24.0752],[-46.6092,-24.0756],[-46.6096,-24.0756],[-46.61,-24.0756],[-46.61,-24.0764],[-46.61,-24.0768],[-46.6104,-24.0768],[-46.6104,-24.0776],[-46.6108,-24.0776],[-46.6108,-24.0784],[-46.6112,-24.0784],[-46.6112,-24.0788],[-46.6116,-24.0788],[-46.6116,-24.0796],[-46.612,-24.0796],[-46.612,-24.0812],[-46.612,-24.0816],[-46.6124,-24.0816],[-46.6124,-24.0824],[-46.6128,-24.0824],[-46.6128,-24.0828],[-46.6132,-24.0828],[-46.6132,-24.0832],[-46.6136,-24.0832],[-46.6136,-24.0836],[-46.614,-24.0836],[-46.6144,-24.0836],[-46.6144,-24.084],[-46.6148,-24.084],[-46.6148,-24.0844],[-46.6148,-24.0848],[-46.6152,-24.0848],[-46.6152,-24.0856],[-46.6168,-24.0856],[-46.6176,-24.0856],[-46.6176,-24.086],[-46.618,-24.086],[-46.618,-24.0864],[-46.618,-24.0868],[-46.6184,-24.0868],[-46.6188,-24.0868],[-46.6188,-24.0872],[-46.6192,-24.0872],[-46.6192,-24.0876],[-46.6196,-24.0876],[-46.6196,-24.088],[-46.62,-24.088],[-46.62,-24.0884],[-46.62,-24.0892],[-46.6196,-24.0892],[-46.6196,-24.0896],[-46.6188,-24.0896],[-46.6188,-24.09],[-46.6184,-24.09],[-46.6184,-24.0904],[-46.618,-24.0904],[-46.618,-24.0908],[-46.6176,-24.0908],[-46.6176,-24.092],[-46.6172,-24.092],[-46.6172,-24.0928],[-46.6172,-24.0932],[-46.6172,-24.0936],[-46.6172,-24.094],[-46.6168,-24.0944],[-46.6168,-24.0948],[-46.6164,-24.0952],[-46.6168,-24.0952],[-46.6176,-24.0956],[-46.6184,-24.096],[-46.6192,-24.0964],[-46.6196,-24.0964],[-46.6196,-24.0968],[-46.62,-24.0968],[-46.6204,-24.0968],[-46.6208,-24.0972],[-46.622,-24.0964],[-46.6232,-24.0956],[-46.6244,-24.0952],[-46.6256,-24.094],[-46.6268,-24.0928],[-46.6276,-24.0916],[-46.628,-24.0912],[-46.628,-24.0896],[-46.628,-24.0876],[-46.6284,-24.0868],[-46.6284,-24.086],[-46.6292,-24.0852],[-46.63,-24.0848],[-46.6316,-24.0848],[-46.6328,-24.0844],[-46.6316,-24.0832],[-46.6292,-24.0824],[-46.6264,-24.0804],[-46.6256,-24.0788],[-46.6248,-24.074],[-46.6232,-24.07],[-46.6224,-24.068],[-46.6208,-24.0644],[-46.6188,-24.0624],[-46.6168,-24.0612],[-46.6152,-24.0604],[-46.614,-24.0596],[-46.6128,-24.058],[-46.6116,-24.0564],[-46.6104,-24.0552],[-46.6088,-24.0544],[-46.6064,-24.0532],[-46.6052,-24.052],[-46.6024,-24.0508],[-46.6012,-24.0504],[-46.6,-24.05],[-46.5996,-24.05],[-46.5996,-24.0504],[-46.5992,-24.0504],[-46.5992,-24.0508],[-46.5988,-24.0508],[-46.5988,-24.0528],[-46.5984,-24.0528],[-46.5984,-24.0532],[-46.598,-24.0532],[-46.598,-24.054],[-46.598,-24.0544]]]}},{"type":"Feature","properties":{"dsubbc":"oceano","nome":"Drenagem direta ao oceano"},"geometry":{"type":"Polygon","coordinates":[[[-46.9,-24.046],[-46.8972,-24.046],[-46.8948,-24.046],[-46.8932,-24.0452],[-46.8916,-24.0452],[-46.8896,-24.0444],[-46.8868,-24.0444],[-46.8864,-24.0452],[-46.8796,-24.0476],[-46.8768,-24.048],[-46.8756,-24.0512],[-46.8784,-24.0532],[-46.8796,-24.056],[-46.8796,-24.058],[-46.8776,-24.0596],[-46.8752,-24.0608],[-46.8708,-24.064],[-46.868,-24.0656],[-46.8668,-24.0672],[-46.8652,-24.0684],[-46.8644,-24.0728],[-46.8616,-24.0756],[-46.8584,-24.0772],[-46.8564,-24.0792],[-46.8544,-24.08],[-46.8512,-24.0788],[-46.8476,-24.0812],[-46.8448,-24.0804],[-46.8412,-24.078],[-46.8388,-24.0772],[-46.8372,-24.0756],[-46.8304,-24.0752],[-46.828,-24.0752],[-46.8256,-24.0764],[-46.822,-24.0748],[-46.8208,-24.0744],[-46.8208,-24.0748],[-46.8216,-24.0764],[-46.8216,-24.0768],[-46.8216,-24.0776],[-46.8216,-24.0784],[-46.8216,-24.0788],[-46.8216,-24.0796],[-46.8212,-24.08],[-46.8208,-24.08],[-46.8204,-24.0804],[-46.82,-24.0808],[-46.82,-24.0812],[-46.8196,-24.0812],[-46.8196,-24.082],[-46.8192,-24.0824],[-46.8192,-24.0828],[-46.8188,-24.0832],[-46.8184,-24.0836],[-46.818,-24.0836],[-46.8176,-24.0836],[-46.8172,-24.0836],[-46.8172,-24.084],[-46.8168,-24.0844],[-46.8164,-24.0848],[-46.816,-24.0848],[-46.8156,-24.0844],[-46.816,-24.0836],[-46.8164,-24.0832],[-46.8164,-24.0828],[-46.816,-24.0824],[-46.8156,-24.0824],[-46.8152,-24.0824],[-46.8132,-24.084],[-46.8128,-24.0844],[-46.8124,-24.0844],[-46.812,-24.084],[-46.8116,-24.0836],[-46.8112,-24.0836],[-46.8108,-24.0836],[-46.8108,-24.084],[-46.8104,-24.0844],[-46.8104,-24.0848],[-46.8104,-24.0852],[-46.8108,-24.0852],[-46.8112,-24.0868],[-46.8112,-24.0872],[-46.8112,-24.0876],[-46.8108,-24.088],[-46.8104,-24.088],[-46.8096,-24.0884],[-46.8092,-24.0884],[-46.8088,-24.0884],[-46.8088,-24.0888],[-46.8092,-24.0888],[-46.8092,-24.0892],[-46.81,-24.09],[-46.8104,-24.09],[-46.8108,-24.0904],[-46.8108,-24.0908],[-46.8108,-24.0912],[-46.8104,-24.0912],[-46.81,-24.0912],[-46.8092,-24.0912],[-46.8088,-24.0912],[-46.8084,-24.0912],[-46.8084,-24.0916],[-46.8084,-24.092],[-46.8088,-24.0924],[-46.8092,-24.0928],[-46.8092,-24.0932],[-46.8088,-24.0936],[-46.8084,-24.094],[-46.8084,-24.0948],[-46.8088,-24.0952],[-46.8088,-24.0956],[-46.8088,-24.096],[-46.8084,-24.096],[-46.808,-24.0956],[-46.8076,-24.0956],[-46.8072,-24.0956],[-46.8068,-24.0956],[-46.8068,-24.096],[-46.8064,-24.096],[-46.8064,-24.0964],[-46.806,-24.0972],[-46.8064,-24.0972],[-46.8064,-24.0976],[-46.8068,-24.0976],[-46.8072,-24.0976],[-46.8076,-24.0976],[-46.808,-24.0972],[-46.8084,-24.0972],[-46.8084,-24.0968],[-46.8084,-24.0972],[-46.8088,-24.0972],[-46.8092,-24.0976],[-46.8092,-24.098],[-46.8088,-24.0984],[-46.8076,-24.0984],[-46.8072,-24.0984],[-46.8064,-24.0988],[-46.806,-24.0988],[-46.806,-24.0992],[-46.806,-24.0996],[-46.8064,-24.0996],[-46.8064,-24.1],[-46.8072,-24.1],[-46.8076,-24.1],[-46.808,-24.1004],[-46.8084,-24.1004],[-46.8084,-24.1008],[-46.808,-24.1016],[-46.808,-24.102],[-46.808,-24.1024],[-46.808,-24.1028],[-46.808,-24.1032],[-46.8084,-24.1036],[-46.8084,-24.104],[-46.8088,-24.104],[-46.8092,-24.104],[-46.8096,-24.104],[-46.81,-24.104],[-46.8104,-24.104],[-46.8108,-24.104],[-46.8112,-24.104],[-46.8116,-24.104],[-46.8116,-24.1044],[-46.8112,-24.1048],[-46.81,-24.1052],[-46.8096,-24.1052],[-46.8092,-24.1052],[-46.8088,-24.1052],[-46.8088,-24.1056],[-46.8088,-24.106],[-46.8092,-24.106],[-46.8096,-24.106],[-46.81,-24.106],[-46.8104,-24.1056],[-46.8116,-24.1056],[-46.812,-24.1056],[-46.8128,-24.1056],[-46.8132,-24.1056],[-46.8132,-24.106],[-46.8132,-24.1064],[-46.8128,-24.1068],[-46.8128,-24.1072],[-46.8124,-24.1072],[-46.812,-24.1076],[-46.8116,-24.1076],[-46.8116,-24.108],[-46.8116,-24.1084],[-46.8124,-24.1088],[-46.8136,-24.1088],[-46.814,-24.1088],[-46.814,-24.1092],[-46.8136,-24.1096],[-46.8132,-24.11],[-46.8132,-24.1104],[-46.8128,-24.1104],[-46.8124,-24.1104],[-46.812,-24.1104],[-46.8116,-24.1104],[-46.8108,-24.1104],[-46.8104,-24.1104],[-46.8104,-24.11],[-46.8104,-24.1096],[-46.8104,-24.1088],[-46.8104,-24.1084],[-46.81,-24.108],[-46.8096,-24.108],[-46.8092,-24.108],[-46.8088,-24.108],[-46.8088,-24.1084],[-46.8088,-24.1088],[-46.8084,-24.1092],[-46.808,-24.1104],[-46.808,-24.1108],[-46.808,-24.1112],[-46.8084,-24.112],[-46.8084,-24.1124],[-46.808,-24.1128],[-46.8076,-24.1128],[-46.8068,-24.1124],[-46.8064,-24.1124],[-46.806,-24.1124],[-46.8056,-24.1124],[-46.8056,-24.1128],[-46.8052,-24.1128],[-46.8048,-24.1136],[-46.8052,-24.114],[-46.8056,-24.1152],[-46.8056,-24.1156],[-46.8056,-24.116],[-46.8052,-24.116],[-46.8048,-24.116],[-46.8044,-24.1152],[-46.804,-24.1152],[-46.804,-24.1148],[-46.8036,-24.1152],[-46.8024,-24.1168],[-46.802,-24.1172],[-46.802,-24.1176],[-46.8024,-24.1176],[-46.8032,-24.1176],[-46.804,-24.1176],[-46.8044,-24.1176],[-46.8044,-24.118],[-46.804,-24.1184],[-46.8036,-24.1184],[-46.8028,-24.1184],[-46.8024,-24.1184],[-46.8016,-24.1188],[-46.8012,-24.1192],[-46.8012,-24.1188],[-46.8008,-24.1184],[-46.8008,-24.118],[-46.8004,-24.118],[-46.8,-24.118],[-46.8,-24.1184],[-46.7996,-24.1184],[-46.7996,-24.1192],[-46.7996,-24.12],[-46.7996,-24.1204],[-46.7996,-24.1208],[-46.7992,-24.1212],[-46.7988,-24.1212],[-46.7984,-24.1212],[-46.798,-24.1212],[-46.7972,-24.1208],[-46.7968,-24.1208],[-46.7968,-24.1204],[-46.7964,-24.1204],[-46.796,-24.1208],[-46.7956,-24.1212],[-46.7948,-24.1216],[-46.7948,-24.122],[-46.7952,-24.1224],[-46.7964,-24.1224],[-46.7968,-24.1224],[-46.796,-24.1232],[-46.7948,-24.124],[-46.7944,-24.124],[-46.794,-24.124],[-46.7932,-24.124],[-46.7928,-24.124],[-46.7928,-24.1256],[-46.7924,-24.1264],[-46.7924,-24.1268],[-46.792,-24.1272],[-46.7928,-24.1288],[-46.7928,-24.1292],[-46.7924,-24.1296],[-46.792,-24.13],[-46.7912,-24.1308],[-46.7908,-24.1308],[-46.7904,-24.1312],[-46.79,-24.1316],[-46.79,-24.132],[-46.7904,-24.1324],[-46.7916,-24.1324],[-46.792,-24.1324],[-46.7924,-24.1324],[-46.7928,-24.132],[-46.794,-24.1312],[-46.7944,-24.1308],[-46.7948,-24.1308],[-46.7956,-24.1308],[-46.796,-24.1308],[-46.7968,-24.1316],[-46.7976,-24.132],[-46.7976,-24.1324],[-46.7984,-24.1324],[-46.7988,-24.1324],[-46.8004,-24.132],[-46.8012,-24.132],[-46.8016,-24.132],[-46.8024,-24.132],[-46.8028,-24.1324],[-46.8032,-24.1328],[-46.8036,-24.1332],[-46.8036,-24.1336],[-46.8036,-24.1344],[-46.8032,-24.1348],[-46.8032,-24.1356],[-46.8024,-24.136],[-46.802,-24.136],[-46.8008,-24.136],[-46.8004,-24.136],[-46.8,-24.136],[-46.7996,-24.136],[-46.7992,-24.1364],[-46.7992,-24.1368],[-46.7996,-24.1376],[-46.7996,-24.138],[-46.7996,-24.1384],[-46.7992,-24.1396],[-46.7992,-24.1404],[-46.7992,-24.1412],[-46.7996,-24.1432],[-46.8004,-24.1444],[-46.8016,-24.1452],[-46.8048,-24.1468],[-46.806,-24.1472],[-46.8068,-24.148],[-46.8072,-24.148],[-46.8068,-24.1488],[-46.8072,-24.1504],[-46.8116,-24.1524],[-46.8156,-24.1524],[-46.818,-24.1532],[-46.8188,-24.154],[-46.8196,-24.1548],[-46.8208,-24.1572],[-46.8228,-24.16],[-46.8324,-24.1684],[-46.8352,-24.1684],[-46.8388,-24.168],[-46.844,-24.168],[-46.8488,-24.1696],[-46.852,-24.1732],[-46.8548,-24.1772],[-46.8568,-24.1808],[-46.8572,-24.1856],[-46.8584,-24.188],[-46.86,-24.1908],[-46.8664,-24.196],[-46.868,-24.2],[-46.8704,-24.2024],[-46.8768,-24.2052],[-46.8816,-24.2052],[-46.8884,-24.2052],[-46.8976,-24.2088],[-46.8996,-24.2108],[-46.9016,-24.2128],[-46.9044,-24.2144],[-46.908,-24.2156],[-46.9124,-24.2152],[-46.9164,-24.2148],[-46.9164,-24.2152],[-46.9164,-24.2156],[-46.916,-24.2156],[-46.916,-24.216],[-46.9156,-24.216],[-46.9152,-24.216],[-46.9152,-24.2164],[-46.9152,-24.2224],[-46.9148,-24.2224],[-46.9148,-24.224],[-46.9144,-24.224],[-46.9144,-24.2248],[-46.9144,-24.226],[-46.914,-24.226],[-46.914,-24.2272],[-46.9136,-24.2272],[-46.9136,-24.2284],[-46.9132,-24.2284],[-46.9132,-24.2292],[-46.9132,-24.2296],[-46.9128,-24.2296],[-46.9124,-24.2296],[-46.9124,-24.2332],[-46.9124,-24.2348],[-46.912,-24.2348],[-46.912,-24.2356],[-46.9116,-24.2356],[-46.9116,-24.2368],[-46.9112,-24.2368],[-46.9112,-24.238],[-46.9112,-24.2396],[-46.9108,-24.2396],[-46.9108,-24.2408],[-46.9104,-24.2408],[-46.9104,-24.242],[-46.9104,-24.2428],[-46.9108,-24.244],[-46.9112,-24.2452],[-46.9116,-24.2464],[-46.9132,-24.248],[-46.9144,-24.25],[-46.9152,-24.252],[-46.916,-24.2528],[-46.9184,-24.2556],[-46.9184,-24.256],[-46.918,-24.256],[-46.918,-24.2564],[-46.9176,-24.2564],[-46.9176,-24.2568],[-46.9172,-24.2568],[-46.9172,-24.2572],[-46.9168,-24.2572],[-46.9168,-24.2576],[-46.9164,-24.2576],[-46.9164,-24.258],[-46.9156,-24.258],[-46.9156,-24.2584],[-46.9152,-24.2584],[-46.9152,-24.2588],[-46.9148,-24.2588],[-46.9148,-24.2592],[-46.9144,-24.2592],[-46.9144,-24.2596],[-46.914,-24.2596],[-46.914,-24.26],[-46.9136,-24.26],[-46.9136,-24.2604],[-46.9132,-24.2604],[-46.9132,-24.2608],[-46.9128,-24.2608],[-46.9128,-24.2612],[-46.9136,-24.2616],[-46.9144,-24.262],[-46.9152,-24.2628],[-46.9164,-24.2632],[-46.9176,-24.264],[-46.9184,-24.2648],[-46.92,-24.2656],[-46.9208,-24.266],[-46.9208,-24.2664],[-46.9212,-24.2664],[-46.9216,-24.2668],[-46.9224,-24.2676],[-46.9232,-24.2676],[-46.9244,-24.2684],[-46.9264,-24.2696],[-46.9268,-24.27],[-46.9276,-24.2708],[-46.9288,-24.2712],[-46.9296,-24.272],[-46.9304,-24.2724],[-46.9308,-24.2728],[-46.932,-24.2712],[-46.9336,-24.27],[-46.934,-24.2696],[-46.9356,-24.2684],[-46.9364,-24.268],[-46.9376,-24.2672],[-46.9384,-24.2664],[-46.94,-24.2652],[-46.9412,-24.264],[-46.9416,-24.2636],[-46.9436,-24.2624],[-46.9448,-24.2616],[-46.946,-24.2608],[-46.9472,-24.2604],[-46.9484,-24.26],[-46.9492,-24.26],[-46.9504,-24.2596],[-46.9512,-24.2592],[-46.9504,-24.2588],[-46.95,-24.2584],[-46.9488,-24.258],[-46.9484,-24.2576],[-46.9476,-24.2568],[-46.9472,-24.2564],[-46.9468,-24.256],[-46.9464,-24.2556],[-46.946,-24.2552],[-46.9456,-24.2548],[-46.9452,-24.254],[-46.9444,-24.2536],[-46.944,-24.2532],[-46.9436,-24.2524],[-46.9432,-24.252],[-46.9428,-24.2516],[-46.942,-24.2504],[-46.942,-24.2492],[-46.9412,-24.2476],[-46.9412,-24.2456],[-46.9408,-24.2436],[-46.9404,-24.242],[-46.9404,-24.24],[-46.9404,-24.2384],[-46.9392,-24.2364],[-46.9384,-24.2344],[-46.9388,-24.2316],[-46.9388,-24.2296],[-46.9392,-24.2272],[-46.9408,-24.2248],[-46.9428,-24.2228],[-46.9436,-24.222],[-46.9456,-24.2204],[-46.9468,-24.2192],[-46.9468,-24.2172],[-46.948,-24.2148],[-46.9492,-24.2132],[-46.9512,-24.2116],[-46.9532,-24.2112],[-46.9556,-24.212],[-46.958,-24.212],[-46.9592,-24.2124],[-46.9608,-24.2136],[-46.9624,-24.2148],[-46.9644,-24.216],[-46.9664,-24.2172],[-46.968,-24.2176],[-46.9692,-24.2184],[-46.97,-24.2188],[-46.9708,-24.2196],[-46.972,-24.2204],[-46.9716,-24.2204],[-46.9716,-24.2216],[-46.972,-24.2216],[-46.972,-24.222],[-46.9732,-24.222],[-46.9732,-24.2216],[-46.976,-24.2216],[-46.976,-24.2212],[-46.9784,-24.2212],[-46.9796,-24.2216],[-46.9824,-24.2216],[-46.9836,-24.222],[-46.986,-24.222],[-46.9876,-24.222],[-46.9876,-24.2216],[-46.988,-24.2216],[-46.988,-24.2212],[-46.9884,-24.2212],[-46.9884,-24.2208],[-46.9896,-24.2208],[-46.9908,-24.2208],[-46.9908,-24.2204],[-46.992,-24.2204],[-46.992,-24.22],[-46.9924,-24.22],[-46.9928,-24.22],[-46.9928,-24.2196],[-46.9932,-24.2196],[-46.9932,-24.22],[-46.9936,-24.22],[-46.9956,-24.22],[-46.9968,-24.22],[-46.9976,-24.22],[-46.9976,-24.2196],[-47.0012,-24.2196],[-47.0012,-24.22],[-47.002,-24.22],[-47.002,-24.2196],[-47.0032,-24.2196],[-47.0032,-24.2192],[-47.0036,-24.2192],[-47.0036,-24.2188],[-47.004,-24.2188],[-47.0052,-24.2188],[-47.0056,-24.2188],[-47.006,-24.2188],[-47.006,-24.2184],[-47.0068,-24.2184],[-47.0068,-24.218],[-47.0076,-24.218],[-47.0092,-24.218],[-47.0108,-24.218],[-47.0108,-24.2184],[-47.0112,-24.2184],[-47.0112,-24.2188],[-47.0116,-24.2188],[-47.0116,-24.2192],[-47.012,-24.2192],[-47.012,-24.2196],[-47.0128,-24.2196],[-47.0128,-24.22],[-47.0148,-24.22],[-47.016,-24.22],[-47.0164,-24.22],[-47.0164,-24.2192],[-47.0164,-24.2184],[-47.0168,-24.2184],[-47.0168,-24.218],[-47.0172,-24.218],[-47.0172,-24.2172],[-47.0168,-24.2172],[-47.0164,-24.2172],[-47.0164,-24.2168],[-47.0164,-24.2164],[-47.016,-24.2164],[-47.0156,-24.2164],[-47.0156,-24.2132],[-47.016,-24.2132],[-47.016,-24.2124],[-47.0156,-24.2124],[-47.0156,-24.212],[-47.0152,-24.212],[-47.0152,-24.2112],[-47.0148,-24.2112],[-47.0144,-24.2112],[-47.0144,-24.2104],[-47.0148,-24.2104],[-47.0148,-24.21],[-47.0152,-24.21],[-47.0152,-24.2096],[-47.0152,-24.2092],[-47.0156,-24.2092],[-47.0156,-24.2088],[-47.016,-24.2088],[-47.0164,-24.2088],[-47.0164,-24.2072],[-47.0164,-24.2068],[-47.0168,-24.2068],[-47.0168,-24.2056],[-47.0172,-24.2056],[-47.0172,-24.2048],[-47.0172,-24.2044],[-47.0176,-24.2044],[-47.0176,-24.204],[-47.018,-24.204],[-47.018,-24.2036],[-47.0204,-24.2036],[-47.0204,-24.2032],[-47.0208,-24.2032],[-47.0216,-24.2032],[-47.0216,-24.2028],[-47.022,-24.2028],[-47.0224,-24.2028],[-47.0224,-24.2024],[-47.0224,-24.202],[-47.0228,-24.202],[-47.0228,-24.2016],[-47.0232,-24.2016],[-47.0232,-24.2012],[-47.0236,-24.2012],[-47.0236,-24.2008],[-47.0244,-24.2008],[-47.0244,-24.2004],[-47.0252,-24.2004],[-47.0256,-24.2004],[-47.0256,-24.2],[-47.026,-24.2],[-47.0272,-24.2],[-47.0288,-24.2],[-47.0288,-24.2004],[-47.0296,-24.2004],[-47.0296,-24.2008],[-47.0316,-24.2008],[-47.0316,-24.2004],[-47.0328,-24.2004],[-47.0328,-24.2008],[-47.0336,-24.2008],[-47.034,-24.2008],[-47.034,-24.2012],[-47.0348,-24.2012],[-47.0348,-24.2008],[-47.0352,-24.2008],[-47.0372,-24.2008],[-47.0372,-24.2004],[-47.038,-24.2004],[-47.038,-24.2008],[-47.0392,-24.2008],[-47.0392,-24.2004],[-47.0396,-24.2004],[-47.04,-24.2004],[-47.04,-24.2],[-47.0404,-24.2],[-47.0408,-24.2],[-47.0408,-24.1996],[-47.0416,-24.1996],[-47.0416,-24.1992],[-47.0428,-24.1992],[-47.0428,-24.1996],[-47.0432,-24.1996],[-47.0432,-24.1992],[-47.0432,-24.1988],[-47.044,-24.1988],[-47.0444,-24.1988],[-47.0444,-24.1984],[-47.0444,-24.198],[-47.0448,-24.198],[-47.0448,-24.1976],[-47.0452,-24.1976],[-47.0452,-24.1972],[-47.0456,-24.1972],[-47.0456,-24.1968],[-47.046,-24.1968],[-47.0464,-24.1968],[-47.0464,-24.1964],[-47.0464,-24.196],[-47.0472,-24.196],[-47.0476,-24.196],[-47.0476,-24.1956],[-47.048,-24.1956],[-47.048,-24.1952],[-47.0484,-24.1952],[-47.0484,-24.1948],[-47.0488,-24.1948],[-47.0492,-24.1948],[-47.0492,-24.1944],[-47.0496,-24.1944],[-47.0496,-24.1936],[-47.0496,-24.1932],[-47.05,-24.1932],[-47.05,-24.1924],[-47.0504,-24.1924],[-47.0504,-24.1912],[-47.0508,-24.1912],[-47.0508,-24.1908],[-47.0512,-24.1908],[-47.0512,-24.1904],[-47.0516,-24.1904],[-47.0516,-24.19],[-47.052,-24.19],[-47.052,-24.1896],[-47.0528,-24.1896],[-47.0528,-24.19],[-47.0556,-24.19],[-47.0556,-24.1896],[-47.0572,-24.1896],[-47.0572,-24.19],[-47.0576,-24.19],[-47.0584,-24.19],[-47.0584,-24.1896],[-47.0592,-24.1896],[-47.0592,-24.1892],[-47.0604,-24.1892],[-47.0608,-24.1892],[-47.0608,-24.1888],[-47.0616,-24.1888],[-47.0616,-24.1884],[-47.0628,-24.1884],[-47.0628,-24.188],[-47.0632,-24.188],[-47.0632,-24.1868],[-47.0628,-24.1868],[-47.0628,-24.1864],[-47.0628,-24.186],[-47.0612,-24.186],[-47.06,-24.186],[-47.06,-24.1856],[-47.0588,-24.1856],[-47.0588,-24.1852],[-47.0584,-24.1852],[-47.0584,-24.1844],[-47.058,-24.1844],[-47.058,-24.184],[-47.0576,-24.184],[-47.0572,-24.184],[-47.0572,-24.1832],[-47.0568,-24.1832],[-47.0568,-24.1828],[-47.0564,-24.1828],[-47.0564,-24.1824],[-47.0552,-24.1824],[-47.0552,-24.182],[-47.0544,-24.182],[-47.0528,-24.182],[-47.0524,-24.182],[-47.0524,-24.1824],[-47.052,-24.1824],[-47.0516,-24.1824],[-47.0516,-24.182],[-47.0504,-24.182],[-47.0496,-24.182],[-47.0496,-24.1816],[-47.0488,-24.1816],[-47.0488,-24.1812],[-47.0484,-24.1812],[-47.0476,-24.1812],[-47.0476,-24.1808],[-47.0476,-24.1804],[-47.0472,-24.1804],[-47.0472,-24.18],[-47.0468,-24.18],[-47.0464,-24.18],[-47.0464,-24.1796],[-47.046,-24.1796],[-47.046,-24.1792],[-47.0444,-24.1792],[-47.0436,-24.1792],[-47.0436,-24.1788],[-47.0432,-24.1788],[-47.0432,-24.178],[-47.0428,-24.178],[-47.0428,-24.1776],[-47.0424,-24.1776],[-47.0424,-24.1772],[-47.0424,-24.1744],[-47.042,-24.1744],[-47.042,-24.174],[-47.0416,-24.174],[-47.0416,-24.1736],[-47.042,-24.1736],[-47.042,-24.172],[-47.0416,-24.172],[-47.0416,-24.1708],[-47.0412,-24.1708],[-47.0412,-24.1704],[-47.0408,-24.1704],[-47.0408,-24.17],[-47.0404,-24.17],[-47.04,-24.17],[-47.04,-24.1696],[-47.0396,-24.1696],[-47.0396,-24.1692],[-47.0392,-24.1692],[-47.0388,-24.1692],[-47.0388,-24.1688],[-47.0384,-24.1688],[-47.0384,-24.1684],[-47.0384,-24.168],[-47.038,-24.168],[-47.038,-24.1676],[-47.0376,-24.1676],[-47.0376,-24.168],[-47.0372,-24.168],[-47.0372,-24.1684],[-47.0368,-24.1684],[-47.0368,-24.1688],[-47.0364,-24.1688],[-47.0364,-24.1692],[-47.036,-24.1692],[-47.036,-24.1696],[-47.0356,-24.1696],[-47.0356,-24.17],[-47.0352,-24.17],[-47.034,-24.17],[-47.034,-24.1692],[-47.0336,-24.1692],[-47.0336,-24.1684],[-47.034,-24.1684],[-47.034,-24.168],[-47.0336,-24.168],[-47.0336,-24.1676],[-47.0332,-24.1676],[-47.0332,-24.1672],[-47.0328,-24.1672],[-47.0324,-24.1672],[-47.0324,-24.1668],[-47.0324,-24.1648],[-47.032,-24.1648],[-47.032,-24.164],[-47.0316,-24.164],[-47.0312,-24.164],[-47.0312,-24.1636],[-47.0308,-24.1636],[-47.0308,-24.1632],[-47.0304,-24.1632],[-47.03,-24.1632],[-47.03,-24.1628],[-47.0296,-24.1628],[-47.0296,-24.1624],[-47.0296,-24.162],[-47.0292,-24.162],[-47.0292,-24.1616],[-47.0292,-24.162],[-47.0288,-24.162],[-47.0288,-24.1612],[-47.0284,-24.1612],[-47.0284,-24.1608],[-47.0292,-24.1608],[-47.0296,-24.1608],[-47.0296,-24.1604],[-47.03,-24.1604],[-47.0304,-24.1604],[-47.0304,-24.16],[-47.0304,-24.1596],[-47.0308,-24.1596],[-47.0308,-24.1572],[-47.0312,-24.1572],[-47.0316,-24.1572],[-47.0316,-24.1568],[-47.0316,-24.1564],[-47.032,-24.1564],[-47.0324,-24.1564],[-47.0324,-24.1552],[-47.0324,-24.1548],[-47.0328,-24.1548],[-47.0328,-24.1544],[-47.0332,-24.1544],[-47.0332,-24.1536],[-47.0328,-24.1536],[-47.0328,-24.1532],[-47.0324,-24.1532],[-47.0324,-24.1524],[-47.032,-24.1524],[-47.032,-24.1516],[-47.0324,-24.1516],[-47.0324,-24.1504],[-47.0324,-24.15],[-47.0328,-24.15],[-47.0328,-24.1496],[-47.0332,-24.1496],[-47.0332,-24.148],[-47.0328,-24.148],[-47.0328,-24.1484],[-47.0312,-24.1484],[-47.0312,-24.148],[-47.0304,-24.148],[-47.0304,-24.1476],[-47.0296,-24.1476],[-47.0296,-24.1472],[-47.0284,-24.1472],[-47.0284,-24.1468],[-47.028,-24.1468],[-47.028,-24.1464],[-47.0276,-24.1464],[-47.0272,-24.1464],[-47.0272,-24.146],[-47.0268,-24.146],[-47.0268,-24.1456],[-47.0264,-24.1456],[-47.0264,-24.1452],[-47.026,-24.1452],[-47.026,-24.1448],[-47.0236,-24.1448],[-47.0236,-24.1444],[-47.0232,-24.1444],[-47.0224,-24.1444],[-47.0224,-24.144],[-47.0216,-24.144],[-47.0216,-24.1436],[-47.0208,-24.1436],[-47.0208,-24.1432],[-47.02,-24.1432],[-47.0196,-24.1432],[-47.0196,-24.1428],[-47.0192,-24.1428],[-47.0192,-24.1424],[-47.0188,-24.1424],[-47.0168,-24.1424],[-47.0168,-24.142],[-47.016,-24.142],[-47.016,-24.1416],[-47.0156,-24.1416],[-47.0156,-24.142],[-47.0148,-24.142],[-47.0148,-24.1416],[-47.0132,-24.1416],[-47.0132,-24.1412],[-47.0128,-24.1412],[-47.0128,-24.1408],[-47.0124,-24.1408],[-47.0124,-24.1404],[-47.012,-24.1404],[-47.0116,-24.1404],[-47.0116,-24.1396],[-47.0116,-24.1392],[-47.0112,-24.1392],[-47.0108,-24.1392],[-47.0108,-24.1384],[-47.0104,-24.1384],[-47.0104,-24.1376],[-47.01,-24.1376],[-47.01,-24.1368],[-47.0096,-24.1368],[-47.0096,-24.1352],[-47.01,-24.1352],[-47.01,-24.1348],[-47.0104,-24.1348],[-47.0104,-24.1344],[-47.0108,-24.1344],[-47.0108,-24.134],[-47.0112,-24.134],[-47.0112,-24.1332],[-47.0108,-24.1332],[-47.0108,-24.1324],[-47.0108,-24.132],[-47.0104,-24.132],[-47.0104,-24.1316],[-47.01,-24.1316],[-47.01,-24.1312],[-47.0096,-24.1312],[-47.0092,-24.1312],[-47.0092,-24.1304],[-47.0088,-24.1304],[-47.0076,-24.1304],[-47.0076,-24.13],[-47.0076,-24.1292],[-47.0068,-24.1292],[-47.0068,-24.1296],[-47.006,-24.1296],[-47.006,-24.13],[-47.0056,-24.13],[-47.0056,-24.1304],[-47.0052,-24.1304],[-47.0052,-24.13],[-47.0036,-24.13],[-47.0036,-24.1296],[-47.0032,-24.1296],[-47.0032,-24.1272],[-47.0028,-24.1272],[-47.0028,-24.1264],[-47.0016,-24.1264],[-47.0012,-24.1264],[-47.0012,-24.126],[-47.0,-24.126],[-47.0,-24.1256],[-46.9988,-24.1256],[-46.9988,-24.1252],[-46.9984,-24.1252],[-46.9984,-24.1248],[-46.998,-24.1248],[-46.998,-24.1244],[-46.9968,-24.1244],[-46.9956,-24.1244],[-46.9956,-24.124],[-46.9956,-24.1236],[-46.9948,-24.1236],[-46.9944,-24.1236],[-46.9944,-24.1232],[-46.9936,-24.1232],[-46.9936,-24.1228],[-46.9936,-24.1224],[-46.9932,-24.1224],[-46.9908,-24.1224],[-46.9876,-24.1224],[-46.9876,-24.1228],[-46.9872,-24.1228],[-46.9872,-24.1236],[-46.9868,-24.1236],[-46.9868,-24.1244],[-46.9868,-24.1248],[-46.9864,-24.1248],[-46.9864,-24.1252],[-46.9852,-24.1252],[-46.9852,-24.1248],[-46.9848,-24.1248],[-46.9848,-24.1244],[-46.9844,-24.1244],[-46.9844,-24.124],[-46.984,-24.124],[-46.984,-24.1236],[-46.9836,-24.1236],[-46.9836,-24.1232],[-46.9824,-24.1232],[-46.9824,-24.1236],[-46.982,-24.1236],[-46.982,-24.1232],[-46.9808,-24.1232],[-46.9808,-24.1228],[-46.9796,-24.1228],[-46.9796,-24.1224],[-46.9788,-24.1224],[-46.9784,-24.1224],[-46.9784,-24.122],[-46.978,-24.122],[-46.978,-24.1216],[-46.9776,-24.1216],[-46.9776,-24.1212],[-46.9772,-24.1212],[-46.9772,-24.1208],[-46.9768,-24.1208],[-46.9768,-24.1192],[-46.9768,-24.1184],[-46.9764,-24.1184],[-46.976,-24.1184],[-46.976,-24.118],[-46.976,-24.1176],[-46.9756,-24.1176],[-46.9752,-24.1176],[-46.9752,-24.1172],[-46.9748,-24.1172],[-46.9748,-24.1164],[-46.9752,-24.1164],[-46.9752,-24.1156],[-46.9748,-24.1156],[-46.9748,-24.1152],[-46.9744,-24.1152],[-46.9744,-24.1148],[-46.9736,-24.1148],[-46.9736,-24.1144],[-46.9728,-24.1144],[-46.9728,-24.114],[-46.9724,-24.114],[-46.9724,-24.1136],[-46.972,-24.1136],[-46.972,-24.1132],[-46.972,-24.1112],[-46.972,-24.1104],[-46.9724,-24.1104],[-46.972,-24.1104],[-46.972,-24.11],[-46.9728,-24.1096],[-46.9732,-24.1084],[-46.9732,-24.1076],[-46.9732,-24.1064],[-46.9732,-24.106],[-46.972,-24.1056],[-46.9704,-24.1052],[-46.9684,-24.1048],[-46.9664,-24.104],[-46.9652,-24.1036],[-46.9648,-24.1028],[-46.9644,-24.102],[-46.9644,-24.1016],[-46.964,-24.1012],[-46.9644,-24.1012],[-46.9644,-24.1016],[-46.9652,-24.1016],[-46.966,-24.1016],[-46.9668,-24.1016],[-46.9668,-24.1012],[-46.9668,-24.1008],[-46.9672,-24.1008],[-46.9672,-24.1004],[-46.9676,-24.1004],[-46.9676,-24.0996],[-46.968,-24.0996],[-46.968,-24.0992],[-46.9688,-24.0992],[-46.9688,-24.0988],[-46.9688,-24.0984],[-46.9692,-24.0984],[-46.9692,-24.0964],[-46.9688,-24.0964],[-46.9688,-24.0944],[-46.9692,-24.0944],[-46.9692,-24.0932],[-46.9696,-24.0932],[-46.9696,-24.0924],[-46.97,-24.0924],[-46.97,-24.0916],[-46.9708,-24.0916],[-46.9708,-24.0912],[-46.9716,-24.0912],[-46.9716,-24.0908],[-46.972,-24.0908],[-46.9724,-24.0908],[-46.9724,-24.0904],[-46.9732,-24.0904],[-46.9732,-24.09],[-46.9736,-24.09],[-46.9736,-24.0896],[-46.974,-24.0896],[-46.9744,-24.0896],[-46.9744,-24.0892],[-46.9748,-24.0892],[-46.9748,-24.0888],[-46.9752,-24.0888],[-46.9756,-24.0888],[-46.9756,-24.0884],[-46.976,-24.0884],[-46.976,-24.088],[-46.976,-24.0876],[-46.9764,-24.0876],[-46.9772,-24.0876],[-46.9776,-24.0876],[-46.9776,-24.0872],[-46.978,-24.0872],[-46.978,-24.0868],[-46.9784,-24.0868],[-46.9788,-24.0868],[-46.9788,-24.0856],[-46.9784,-24.0856],[-46.9784,-24.0832],[-46.9784,-24.0816],[-46.9788,-24.0816],[-46.9788,-24.0812],[-46.9788,-24.0808],[-46.98,-24.0808],[-46.9808,-24.0808],[-46.9808,-24.0804],[-46.9808,-24.08],[-46.9812,-24.08],[-46.9812,-24.0796],[-46.9816,-24.0796],[-46.9816,-24.0784],[-46.982,-24.0784],[-46.982,-24.0776],[-46.9824,-24.0776],[-46.9824,-24.0772],[-46.9828,-24.0772],[-46.9828,-24.0768],[-46.9832,-24.0768],[-46.9832,-24.076],[-46.9836,-24.076],[-46.9836,-24.0756],[-46.984,-24.0756],[-46.9836,-24.0756],[-46.9836,-24.0736],[-46.9832,-24.0736],[-46.9828,-24.0736],[-46.9828,-24.0732],[-46.9828,-24.0728],[-46.9824,-24.0728],[-46.982,-24.0728],[-46.982,-24.0716],[-46.982,-24.0708],[-46.9816,-24.0708],[-46.9816,-24.07],[-46.9812,-24.07],[-46.9812,-24.0696],[-46.9808,-24.0696],[-46.9804,-24.0696],[-46.9804,-24.0684],[-46.98,-24.0684],[-46.98,-24.068],[-46.9796,-24.068],[-46.9796,-24.0676],[-46.9788,-24.0676],[-46.978,-24.0676],[-46.978,-24.0672],[-46.978,-24.066],[-46.9776,-24.066],[-46.9776,-24.0656],[-46.9768,-24.0656],[-46.9768,-24.0652],[-46.976,-24.0652],[-46.976,-24.0648],[-46.9764,-24.0648],[-46.9764,-24.0632],[-46.9768,-24.0632],[-46.9768,-24.0628],[-46.9764,-24.0628],[-46.9748,-24.0628],[-46.9748,-24.0624],[-46.974,-24.0624],[-46.974,-24.062],[-46.9724,-24.062],[-46.9724,-24.0616],[-46.972,-24.0616],[-46.9708,-24.0616],[-46.97,-24.0616],[-46.97,-24.0612],[-46.9688,-24.0612],[-46.9688,-24.0608],[-46.9684,-24.0608],[-46.9684,-24.06],[-46.968,-24.06],[-46.968,-24.0596],[-46.968,-24.0592],[-46.9676,-24.0592],[-46.9676,-24.0588],[-46.966,-24.0588],[-46.966,-24.0584],[-46.9652,-24.0584],[-46.9652,-24.058],[-46.9656,-24.058],[-46.966,-24.058],[-46.966,-24.0576],[-46.966,-24.0572],[-46.9664,-24.0572],[-46.9664,-24.0568],[-46.9668,-24.0568],[-46.9668,-24.0564],[-46.9668,-24.0548],[-46.9672,-24.0548],[-46.9672,-24.0544],[-46.9668,-24.0544],[-46.9668,-24.0528],[-46.9668,-24.0524],[-46.9664,-24.0524],[-46.9664,-24.052],[-46.9668,-24.052],[-46.9668,-24.05],[-46.9664,-24.05],[-46.9664,-24.0496],[-46.966,-24.0496],[-46.966,-24.0488],[-46.9664,-24.0488],[-46.9664,-24.0484],[-46.9668,-24.0484],[-46.9668,-24.048],[-46.9668,-24.0472],[-46.9672,-24.0472],[-46.9672,-24.0468],[-46.9676,-24.0468],[-46.968,-24.0468],[-46.968,-24.0464],[-46.968,-24.046],[-46.9676,-24.046],[-46.9676,-24.0456],[-46.9668,-24.0456],[-46.9668,-24.0452],[-46.9664,-24.0452],[-46.9664,-24.0448],[-46.966,-24.0448],[-46.966,-24.0444],[-46.9656,-24.0444],[-46.9656,-24.044],[-46.9652,-24.044],[-46.9652,-24.0432],[-46.962,-24.0432],[-46.962,-24.0472],[-46.962,-24.0476],[-46.9608,-24.0476],[-46.9608,-24.048],[-46.9604,-24.048],[-46.9604,-24.0476],[-46.9592,-24.0476],[-46.9592,-24.0472],[-46.9584,-24.0472],[-46.9584,-24.0468],[-46.958,-24.0468],[-46.958,-24.046],[-46.9576,-24.046],[-46.9576,-24.0456],[-46.9568,-24.0456],[-46.9568,-24.046],[-46.9564,-24.046],[-46.9564,-24.0464],[-46.956,-24.0464],[-46.956,-24.0468],[-46.9556,-24.0468],[-46.954,-24.0468],[-46.954,-24.0464],[-46.9536,-24.0464],[-46.9536,-24.046],[-46.9532,-24.046],[-46.9528,-24.046],[-46.9528,-24.0456],[-46.9524,-24.0456],[-46.9524,-24.0452],[-46.952,-24.0452],[-46.952,-24.0456],[-46.952,-24.046],[-46.9516,-24.046],[-46.9512,-24.046],[-46.9512,-24.0464],[-46.9508,-24.0464],[-46.9508,-24.0468],[-46.9504,-24.0468],[-46.95,-24.0468],[-46.95,-24.0464],[-46.948,-24.0464],[-46.948,-24.046],[-46.9476,-24.046],[-46.9476,-24.0456],[-46.9472,-24.0456],[-46.9472,-24.044],[-46.9472,-24.0436],[-46.9476,-24.0436],[-46.9476,-24.0432],[-46.948,-24.0432],[-46.948,-24.0428],[-46.948,-24.0424],[-46.9476,-24.0424],[-46.9476,-24.0412],[-46.9472,-24.0412],[-46.9472,-24.0408],[-46.946,-24.0408],[-46.946,-24.0404],[-46.946,-24.04],[-46.9464,-24.04],[-46.9464,-24.0372],[-46.9468,-24.0372],[-46.9468,-24.0368],[-46.9472,-24.0368],[-46.9472,-24.0356],[-46.9468,-24.0356],[-46.9464,-24.0352],[-46.946,-24.0352],[-46.946,-24.0348],[-46.9456,-24.0348],[-46.9456,-24.0344],[-46.9452,-24.0344],[-46.9452,-24.0352],[-46.9452,-24.0356],[-46.9448,-24.0356],[-46.9448,-24.036],[-46.9436,-24.036],[-46.9436,-24.0364],[-46.9432,-24.0364],[-46.9432,-24.0368],[-46.9428,-24.0368],[-46.9428,-24.0372],[-46.942,-24.0372],[-46.942,-24.0376],[-46.942,-24.0372],[-46.9416,-24.0372],[-46.9416,-24.0368],[-46.9408,-24.0368],[-46.94,-24.0368],[-46.94,-24.0376],[-46.94,-24.038],[-46.9396,-24.038],[-46.9392,-24.038],[-46.9392,-24.0384],[-46.9388,-24.0384],[-46.9388,-24.038],[-46.9384,-24.038],[-46.9384,-24.0372],[-46.938,-24.0372],[-46.938,-24.0356],[-46.9384,-24.0356],[-46.9384,-24.034],[-46.938,-24.034],[-46.938,-24.0336],[-46.9376,-24.0336],[-46.9376,-24.0328],[-46.9372,-24.0328],[-46.9372,-24.0332],[-46.936,-24.0332],[-46.936,-24.0348],[-46.9344,-24.0348],[-46.934,-24.0348],[-46.934,-24.0352],[-46.9336,-24.0352],[-46.9336,-24.0372],[-46.934,-24.0372],[-46.934,-24.0376],[-46.934,-24.0396],[-46.934,-24.04],[-46.9324,-24.04],[-46.932,-24.04],[-46.932,-24.0416],[-46.932,-24.042],[-46.9312,-24.042],[-46.9308,-24.042],[-46.9308,-24.0424],[-46.9304,-24.0424],[-46.9304,-24.0428],[-46.93,-24.0428],[-46.93,-24.044],[-46.9292,-24.044],[-46.9292,-24.0444],[-46.9288,-24.0444],[-46.9288,-24.0448],[-46.9284,-24.0448],[-46.9272,-24.0448],[-46.926,-24.0448],[-46.926,-24.0452],[-46.9248,-24.0452],[-46.9248,-24.0456],[-46.9244,-24.0456],[-46.9244,-24.046],[-46.924,-24.046],[-46.924,-24.0452],[-46.9236,-24.0452],[-46.9236,-24.0448],[-46.9232,-24.0448],[-46.9228,-24.0448],[-46.9228,-24.044],[-46.9204,-24.044],[-46.9204,-24.0424],[-46.92,-24.0424],[-46.92,-24.042],[-46.9192,-24.042],[-46.9188,-24.042],[-46.9188,-24.0416],[-46.9184,-24.0416],[-46.9184,-24.042],[-46.918,-24.042],[-46.918,-24.0424],[-46.9176,-24.0424],[-46.9176,-24.0428],[-46.9172,-24.0428],[-46.9168,-24.0428],[-46.9168,-24.0432],[-46.9164,-24.0432],[-46.9164,-24.0436],[-46.9152,-24.0436],[-46.9152,-24.044],[-46.9144,-24.044],[-46.9144,-24.0436],[-46.914,-24.0436],[-46.914,-24.0432],[-46.9136,-24.0432],[-46.9136,-24.0436],[-46.9132,-24.0436],[-46.9132,-24.044],[-46.9128,-24.044],[-46.9128,-24.0444],[-46.9124,-24.0444],[-46.9124,-24.0448],[-46.9116,-24.0448],[-46.9116,-24.0452],[-46.9112,-24.0452],[-46.9112,-24.0456],[-46.9112,-24.046],[-46.9108,-24.046],[-46.9104,-24.046],[-46.9104,-24.0468],[-46.91,-24.0468],[-46.91,-24.0472],[-46.9096,-24.0472],[-46.9096,-24.048],[-46.9092,-24.048],[-46.908,-24.048],[-46.9068,-24.048],[-46.9068,-24.0484],[-46.9052,-24.0484],[-46.9052,-24.048],[-46.9048,-24.048],[-46.9048,-24.0468],[-46.9044,-24.0468],[-46.904,-24.0468],[-46.904,-24.0464],[-46.9036,-24.0464],[-46.9036,-24.046],[-46.9032,-24.046],[-46.9024,-24.046],[-46.9004,-24.046],[-46.9004,-24.0464],[-46.9,-24.0464],[-46.9,-24.046]]]}},{"type":"Feature","properties":{"dsubbc":"oceano","nome":"Drenagem direta ao oceano"},"geometry":{"type":"Polygon","coordinates":[[[-46.2656,-24.0048],[-46.266,-24.0052],[-46.2664,-24.0056],[-46.2664,-24.006],[-46.2668,-24.0064],[-46.2672,-24.0064],[-46.2672,-24.0068],[-46.2672,-24.0072],[-46.2676,-24.0072],[-46.2676,-24.0076],[-46.2676,-24.008],[-46.2676,-24.0084],[-46.268,-24.0088],[-46.2676,-24.0092],[-46.2676,-24.0096],[-46.2672,-24.01],[-46.2668,-24.0104],[-46.2664,-24.01],[-46.266,-24.0096],[-46.2656,-24.01],[-46.2652,-24.01],[-46.2648,-24.0104],[-46.2648,-24.0108],[-46.2644,-24.0112],[-46.2644,-24.0116],[-46.2644,-24.012],[-46.264,-24.012],[-46.2636,-24.0124],[-46.2632,-24.0124],[-46.2628,-24.0128],[-46.2628,-24.0132],[-46.2628,-24.0136],[-46.2628,-24.014],[-46.2632,-24.014],[-46.2632,-24.0144],[-46.2636,-24.014],[-46.264,-24.014],[-46.264,-24.0144],[-46.2636,-24.0144],[-46.264,-24.0144],[-46.2644,-24.0144],[-46.2648,-24.0144],[-46.2648,-24.014],[-46.2648,-24.0144],[-46.2652,-24.0144],[-46.2656,-24.0144],[-46.266,-24.014],[-46.2664,-24.014],[-46.2668,-24.0136],[-46.2672,-24.0132],[-46.2676,-24.0132],[-46.2676,-24.0128],[-46.268,-24.0128],[-46.2684,-24.0128],[-46.2688,-24.0128],[-46.2692,-24.0128],[-46.2696,-24.0132],[-46.27,-24.0136],[-46.2708,-24.0136],[-46.2712,-24.0136],[-46.2716,-24.014],[-46.272,-24.0144],[-46.272,-24.0148],[-46.2724,-24.0148],[-46.2728,-24.0148],[-46.2732,-24.0148],[-46.2732,-24.0152],[-46.2736,-24.0152],[-46.2736,-24.0156],[-46.274,-24.0156],[-46.2744,-24.0156],[-46.2748,-24.016],[-46.2752,-24.0164],[-46.2752,-24.0168],[-46.2756,-24.0172],[-46.2756,-24.0176],[-46.2756,-24.018],[-46.2756,-24.0184],[-46.2756,-24.0188],[-46.2756,-24.0192],[-46.2764,-24.0196],[-46.2768,-24.0196],[-46.2772,-24.0196],[-46.2776,-24.0196],[-46.2776,-24.0204],[-46.2784,-24.0216],[-46.2788,-24.022],[-46.2788,-24.0224],[-46.2792,-24.0224],[-46.2792,-24.0228],[-46.2792,-24.0232],[-46.2792,-24.0236],[-46.2792,-24.024],[-46.2792,-24.0244],[-46.2792,-24.0248],[-46.2792,-24.0252],[-46.2796,-24.0252],[-46.2796,-24.0256],[-46.2796,-24.026],[-46.28,-24.026],[-46.28,-24.0264],[-46.28,-24.0268],[-46.28,-24.0272],[-46.28,-24.0276],[-46.2796,-24.028],[-46.2796,-24.0284],[-46.2792,-24.0288],[-46.2788,-24.0292],[-46.2784,-24.0292],[-46.2784,-24.0296],[-46.2784,-24.03],[-46.278,-24.0304],[-46.2776,-24.0304],[-46.2776,-24.0308],[-46.2776,-24.0312],[-46.2776,-24.0316],[-46.2776,-24.032],[-46.2776,-24.0324],[-46.2776,-24.0328],[-46.2776,-24.0332],[-46.278,-24.0336],[-46.278,-24.034],[-46.2776,-24.0344],[-46.2776,-24.0348],[-46.278,-24.0352],[-46.278,-24.0356],[-46.278,-24.036],[-46.278,-24.0364],[-46.2784,-24.0364],[-46.2784,-24.0368],[-46.2788,-24.0368],[-46.2792,-24.0372],[-46.2796,-24.0376],[-46.28,-24.0376],[-46.2804,-24.0376],[-46.2812,-24.0376],[-46.2816,-24.038],[-46.2816,-24.0384],[-46.2812,-24.0388],[-46.2812,-24.0392],[-46.2812,-24.0396],[-46.2816,-24.0396],[-46.2816,-24.04],[-46.2816,-24.0404],[-46.2812,-24.0404],[-46.2812,-24.0408],[-46.2816,-24.0408],[-46.282,-24.0412],[-46.2824,-24.0416],[-46.2824,-24.042],[-46.2824,-24.0424],[-46.2824,-24.0428],[-46.2824,-24.0432],[-46.2828,-24.0432],[-46.2832,-24.0432],[-46.2836,-24.0436],[-46.284,-24.0436],[-46.2844,-24.044],[-46.2848,-24.044],[-46.2852,-24.044],[-46.2856,-24.044],[-46.2856,-24.0444],[-46.286,-24.0444],[-46.286,-24.0448],[-46.2864,-24.0448],[-46.2868,-24.0448],[-46.2872,-24.0448],[-46.2872,-24.0452],[-46.2876,-24.0452],[-46.288,-24.0452],[-46.2884,-24.0452],[-46.2888,-24.0452],[-46.2892,-24.0452],[-46.2892,-24.0448],[-46.2888,-24.0444],[-46.2884,-24.044],[-46.288,-24.044],[-46.288,-24.0436],[-46.288,-24.0432],[-46.2876,-24.0432],[-46.2876,-24.0428],[-46.2876,-24.0424],[-46.2876,-24.042],[-46.2884,-24.0412],[-46.2888,-24.0408],[-46.2892,-24.0408],[-46.2896,-24.0404],[-46.2896,-24.04],[-46.2892,-24.0392],[-46.2892,-24.0388],[-46.2888,-24.0388],[-46.2884,-24.0388],[-46.2876,-24.0388],[-46.2872,-24.0388],[-46.2868,-24.0384],[-46.2868,-24.038],[-46.2872,-24.038],[-46.2876,-24.038],[-46.288,-24.038],[-46.288,-24.0376],[-46.2884,-24.0376],[-46.2888,-24.0372],[-46.2888,-24.0368],[-46.2888,-24.0364],[-46.2884,-24.0364],[-46.288,-24.0364],[-46.2876,-24.0364],[-46.2876,-24.036],[-46.2876,-24.0356],[-46.288,-24.0352],[-46.288,-24.0348],[-46.2876,-24.0344],[-46.2872,-24.0344],[-46.2868,-24.034],[-46.2864,-24.0336],[-46.286,-24.0336],[-46.2856,-24.0332],[-46.2852,-24.0328],[-46.2848,-24.0328],[-46.2848,-24.0324],[-46.2844,-24.0324],[-46.2844,-24.032],[-46.2844,-24.0316],[-46.2844,-24.0312],[-46.2844,-24.0308],[-46.284,-24.0308],[-46.284,-24.0304],[-46.284,-24.03],[-46.2844,-24.0296],[-46.2844,-24.0292],[-46.2844,-24.0288],[-46.2848,-24.0288],[-46.2852,-24.0288],[-46.2856,-24.0288],[-46.2856,-24.0284],[-46.2856,-24.028],[-46.2852,-24.0276],[-46.2848,-24.0272],[-46.2844,-24.0268],[-46.284,-24.0264],[-46.284,-24.026],[-46.284,-24.0256],[-46.284,-24.0252],[-46.2844,-24.0248],[-46.2848,-24.0244],[-46.2852,-24.0244],[-46.2856,-24.0244],[-46.286,-24.0244],[-46.2864,-24.0244],[-46.2868,-24.0244],[-46.2872,-24.0252],[-46.2876,-24.0252],[-46.288,-24.0252],[-46.2884,-24.0252],[-46.2888,-24.0256],[-46.2892,-24.0256],[-46.2896,-24.0256],[-46.2896,-24.0252],[-46.2896,-24.0248],[-46.2896,-24.0244],[-46.2896,-24.024],[-46.29,-24.024],[-46.2904,-24.024],[-46.2908,-24.024],[-46.2912,-24.024],[-46.2912,-24.0236],[-46.2916,-24.0232],[-46.292,-24.0232],[-46.292,-24.0228],[-46.2924,-24.0224],[-46.2924,-24.022],[-46.292,-24.022],[-46.2916,-24.0216],[-46.2912,-24.0212],[-46.2912,-24.0208],[-46.2908,-24.0204],[-46.2908,-24.02],[-46.2908,-24.0196],[-46.2912,-24.0196],[-46.2912,-24.0192],[-46.2916,-24.0192],[-46.292,-24.0188],[-46.2924,-24.0184],[-46.2928,-24.018],[-46.2932,-24.018],[-46.2936,-24.0176],[-46.294,-24.0172],[-46.2944,-24.0172],[-46.2944,-24.0168],[-46.2948,-24.0168],[-46.2952,-24.0164],[-46.2956,-24.016],[-46.296,-24.016],[-46.2964,-24.016],[-46.2964,-24.0156],[-46.2968,-24.0156],[-46.2972,-24.0156],[-46.2976,-24.016],[-46.298,-24.0156],[-46.2984,-24.016],[-46.2976,-24.014],[-46.2964,-24.0132],[-46.294,-24.0128],[-46.2924,-24.012],[-46.2912,-24.012],[-46.2892,-24.0116],[-46.2872,-24.0116],[-46.284,-24.0116],[-46.2828,-24.0112],[-46.2816,-24.0108],[-46.2804,-24.01],[-46.2788,-24.0088],[-46.2764,-24.0076],[-46.2744,-24.0064],[-46.2732,-24.0052],[-46.2716,-24.004],[-46.2708,-24.0032],[-46.2692,-24.0016],[-46.2688,-24.0016],[-46.2688,-24.002],[-46.2684,-24.002],[-46.2684,-24.0024],[-46.268,-24.0024],[-46.268,-24.0028],[-46.268,-24.0032],[-46.2676,-24.0032],[-46.2672,-24.0032],[-46.2672,-24.0044],[-46.2672,-24.0048],[-46.2656,-24.0048]]]}},{"type":"Feature","properties":{"dsubbc":"oceano","nome":"Drenagem direta ao oceano"},"geometry":{"type":"Polygon","coordinates":[[[-46.5932,-23.9976],[-46.5932,-23.998],[-46.5928,-23.998],[-46.5924,-23.998],[-46.5924,-23.9984],[-46.592,-23.9984],[-46.592,-23.9992],[-46.592,-23.9996],[-46.5916,-23.9996],[-46.5916,-24.0],[-46.5912,-24.0],[-46.5912,-24.0004],[-46.5912,-24.002],[-46.5916,-24.002],[-46.5916,-24.0024],[-46.592,-24.0024],[-46.592,-24.0028],[-46.592,-24.0048],[-46.592,-24.0052],[-46.5916,-24.0052],[-46.5916,-24.006],[-46.5912,-24.006],[-46.5912,-24.0064],[-46.5912,-24.0068],[-46.5904,-24.0068],[-46.5904,-24.0072],[-46.59,-24.0072],[-46.59,-24.0076],[-46.5896,-24.0076],[-46.5896,-24.0092],[-46.5892,-24.0092],[-46.5892,-24.0096],[-46.5892,-24.01],[-46.5896,-24.01],[-46.59,-24.01],[-46.59,-24.0104],[-46.59,-24.0108],[-46.5904,-24.0108],[-46.5904,-24.0112],[-46.5908,-24.0112],[-46.5912,-24.0112],[-46.5912,-24.0116],[-46.5916,-24.0116],[-46.5916,-24.012],[-46.592,-24.012],[-46.5924,-24.012],[-46.5924,-24.0124],[-46.5932,-24.0124],[-46.5932,-24.0128],[-46.5932,-24.0132],[-46.5936,-24.0132],[-46.594,-24.0132],[-46.594,-24.0136],[-46.5944,-24.0136],[-46.5944,-24.014],[-46.5952,-24.014],[-46.5952,-24.0144],[-46.5952,-24.0148],[-46.5956,-24.0148],[-46.5956,-24.0152],[-46.596,-24.0152],[-46.596,-24.0156],[-46.5964,-24.0156],[-46.5964,-24.016],[-46.5968,-24.016],[-46.5968,-24.0164],[-46.5972,-24.0164],[-46.5972,-24.0168],[-46.5972,-24.0172],[-46.5976,-24.0172],[-46.598,-24.0172],[-46.598,-24.0176],[-46.598,-24.018],[-46.5988,-24.018],[-46.5992,-24.018],[-46.5992,-24.0184],[-46.5992,-24.0192],[-46.5996,-24.0192],[-46.5996,-24.0196],[-46.6,-24.0196],[-46.6,-24.02],[-46.6004,-24.02],[-46.6008,-24.02],[-46.6008,-24.0208],[-46.6012,-24.0208],[-46.6012,-24.0212],[-46.6016,-24.0212],[-46.6016,-24.0216],[-46.602,-24.0216],[-46.602,-24.022],[-46.6024,-24.022],[-46.6028,-24.022],[-46.6028,-24.0224],[-46.6032,-24.0224],[-46.6032,-24.0228],[-46.6036,-24.0228],[-46.6036,-24.0232],[-46.604,-24.0232],[-46.604,-24.0236],[-46.6044,-24.0236],[-46.6044,-24.024],[-46.6048,-24.024],[-46.6048,-24.0244],[-46.6048,-24.026],[-46.6044,-24.026],[-46.6044,-24.0264],[-46.604,-24.0264],[-46.604,-24.0268],[-46.604,-24.028],[-46.6036,-24.028],[-46.6036,-24.0284],[-46.604,-24.0284],[-46.604,-24.0288],[-46.604,-24.0308],[-46.6044,-24.0308],[-46.6044,-24.0316],[-46.6048,-24.0316],[-46.6048,-24.032],[-46.6052,-24.032],[-46.6052,-24.0324],[-46.6056,-24.0324],[-46.6056,-24.0328],[-46.606,-24.0328],[-46.606,-24.0332],[-46.606,-24.0336],[-46.6064,-24.0336],[-46.6064,-24.034],[-46.6068,-24.034],[-46.6068,-24.0348],[-46.6072,-24.0348],[-46.6072,-24.0356],[-46.6072,-24.036],[-46.6076,-24.036],[-46.6076,-24.0364],[-46.608,-24.0364],[-46.608,-24.0368],[-46.608,-24.0372],[-46.6084,-24.0372],[-46.6084,-24.0376],[-46.6092,-24.0376],[-46.6092,-24.038],[-46.6088,-24.038],[-46.6084,-24.038],[-46.6084,-24.0384],[-46.608,-24.0384],[-46.608,-24.0388],[-46.6076,-24.0388],[-46.6076,-24.0392],[-46.6072,-24.0392],[-46.6072,-24.0396],[-46.6072,-24.04],[-46.6068,-24.04],[-46.6068,-24.0404],[-46.6064,-24.0404],[-46.6064,-24.0408],[-46.606,-24.0408],[-46.606,-24.0416],[-46.606,-24.042],[-46.6056,-24.042],[-46.6052,-24.042],[-46.6052,-24.0424],[-46.6044,-24.0424],[-46.6044,-24.0428],[-46.6036,-24.0428],[-46.602,-24.0428],[-46.602,-24.0432],[-46.6016,-24.0432],[-46.6016,-24.0436],[-46.6012,-24.0436],[-46.6012,-24.044],[-46.6012,-24.0444],[-46.6004,-24.0444],[-46.6004,-24.0448],[-46.6,-24.0448],[-46.6,-24.0452],[-46.5996,-24.0452],[-46.5996,-24.0456],[-46.6,-24.0456],[-46.6,-24.046],[-46.6,-24.0464],[-46.6004,-24.0464],[-46.6004,-24.0468],[-46.6008,-24.0468],[-46.6008,-24.0472],[-46.6008,-24.0484],[-46.6004,-24.0484],[-46.6004,-24.0488],[-46.6,-24.0488],[-46.6,-24.05],[-46.6012,-24.0504],[-46.6024,-24.0508],[-46.6052,-24.052],[-46.6064,-24.0532],[-46.6088,-24.0544],[-46.6104,-24.0552],[-46.6116,-24.0564],[-46.6128,-24.058],[-46.614,-24.0596],[-46.6152,-24.0604],[-46.6168,-24.0612],[-46.6188,-24.0624],[-46.6208,-24.0644],[-46.6224,-24.068],[-46.6232,-24.07],[-46.6248,-24.074],[-46.6256,-24.0788],[-46.6264,-24.0804],[-46.6292,-24.0824],[-46.6316,-24.0832],[-46.6328,-24.0844],[-46.6336,-24.086],[-46.6336,-24.0876],[-46.634,-24.0884],[-46.6348,-24.0892],[-46.6352,-24.0908],[-46.6356,-24.0916],[-46.6356,-24.092],[-46.6356,-24.0932],[-46.6356,-24.0944],[-46.636,-24.0948],[-46.6364,-24.0952],[-46.6376,-24.0964],[-46.6384,-24.0976],[-46.6388,-24.098],[-46.6396,-24.0988],[-46.6424,-24.0992],[-46.6448,-24.0996],[-46.6468,-24.1],[-46.6484,-24.1],[-46.6504,-24.1],[-46.6528,-24.1],[-46.6544,-24.1],[-46.658,-24.1004],[-46.66,-24.1012],[-46.6628,-24.104],[-46.666,-24.1068],[-46.6664,-24.1076],[-46.6692,-24.1096],[-46.67,-24.11],[-46.6716,-24.1116],[-46.6728,-24.1124],[-46.6736,-24.1132],[-46.6744,-24.114],[-46.6744,-24.1144],[-46.6752,-24.1144],[-46.676,-24.1144],[-46.6768,-24.114],[-46.6772,-24.114],[-46.6788,-24.114],[-46.6804,-24.1136],[-46.6832,-24.1132],[-46.684,-24.1132],[-46.688,-24.1128],[-46.6912,-24.1116],[-46.6932,-24.1116],[-46.6952,-24.1112],[-46.6976,-24.1112],[-46.7004,-24.1112],[-46.7036,-24.1112],[-46.706,-24.1112],[-46.708,-24.1116],[-46.7096,-24.1116],[-46.7116,-24.112],[-46.7132,-24.1128],[-46.7148,-24.1144],[-46.7176,-24.1184],[-46.7184,-24.1192],[-46.72,-24.1208],[-46.722,-24.1224],[-46.7236,-24.124],[-46.7264,-24.1264],[-46.7292,-24.1272],[-46.7312,-24.128],[-46.7328,-24.1276],[-46.7344,-24.128],[-46.736,-24.1288],[-46.7376,-24.13],[-46.74,-24.1312],[-46.742,-24.132],[-46.7444,-24.132],[-46.7468,-24.1328],[-46.7484,-24.134],[-46.7504,-24.1348],[-46.7524,-24.1356],[-46.754,-24.136],[-46.7572,-24.1364],[-46.7584,-24.1368],[-46.7604,-24.1376],[-46.7628,-24.1396],[-46.7648,-24.142],[-46.768,-24.1464],[-46.7744,-24.148],[-46.7792,-24.148],[-46.7824,-24.148],[-46.7868,-24.148],[-46.79,-24.148],[-46.7932,-24.148],[-46.798,-24.148],[-46.8032,-24.148],[-46.8052,-24.148],[-46.8072,-24.148],[-46.8068,-24.148],[-46.806,-24.1472],[-46.8048,-24.1468],[-46.8016,-24.1452],[-46.8004,-24.1444],[-46.7996,-24.1432],[-46.7992,-24.1412],[-46.7992,-24.1404],[-46.7992,-24.1396],[-46.7996,-24.1384],[-46.7996,-24.138],[-46.7996,-24.1376],[-46.7992,-24.1368],[-46.7992,-24.1364],[-46.7996,-24.136],[-46.8,-24.136],[-46.8004,-24.136],[-46.8008,-24.136],[-46.802,-24.136],[-46.8024,-24.136],[-46.8032,-24.1356],[-46.8032,-24.1348],[-46.8036,-24.1344],[-46.8036,-24.1336],[-46.8036,-24.1332],[-46.8032,-24.1328],[-46.8028,-24.1324],[-46.8024,-24.132],[-46.8016,-24.132],[-46.8012,-24.132],[-46.8004,-24.132],[-46.7988,-24.1324],[-46.7984,-24.1324],[-46.7976,-24.1324],[-46.7976,-24.132],[-46.7968,-24.1316],[-46.796,-24.1308],[-46.7956,-24.1308],[-46.7948,-24.1308],[-46.7944,-24.1308],[-46.794,-24.1312],[-46.7928,-24.132],[-46.7924,-24.1324],[-46.792,-24.1324],[-46.7916,-24.1324],[-46.7904,-24.1324],[-46.79,-24.132],[-46.79,-24.1316],[-46.7904,-24.1312],[-46.7908,-24.1308],[-46.7912,-24.1308],[-46.792,-24.13],[-46.7924,-24.1296],[-46.7928,-24.1292],[-46.7928,-24.1288],[-46.792,-24.1272],[-46.7924,-24.1268],[-46.7924,-24.1264],[-46.7928,-24.1256],[-46.7928,-24.124],[-46.7932,-24.124],[-46.794,-24.124],[-46.7944,-24.124],[-46.7948,-24.124],[-46.796,-24.1232],[-46.7968,-24.1224],[-46.7964,-24.1224],[-46.7952,-24.1224],[-46.7948,-24.122],[-46.7948,-24.1216],[-46.7956,-24.1212],[-46.796,-24.1208],[-46.7964,-24.1204],[-46.7968,-24.1204],[-46.7968,-24.1208],[-46.7972,-24.1208],[-46.798,-24.1212],[-46.7984,-24.1212],[-46.7988,-24.1212],[-46.7992,-24.1212],[-46.7996,-24.1208],[-46.7996,-24.1204],[-46.7996,-24.12],[-46.7996,-24.1192],[-46.7996,-24.1184],[-46.8,-24.1184],[-46.8,-24.118],[-46.8004,-24.118],[-46.8008,-24.118],[-46.8008,-24.1184],[-46.8012,-24.1188],[-46.8012,-24.1192],[-46.8016,-24.1188],[-46.8024,-24.1184],[-46.8028,-24.1184],[-46.8036,-24.1184],[-46.804,-24.1184],[-46.8044,-24.118],[-46.8044,-24.1176],[-46.804,-24.1176],[-46.8032,-24.1176],[-46.8024,-24.1176],[-46.802,-24.1176],[-46.802,-24.1172],[-46.8024,-24.1168],[-46.8036,-24.1152],[-46.804,-24.1148],[-46.804,-24.1152],[-46.8044,-24.1152],[-46.8048,-24.116],[-46.8052,-24.116],[-46.8056,-24.116],[-46.8056,-24.1156],[-46.8056,-24.1152],[-46.8052,-24.114],[-46.8048,-24.1136],[-46.8052,-24.1128],[-46.8056,-24.1128],[-46.8056,-24.1124],[-46.806,-24.1124],[-46.8064,-24.1124],[-46.8068,-24.1124],[-46.8076,-24.1128],[-46.808,-24.1128],[-46.8084,-24.1124],[-46.8084,-24.112],[-46.808,-24.1112],[-46.808,-24.1108],[-46.808,-24.1104],[-46.8084,-24.1092],[-46.8088,-24.1088],[-46.8088,-24.1084],[-46.8088,-24.108],[-46.8092,-24.108],[-46.8096,-24.108],[-46.81,-24.108],[-46.8104,-24.1084],[-46.8104,-24.1088],[-46.8104,-24.1096],[-46.8104,-24.11],[-46.8104,-24.1104],[-46.8108,-24.1104],[-46.8116,-24.1104],[-46.812,-24.1104],[-46.8124,-24.1104],[-46.8128,-24.1104],[-46.8132,-24.1104],[-46.8132,-24.11],[-46.8136,-24.1096],[-46.814,-24.1092],[-46.814,-24.1088],[-46.8136,-24.1088],[-46.8124,-24.1088],[-46.8116,-24.1084],[-46.8116,-24.108],[-46.8116,-24.1076],[-46.812,-24.1076],[-46.8124,-24.1072],[-46.8128,-24.1072],[-46.8128,-24.1068],[-46.8132,-24.1064],[-46.8132,-24.106],[-46.8132,-24.1056],[-46.8128,-24.1056],[-46.812,-24.1056],[-46.8116,-24.1056],[-46.8104,-24.1056],[-46.81,-24.106],[-46.8096,-24.106],[-46.8092,-24.106],[-46.8088,-24.106],[-46.8088,-24.1056],[-46.8088,-24.1052],[-46.8092,-24.1052],[-46.8096,-24.1052],[-46.81,-24.1052],[-46.8112,-24.1048],[-46.8116,-24.1044],[-46.8116,-24.104],[-46.8112,-24.104],[-46.8108,-24.104],[-46.8104,-24.104],[-46.81,-24.104],[-46.8096,-24.104],[-46.8092,-24.104],[-46.8088,-24.104],[-46.8084,-24.104],[-46.8084,-24.1036],[-46.808,-24.1032],[-46.808,-24.1028],[-46.808,-24.1024],[-46.808,-24.102],[-46.808,-24.1016],[-46.8084,-24.1008],[-46.8084,-24.1004],[-46.808,-24.1004],[-46.8076,-24.1],[-46.8072,-24.1],[-46.8064,-24.1],[-46.8064,-24.0996],[-46.806,-24.0996],[-46.806,-24.0992],[-46.806,-24.0988],[-46.8064,-24.0988],[-46.8072,-24.0984],[-46.8076,-24.0984],[-46.8088,-24.0984],[-46.8092,-24.098],[-46.8092,-24.0976],[-46.8088,-24.0972],[-46.8084,-24.0972],[-46.8084,-24.0968],[-46.8084,-24.0972],[-46.808,-24.0972],[-46.8076,-24.0976],[-46.8072,-24.0976],[-46.8068,-24.0976],[-46.8064,-24.0976],[-46.8064,-24.0972],[-46.806,-24.0972],[-46.8064,-24.0964],[-46.8064,-24.096],[-46.8068,-24.096],[-46.8068,-24.0956],[-46.8072,-24.0956],[-46.8076,-24.0956],[-46.808,-24.0956],[-46.8084,-24.096],[-46.8088,-24.096],[-46.8088,-24.0956],[-46.8088,-24.0952],[-46.8084,-24.0948],[-46.8084,-24.094],[-46.8088,-24.0936],[-46.8092,-24.0932],[-46.8092,-24.0928],[-46.8088,-24.0924],[-46.8084,-24.092],[-46.8084,-24.0916],[-46.8084,-24.0912],[-46.8088,-24.0912],[-46.8092,-24.0912],[-46.81,-24.0912],[-46.8056,-24.0896],[-46.8024,-24.0844],[-46.7984,-24.0824],[-46.7972,-24.0796],[-46.796,-24.0784],[-46.7924,-24.0808],[-46.7872,-24.0808],[-46.7844,-24.082],[-46.7768,-24.082],[-46.7724,-24.0792],[-46.7696,-24.0776],[-46.766,-24.076],[-46.7624,-24.076],[-46.7588,-24.0768],[-46.7556,-24.078],[-46.7544,-24.0792],[-46.7492,-24.078],[-46.7468,-24.0692],[-46.7436,-24.0648],[-46.736,-24.0584],[-46.7292,-24.0524],[-46.7244,-24.0496],[-46.718,-24.0468],[-46.7116,-24.0452],[-46.7044,-24.0436],[-46.7016,-24.044],[-46.6976,-24.0356],[-46.6912,-24.0312],[-46.6868,-24.0284],[-46.6796,-24.0244],[-46.662,-24.0176],[-46.648,-24.0108],[-46.6408,-24.0084],[-46.6356,-24.0092],[-46.6316,-24.01],[-46.6256,-24.0076],[-46.6168,-24.0032],[-46.6096,-23.9984],[-46.604,-23.996],[-46.596,-23.9968],[-46.5932,-23.9976]]]}},{"type":"Feature","properties":{"dsubbc":"oceano","nome":"Drenagem direta ao oceano"},"geometry":{"type":"Polygon","coordinates":[[[-46.2668,-23.994],[-46.2668,-23.9968],[-46.2664,-23.9968],[-46.2664,-23.9984],[-46.2668,-23.9984],[-46.2668,-23.9992],[-46.2672,-23.9992],[-46.2672,-23.9996],[-46.2676,-23.9996],[-46.2676,-24.0],[-46.268,-24.0],[-46.268,-24.0004],[-46.2692,-24.0004],[-46.2692,-24.0012],[-46.2692,-24.0016],[-46.2708,-24.0032],[-46.2716,-24.004],[-46.2732,-24.0052],[-46.2744,-24.0064],[-46.2764,-24.0076],[-46.2788,-24.0088],[-46.2804,-24.01],[-46.2816,-24.0108],[-46.2828,-24.0112],[-46.284,-24.0116],[-46.2872,-24.0116],[-46.2892,-24.0116],[-46.2912,-24.012],[-46.2924,-24.012],[-46.294,-24.0128],[-46.2964,-24.0132],[-46.2976,-24.014],[-46.2984,-24.016],[-46.2988,-24.016],[-46.2992,-24.016],[-46.2992,-24.0164],[-46.2996,-24.0164],[-46.3,-24.0164],[-46.3004,-24.0168],[-46.3004,-24.0172],[-46.3008,-24.0176],[-46.3012,-24.0176],[-46.3012,-24.018],[-46.3016,-24.018],[-46.302,-24.0184],[-46.3024,-24.0184],[-46.3024,-24.0188],[-46.3028,-24.0188],[-46.3032,-24.0188],[-46.3036,-24.0192],[-46.304,-24.0192],[-46.3044,-24.0196],[-46.3048,-24.0196],[-46.3048,-24.02],[-46.3048,-24.0204],[-46.3052,-24.0204],[-46.3052,-24.0208],[-46.3056,-24.0208],[-46.3056,-24.0212],[-46.306,-24.0216],[-46.306,-24.022],[-46.306,-24.0224],[-46.3064,-24.0228],[-46.3064,-24.0232],[-46.3068,-24.0236],[-46.3068,-24.024],[-46.3072,-24.024],[-46.3072,-24.0244],[-46.3076,-24.0248],[-46.308,-24.0248],[-46.3084,-24.0252],[-46.3088,-24.0256],[-46.3092,-24.0256],[-46.3092,-24.026],[-46.3096,-24.0264],[-46.3096,-24.0268],[-46.31,-24.0268],[-46.31,-24.0272],[-46.31,-24.0276],[-46.3104,-24.0276],[-46.3104,-24.028],[-46.3108,-24.0284],[-46.3112,-24.0284],[-46.3116,-24.0284],[-46.312,-24.028],[-46.312,-24.0276],[-46.3124,-24.0272],[-46.3124,-24.0268],[-46.3124,-24.0264],[-46.312,-24.026],[-46.312,-24.0252],[-46.312,-24.0248],[-46.312,-24.0244],[-46.3116,-24.0236],[-46.3116,-24.0228],[-46.3116,-24.0224],[-46.3116,-24.022],[-46.3116,-24.0216],[-46.312,-24.0212],[-46.3124,-24.0212],[-46.3128,-24.0208],[-46.3132,-24.0204],[-46.3136,-24.02],[-46.314,-24.02],[-46.314,-24.0196],[-46.3144,-24.0196],[-46.3148,-24.0196],[-46.3148,-24.02],[-46.3152,-24.02],[-46.3156,-24.0204],[-46.316,-24.0204],[-46.3164,-24.0204],[-46.3164,-24.0208],[-46.3168,-24.0212],[-46.3168,-24.0216],[-46.3168,-24.022],[-46.3172,-24.0224],[-46.3172,-24.0228],[-46.3172,-24.0232],[-46.3176,-24.0232],[-46.3176,-24.0236],[-46.3176,-24.024],[-46.318,-24.024],[-46.318,-24.0244],[-46.3184,-24.0244],[-46.3184,-24.024],[-46.3188,-24.024],[-46.3188,-24.0244],[-46.3192,-24.0244],[-46.3196,-24.024],[-46.32,-24.024],[-46.3204,-24.0236],[-46.3204,-24.0232],[-46.3208,-24.0228],[-46.3208,-24.0224],[-46.3212,-24.0224],[-46.3216,-24.0224],[-46.3216,-24.0228],[-46.322,-24.0228],[-46.322,-24.0224],[-46.3224,-24.0224],[-46.3228,-24.0228],[-46.3232,-24.0228],[-46.3236,-24.0228],[-46.324,-24.0228],[-46.3244,-24.0224],[-46.3244,-24.022],[-46.3244,-24.0216],[-46.3244,-24.0212],[-46.3244,-24.0208],[-46.324,-24.0204],[-46.324,-24.02],[-46.324,-24.0196],[-46.3236,-24.0196],[-46.3236,-24.0192],[-46.3236,-24.0188],[-46.3232,-24.0188],[-46.3232,-24.0184],[-46.3232,-24.018],[-46.3232,-24.0176],[-46.3228,-24.0176],[-46.3228,-24.0172],[-46.3228,-24.0168],[-46.3228,-24.0164],[-46.3228,-24.016],[-46.3228,-24.0152],[-46.3228,-24.0148],[-46.3228,-24.0144],[-46.3228,-24.014],[-46.3228,-24.0136],[-46.3228,-24.0132],[-46.3232,-24.0132],[-46.3232,-24.0128],[-46.3236,-24.0128],[-46.3236,-24.0124],[-46.3236,-24.012],[-46.3232,-24.0112],[-46.3232,-24.0108],[-46.3228,-24.01],[-46.3224,-24.0096],[-46.322,-24.0092],[-46.3224,-24.0092],[-46.3228,-24.0092],[-46.3228,-24.0096],[-46.3232,-24.0096],[-46.3232,-24.0092],[-46.3232,-24.0088],[-46.3232,-24.0084],[-46.3232,-24.008],[-46.3228,-24.0076],[-46.3228,-24.0072],[-46.3224,-24.0072],[-46.322,-24.006],[-46.3216,-24.0052],[-46.3212,-24.0048],[-46.3212,-24.0044],[-46.3216,-24.004],[-46.3212,-24.004],[-46.3208,-24.0036],[-46.3204,-24.0032],[-46.3204,-24.0028],[-46.3204,-24.0024],[-46.3204,-24.0016],[-46.3204,-24.0012],[-46.3208,-24.0008],[-46.3212,-24.0004],[-46.3212,-24.0008],[-46.3216,-24.0008],[-46.3216,-24.0004],[-46.322,-24.0004],[-46.322,-24.0],[-46.3216,-23.9996],[-46.3212,-23.9992],[-46.3212,-23.9988],[-46.3208,-23.9984],[-46.3204,-23.998],[-46.32,-23.9976],[-46.3196,-23.9972],[-46.3192,-23.9972],[-46.3188,-23.9976],[-46.3184,-23.9976],[-46.318,-23.9976],[-46.318,-23.998],[-46.3176,-23.998],[-46.3172,-23.9976],[-46.3164,-23.9972],[-46.316,-23.9972],[-46.3156,-23.9972],[-46.3156,-23.9976],[-46.316,-23.9984],[-46.316,-23.9988],[-46.3156,-23.9988],[-46.3156,-23.9992],[-46.3156,-23.9988],[-46.3152,-23.9988],[-46.3148,-23.9988],[-46.3144,-23.9984],[-46.314,-23.9984],[-46.3136,-23.998],[-46.3132,-23.9976],[-46.3128,-23.9976],[-46.3124,-23.9976],[-46.312,-23.9972],[-46.3116,-23.9968],[-46.3112,-23.9968],[-46.3108,-23.9964],[-46.3108,-23.996],[-46.31,-23.9952],[-46.3096,-23.994],[-46.3096,-23.9932],[-46.3072,-23.9932],[-46.304,-23.9936],[-46.3028,-23.9936],[-46.2996,-23.9928],[-46.2992,-23.9924],[-46.2976,-23.9916],[-46.2952,-23.9904],[-46.2924,-23.988],[-46.2916,-23.9888],[-46.2884,-23.99],[-46.2844,-23.9892],[-46.2824,-23.9876],[-46.2808,-23.9868],[-46.2764,-23.9892],[-46.2736,-23.9912],[-46.2716,-23.9932],[-46.2688,-23.9928],[-46.2672,-23.9932],[-46.2668,-23.994]]]}},{"type":"Feature","properties":{"dsubbc":"oceano","nome":"Drenagem direta ao oceano"},"geometry":{"type":"Polygon","coordinates":[[[-46.2556,-23.9828],[-46.2552,-23.9832],[-46.2548,-23.9836],[-46.2548,-23.984],[-46.2544,-23.9844],[-46.254,-23.9848],[-46.2536,-23.9848],[-46.2536,-23.9852],[-46.2532,-23.986],[-46.2524,-23.9864],[-46.2516,-23.9868],[-46.2512,-23.9868],[-46.2512,-23.9872],[-46.2504,-23.9876],[-46.2504,-23.988],[-46.2504,-23.9884],[-46.2504,-23.9888],[-46.2504,-23.9892],[-46.2504,-23.99],[-46.2504,-23.9904],[-46.2504,-23.9908],[-46.2504,-23.9916],[-46.2504,-23.992],[-46.2504,-23.9928],[-46.25,-23.9932],[-46.25,-23.9936],[-46.2492,-23.9944],[-46.2492,-23.9948],[-46.2492,-23.996],[-46.2496,-23.996],[-46.25,-23.9964],[-46.2504,-23.9964],[-46.2504,-23.9968],[-46.2508,-23.9964],[-46.2512,-23.9964],[-46.2516,-23.996],[-46.252,-23.9964],[-46.2524,-23.9964],[-46.2528,-23.9968],[-46.2532,-23.9972],[-46.254,-23.9976],[-46.2544,-23.9984],[-46.2548,-23.9988],[-46.2556,-23.9992],[-46.256,-23.9992],[-46.2564,-23.9992],[-46.2572,-23.9996],[-46.258,-23.9996],[-46.2584,-23.9996],[-46.2588,-23.9996],[-46.2592,-24.0],[-46.2596,-24.0],[-46.26,-24.0],[-46.2604,-24.0004],[-46.2608,-24.0004],[-46.2608,-24.0008],[-46.2608,-24.0012],[-46.2612,-24.0012],[-46.2612,-24.0016],[-46.2616,-24.0016],[-46.2624,-24.002],[-46.2628,-24.0024],[-46.2632,-24.0028],[-46.2636,-24.0028],[-46.264,-24.0032],[-46.2644,-24.0036],[-46.2644,-24.004],[-46.2648,-24.004],[-46.2648,-24.0044],[-46.2652,-24.0044],[-46.2656,-24.0048],[-46.2672,-24.0048],[-46.2672,-24.0044],[-46.2672,-24.0032],[-46.2676,-24.0032],[-46.268,-24.0032],[-46.268,-24.0028],[-46.268,-24.0024],[-46.2684,-24.0024],[-46.2684,-24.002],[-46.2688,-24.002],[-46.2688,-24.0016],[-46.2692,-24.0016],[-46.2692,-24.0012],[-46.2692,-24.0004],[-46.268,-24.0004],[-46.268,-24.0],[-46.2676,-24.0],[-46.2676,-23.9996],[-46.2672,-23.9996],[-46.2672,-23.9992],[-46.2668,-23.9992],[-46.2668,-23.9984],[-46.2664,-23.9984],[-46.2664,-23.9968],[-46.2668,-23.9968],[-46.2668,-23.994],[-46.2664,-23.994],[-46.2656,-23.994],[-46.2656,-23.9936],[-46.264,-23.9936],[-46.264,-23.9932],[-46.2632,-23.9932],[-46.2632,-23.9928],[-46.2628,-23.9928],[-46.2628,-23.9924],[-46.2624,-23.9924],[-46.2624,-23.992],[-46.262,-23.992],[-46.262,-23.9916],[-46.2616,-23.9916],[-46.2616,-23.9912],[-46.2612,-23.9912],[-46.2612,-23.9908],[-46.2608,-23.9908],[-46.2608,-23.9904],[-46.2604,-23.9904],[-46.26,-23.9904],[-46.26,-23.99],[-46.26,-23.9896],[-46.2596,-23.9896],[-46.2596,-23.9892],[-46.2592,-23.9892],[-46.2592,-23.9888],[-46.2584,-23.9888],[-46.2584,-23.9884],[-46.258,-23.9884],[-46.258,-23.988],[-46.2576,-23.988],[-46.2576,-23.9876],[-46.2572,-23.9876],[-46.2572,-23.986],[-46.2572,-23.9844],[-46.2572,-23.984],[-46.2568,-23.984],[-46.2568,-23.9836],[-46.2564,-23.9836],[-46.2564,-23.9832],[-46.256,-23.9832],[-46.256,-23.9828],[-46.2556,-23.9828]]]}},{"type":"Feature","properties":{"dsubbc":"oceano","nome":"Drenagem direta ao oceano"},"geometry":{"type":"Polygon","coordinates":[[[-46.2676,-23.982],[-46.2648,-23.9844],[-46.2632,-23.9848],[-46.2624,-23.9852],[-46.2604,-23.9848],[-46.2588,-23.9848],[-46.258,-23.9844],[-46.2572,-23.9844],[-46.2572,-23.986],[-46.2572,-23.9876],[-46.2576,-23.9876],[-46.2576,-23.988],[-46.258,-23.988],[-46.258,-23.9884],[-46.2584,-23.9884],[-46.2584,-23.9888],[-46.2592,-23.9888],[-46.2592,-23.9892],[-46.2596,-23.9892],[-46.2596,-23.9896],[-46.26,-23.9896],[-46.26,-23.99],[-46.26,-23.9904],[-46.2604,-23.9904],[-46.2608,-23.9904],[-46.2608,-23.9908],[-46.2612,-23.9908],[-46.2612,-23.9912],[-46.2616,-23.9912],[-46.2616,-23.9916],[-46.262,-23.9916],[-46.262,-23.992],[-46.2624,-23.992],[-46.2624,-23.9924],[-46.2628,-23.9924],[-46.2628,-23.9928],[-46.2632,-23.9928],[-46.2632,-23.9932],[-46.264,-23.9932],[-46.264,-23.9936],[-46.2656,-23.9936],[-46.2656,-23.994],[-46.2664,-23.994],[-46.2668,-23.994],[-46.2672,-23.9932],[-46.2688,-23.9928],[-46.2716,-23.9932],[-46.2736,-23.9912],[-46.2764,-23.9892],[-46.2808,-23.9868],[-46.2824,-23.9876],[-46.2844,-23.9892],[-46.2884,-23.99],[-46.2916,-23.9888],[-46.2924,-23.988],[-46.2908,-23.986],[-46.2908,-23.9856],[-46.2892,-23.9856],[-46.288,-23.986],[-46.2872,-23.9864],[-46.2864,-23.9868],[-46.2864,-23.9872],[-46.286,-23.9876],[-46.2856,-23.988],[-46.2852,-23.988],[-46.2852,-23.9876],[-46.2848,-23.9876],[-46.284,-23.988],[-46.284,-23.9876],[-46.2836,-23.9876],[-46.2832,-23.9872],[-46.2832,-23.9868],[-46.2836,-23.9864],[-46.284,-23.9856],[-46.284,-23.9852],[-46.284,-23.9848],[-46.2832,-23.9844],[-46.2824,-23.9836],[-46.282,-23.9836],[-46.282,-23.9832],[-46.2816,-23.9832],[-46.2812,-23.9832],[-46.2808,-23.9828],[-46.2804,-23.9828],[-46.28,-23.9824],[-46.2796,-23.9828],[-46.2792,-23.9832],[-46.2788,-23.984],[-46.2784,-23.9844],[-46.278,-23.984],[-46.2772,-23.984],[-46.2768,-23.984],[-46.2768,-23.9836],[-46.2768,-23.9832],[-46.2768,-23.9824],[-46.2768,-23.982],[-46.2764,-23.9816],[-46.276,-23.9816],[-46.2756,-23.9816],[-46.2752,-23.982],[-46.2748,-23.982],[-46.2744,-23.982],[-46.274,-23.982],[-46.2736,-23.982],[-46.2732,-23.982],[-46.2728,-23.9824],[-46.2724,-23.9824],[-46.272,-23.9824],[-46.272,-23.982],[-46.272,-23.9816],[-46.2716,-23.9808],[-46.2716,-23.9804],[-46.2716,-23.98],[-46.2712,-23.98],[-46.2712,-23.9796],[-46.2708,-23.9796],[-46.2704,-23.9796],[-46.2704,-23.98],[-46.27,-23.98],[-46.27,-23.9804],[-46.27,-23.9808],[-46.2704,-23.9812],[-46.2704,-23.9816],[-46.27,-23.982],[-46.27,-23.9824],[-46.2696,-23.9824],[-46.2692,-23.9824],[-46.2688,-23.9824],[-46.2684,-23.9824],[-46.268,-23.9824],[-46.2676,-23.982]]]}},{"type":"Feature","properties":{"dsubbc":"oceano","nome":"Drenagem direta ao oceano"},"geometry":{"type":"Polygon","coordinates":[[[-46.2588,-23.976],[-46.2576,-23.978],[-46.2576,-23.9796],[-46.2556,-23.9828],[-46.256,-23.9828],[-46.256,-23.9832],[-46.2564,-23.9832],[-46.2564,-23.9836],[-46.2568,-23.9836],[-46.2568,-23.984],[-46.2572,-23.984],[-46.2572,-23.9844],[-46.258,-23.9844],[-46.2588,-23.9848],[-46.2604,-23.9848],[-46.2624,-23.9852],[-46.2632,-23.9848],[-46.2648,-23.9844],[-46.2676,-23.982],[-46.2672,-23.9816],[-46.2672,-23.9808],[-46.2672,-23.9804],[-46.2672,-23.98],[-46.2668,-23.9796],[-46.2664,-23.9796],[-46.2664,-23.9792],[-46.2664,-23.9788],[-46.2664,-23.9784],[-46.2664,-23.978],[-46.2664,-23.9776],[-46.266,-23.9772],[-46.2656,-23.9768],[-46.2652,-23.9768],[-46.2652,-23.9772],[-46.2648,-23.9772],[-46.2644,-23.9772],[-46.264,-23.9772],[-46.264,-23.9768],[-46.2636,-23.9772],[-46.2632,-23.9776],[-46.2628,-23.978],[-46.2624,-23.978],[-46.262,-23.978],[-46.262,-23.9776],[-46.2616,-23.9776],[-46.2612,-23.9776],[-46.2612,-23.9772],[-46.2612,-23.9768],[-46.2608,-23.9764],[-46.2608,-23.976],[-46.2604,-23.976],[-46.26,-23.976],[-46.26,-23.9756],[-46.2596,-23.9756],[-46.2596,-23.976],[-46.2592,-23.976],[-46.2588,-23.976]]]}},{"type":"Feature","properties":{"dsubbc":"oceano","nome":"Drenagem direta ao oceano"},"geometry":{"type":"Polygon","coordinates":[[[-46.2504,-23.976],[-46.2512,-23.978],[-46.2512,-23.9792],[-46.2524,-23.9812],[-46.2528,-23.9812],[-46.2528,-23.9816],[-46.254,-23.9816],[-46.254,-23.982],[-46.2544,-23.982],[-46.2544,-23.9824],[-46.2552,-23.9824],[-46.2552,-23.9828],[-46.2556,-23.9828],[-46.2576,-23.9796],[-46.2576,-23.978],[-46.2588,-23.976],[-46.2584,-23.976],[-46.258,-23.9756],[-46.258,-23.9752],[-46.258,-23.9748],[-46.2576,-23.9748],[-46.2572,-23.9748],[-46.2568,-23.9748],[-46.2564,-23.9748],[-46.256,-23.9748],[-46.256,-23.9744],[-46.2552,-23.974],[-46.2548,-23.9736],[-46.2544,-23.9736],[-46.2536,-23.9736],[-46.2532,-23.9736],[-46.2528,-23.974],[-46.2516,-23.9748],[-46.2508,-23.9752],[-46.2508,-23.9756],[-46.2504,-23.976]]]}},{"type":"Feature","properties":{"dsubbc":"oceano","nome":"Drenagem direta ao oceano"},"geometry":{"type":"Polygon","coordinates":[[[-46.4192,-23.9708],[-46.4184,-23.9728],[-46.4172,-23.9752],[-46.414,-23.9792],[-46.4136,-23.9792],[-46.4092,-23.9812],[-46.4084,-23.9816],[-46.408,-23.982],[-46.4052,-23.982],[-46.4048,-23.982],[-46.4032,-23.9816],[-46.4024,-23.9812],[-46.4008,-23.9808],[-46.3996,-23.9804],[-46.3984,-23.98],[-46.3948,-23.9788],[-46.3936,-23.978],[-46.3912,-23.976],[-46.39,-23.9752],[-46.3888,-23.9752],[-46.3868,-23.9752],[-46.384,-23.9752],[-46.3816,-23.9744],[-46.38,-23.974],[-46.3784,-23.9744],[-46.3776,-23.9744],[-46.3764,-23.9768],[-46.376,-23.9788],[-46.3756,-23.9808],[-46.3748,-23.982],[-46.3724,-23.9832],[-46.3716,-23.9836],[-46.3732,-23.9852],[-46.3752,-23.9868],[-46.3752,-23.9872],[-46.3756,-23.9872],[-46.3756,-23.9876],[-46.3756,-23.988],[-46.3756,-23.9884],[-46.376,-23.9888],[-46.376,-23.9892],[-46.3768,-23.9904],[-46.3772,-23.9908],[-46.3776,-23.9908],[-46.378,-23.9912],[-46.378,-23.9916],[-46.3784,-23.9916],[-46.3788,-23.992],[-46.3788,-23.9924],[-46.3792,-23.9924],[-46.3792,-23.9928],[-46.3788,-23.9928],[-46.3788,-23.9932],[-46.3784,-23.9932],[-46.3788,-23.9936],[-46.3792,-23.9936],[-46.3796,-23.9936],[-46.38,-23.9936],[-46.3804,-23.994],[-46.3808,-23.994],[-46.3812,-23.9936],[-46.3816,-23.9936],[-46.382,-23.994],[-46.3824,-23.9944],[-46.3828,-23.9944],[-46.3832,-23.9944],[-46.3836,-23.9948],[-46.384,-23.9948],[-46.3844,-23.9948],[-46.3848,-23.9948],[-46.3852,-23.9948],[-46.3856,-23.9948],[-46.386,-23.9948],[-46.3864,-23.9948],[-46.3868,-23.9948],[-46.3872,-23.9948],[-46.3876,-23.9944],[-46.388,-23.9944],[-46.388,-23.9948],[-46.3884,-23.9948],[-46.3888,-23.9948],[-46.3888,-23.9952],[-46.3888,-23.9956],[-46.3892,-23.9956],[-46.3896,-23.996],[-46.39,-23.996],[-46.3904,-23.9964],[-46.3908,-23.9964],[-46.3912,-23.9964],[-46.3912,-23.9968],[-46.3916,-23.9972],[-46.392,-23.9976],[-46.392,-23.998],[-46.392,-23.9984],[-46.392,-23.9988],[-46.392,-23.9992],[-46.392,-23.9996],[-46.392,-24.0],[-46.392,-24.0004],[-46.392,-24.0008],[-46.392,-24.0012],[-46.3916,-24.0016],[-46.3916,-24.002],[-46.3912,-24.002],[-46.3912,-24.0024],[-46.3908,-24.0024],[-46.3908,-24.0028],[-46.3908,-24.0032],[-46.3904,-24.0032],[-46.39,-24.0036],[-46.3896,-24.004],[-46.3896,-24.0048],[-46.3892,-24.0048],[-46.3896,-24.0052],[-46.39,-24.0052],[-46.39,-24.0056],[-46.3904,-24.0056],[-46.3908,-24.006],[-46.3912,-24.006],[-46.3916,-24.0064],[-46.392,-24.0064],[-46.392,-24.0068],[-46.3924,-24.0072],[-46.3924,-24.0076],[-46.3928,-24.0084],[-46.3924,-24.0092],[-46.3924,-24.0104],[-46.392,-24.0108],[-46.392,-24.0112],[-46.3916,-24.0116],[-46.3916,-24.012],[-46.3912,-24.0124],[-46.3912,-24.0128],[-46.3908,-24.0128],[-46.3904,-24.0128],[-46.3896,-24.0128],[-46.3892,-24.0128],[-46.3888,-24.0128],[-46.3884,-24.0132],[-46.388,-24.0136],[-46.3876,-24.0136],[-46.3876,-24.014],[-46.3872,-24.014],[-46.3868,-24.0144],[-46.3868,-24.0148],[-46.3864,-24.0148],[-46.3864,-24.0152],[-46.386,-24.0152],[-46.386,-24.0156],[-46.3856,-24.0156],[-46.3852,-24.016],[-46.3848,-24.016],[-46.3844,-24.0164],[-46.3844,-24.0168],[-46.384,-24.0172],[-46.3836,-24.0176],[-46.384,-24.0176],[-46.384,-24.018],[-46.3844,-24.018],[-46.3844,-24.0184],[-46.3848,-24.0184],[-46.3852,-24.0188],[-46.3856,-24.0184],[-46.386,-24.018],[-46.3864,-24.018],[-46.3868,-24.018],[-46.3868,-24.0176],[-46.3868,-24.0172],[-46.3872,-24.0172],[-46.3876,-24.0172],[-46.388,-24.0172],[-46.3884,-24.0172],[-46.3888,-24.0168],[-46.3892,-24.0168],[-46.3896,-24.0164],[-46.39,-24.0164],[-46.3904,-24.0164],[-46.3904,-24.0168],[-46.3908,-24.0168],[-46.3908,-24.0172],[-46.3908,-24.0176],[-46.3912,-24.0176],[-46.3912,-24.018],[-46.3916,-24.0184],[-46.3916,-24.0188],[-46.3916,-24.0192],[-46.3916,-24.0196],[-46.3912,-24.0196],[-46.3912,-24.02],[-46.3912,-24.0204],[-46.3916,-24.0204],[-46.3916,-24.0208],[-46.392,-24.0208],[-46.392,-24.0212],[-46.3916,-24.0216],[-46.3912,-24.0216],[-46.3908,-24.022],[-46.3908,-24.0224],[-46.3908,-24.0228],[-46.3908,-24.0232],[-46.3904,-24.0232],[-46.3908,-24.0236],[-46.3912,-24.0236],[-46.3912,-24.024],[-46.3916,-24.024],[-46.3916,-24.0244],[-46.392,-24.0248],[-46.392,-24.0252],[-46.3924,-24.0256],[-46.3928,-24.026],[-46.3928,-24.0264],[-46.3932,-24.0268],[-46.3936,-24.0272],[-46.394,-24.0276],[-46.3944,-24.0276],[-46.3948,-24.028],[-46.3952,-24.0284],[-46.3956,-24.0288],[-46.396,-24.0288],[-46.3964,-24.0292],[-46.3964,-24.0296],[-46.3964,-24.03],[-46.3964,-24.0304],[-46.3968,-24.0304],[-46.3968,-24.0308],[-46.3972,-24.0308],[-46.3976,-24.0308],[-46.3976,-24.0312],[-46.398,-24.0312],[-46.398,-24.0316],[-46.3984,-24.0316],[-46.3984,-24.032],[-46.3988,-24.032],[-46.3988,-24.0324],[-46.3992,-24.0332],[-46.3996,-24.0336],[-46.4,-24.0336],[-46.4004,-24.0336],[-46.4008,-24.0332],[-46.4012,-24.0332],[-46.4012,-24.0328],[-46.4016,-24.0328],[-46.4016,-24.0324],[-46.402,-24.032],[-46.402,-24.0316],[-46.402,-24.0312],[-46.402,-24.0308],[-46.4016,-24.0308],[-46.4012,-24.03],[-46.4012,-24.0296],[-46.4008,-24.0292],[-46.4004,-24.0288],[-46.4,-24.0288],[-46.4,-24.0284],[-46.4,-24.028],[-46.4,-24.0276],[-46.4,-24.0268],[-46.4,-24.0264],[-46.3996,-24.0264],[-46.3996,-24.026],[-46.3996,-24.0256],[-46.4,-24.0252],[-46.4,-24.0248],[-46.3996,-24.0248],[-46.3996,-24.0244],[-46.3996,-24.024],[-46.3996,-24.0236],[-46.3996,-24.0232],[-46.4,-24.0228],[-46.4,-24.0224],[-46.3996,-24.0224],[-46.3996,-24.022],[-46.3996,-24.0216],[-46.4,-24.0216],[-46.4,-24.0212],[-46.4,-24.0208],[-46.3996,-24.0204],[-46.4,-24.02],[-46.4,-24.0196],[-46.4,-24.0192],[-46.3996,-24.0188],[-46.3996,-24.0184],[-46.4,-24.018],[-46.4004,-24.018],[-46.4008,-24.0176],[-46.4012,-24.0176],[-46.4016,-24.0172],[-46.402,-24.0172],[-46.4024,-24.0168],[-46.4028,-24.0168],[-46.4028,-24.0164],[-46.4032,-24.0164],[-46.4036,-24.016],[-46.404,-24.016],[-46.4044,-24.0156],[-46.4048,-24.0156],[-46.4052,-24.0152],[-46.4064,-24.0152],[-46.4072,-24.0148],[-46.4076,-24.0148],[-46.408,-24.0148],[-46.4084,-24.0144],[-46.4092,-24.0144],[-46.4096,-24.0144],[-46.4108,-24.0144],[-46.4116,-24.014],[-46.4124,-24.014],[-46.4144,-24.014],[-46.4152,-24.0136],[-46.416,-24.014],[-46.4168,-24.014],[-46.4176,-24.014],[-46.4192,-24.014],[-46.42,-24.0144],[-46.4208,-24.0144],[-46.4212,-24.0144],[-46.422,-24.0148],[-46.4224,-24.0148],[-46.4228,-24.0148],[-46.424,-24.0152],[-46.4248,-24.0152],[-46.4264,-24.0156],[-46.4276,-24.0156],[-46.4288,-24.0132],[-46.4312,-24.0084],[-46.4328,-24.0072],[-46.4368,-24.0064],[-46.44,-24.0064],[-46.4436,-24.0076],[-46.4488,-24.0084],[-46.452,-24.0084],[-46.4552,-24.0096],[-46.456,-24.0112],[-46.4568,-24.0128],[-46.458,-24.014],[-46.4612,-24.0152],[-46.4656,-24.016],[-46.4676,-24.0164],[-46.47,-24.018],[-46.4748,-24.0172],[-46.48,-24.0148],[-46.4832,-24.0148],[-46.4864,-24.016],[-46.49,-24.0172],[-46.4936,-24.018],[-46.4984,-24.018],[-46.5004,-24.0132],[-46.4992,-24.0092],[-46.4972,-24.0076],[-46.4964,-24.006],[-46.4968,-24.0004],[-46.4972,-23.9956],[-46.496,-23.9944],[-46.4924,-23.994],[-46.49,-23.9916],[-46.4872,-23.9892],[-46.4824,-23.9892],[-46.4776,-23.9888],[-46.4704,-23.9884],[-46.4672,-23.9856],[-46.4612,-23.9844],[-46.4564,-23.9824],[-46.4544,-23.9816],[-46.4504,-23.9816],[-46.448,-23.9808],[-46.4444,-23.9796],[-46.4404,-23.98],[-46.4372,-23.9792],[-46.4352,-23.976],[-46.4332,-23.9728],[-46.4312,-23.9704],[-46.4284,-23.9692],[-46.4264,-23.97],[-46.4252,-23.9716],[-46.424,-23.9744],[-46.42,-23.9732],[-46.4192,-23.9708]]]}},{"type":"Feature","properties":{"dsubbc":"rio cubatao","nome":"Rio Cubatão"},"geometry":{"type":"Polygon","coordinates":[[[-46.5816,-23.9668],[-46.5816,-23.9676],[-46.5816,-23.9684],[-46.5832,-23.9688],[-46.5836,-23.9692],[-46.5836,-23.97],[-46.5836,-23.9704],[-46.584,-23.9704],[-46.584,-23.9712],[-46.5836,-23.9712],[-46.5836,-23.972],[-46.5832,-23.972],[-46.5832,-23.9724],[-46.5828,-23.9724],[-46.5828,-23.9764],[-46.5832,-23.9764],[-46.5832,-23.9768],[-46.5832,-23.9772],[-46.5836,-23.9772],[-46.584,-23.9772],[-46.584,-23.9776],[-46.5844,-23.9776],[-46.5844,-23.978],[-46.5852,-23.978],[-46.5852,-23.9784],[-46.586,-23.9784],[-46.586,-23.9792],[-46.5864,-23.9792],[-46.5864,-23.9832],[-46.5868,-23.9832],[-46.5868,-23.984],[-46.5872,-23.984],[-46.5872,-23.9844],[-46.5876,-23.9844],[-46.5876,-23.9848],[-46.5888,-23.9848],[-46.5888,-23.9852],[-46.5892,-23.9852],[-46.5896,-23.9852],[-46.5896,-23.9856],[-46.59,-23.9856],[-46.59,-23.986],[-46.59,-23.9864],[-46.5904,-23.9864],[-46.5916,-23.9864],[-46.5912,-23.9864],[-46.5912,-23.9824],[-46.5916,-23.9824],[-46.5924,-23.9824],[-46.5932,-23.9824],[-46.594,-23.9824],[-46.594,-23.982],[-46.5944,-23.982],[-46.5952,-23.982],[-46.5952,-23.9824],[-46.5956,-23.9824],[-46.5956,-23.982],[-46.596,-23.982],[-46.596,-23.9816],[-46.596,-23.9812],[-46.5964,-23.9812],[-46.5968,-23.9812],[-46.5968,-23.98],[-46.5972,-23.98],[-46.5972,-23.9772],[-46.5968,-23.9772],[-46.5964,-23.9772],[-46.5964,-23.9764],[-46.596,-23.9764],[-46.596,-23.976],[-46.5956,-23.976],[-46.5956,-23.9756],[-46.5952,-23.9756],[-46.5952,-23.9752],[-46.5952,-23.9732],[-46.5948,-23.9732],[-46.5948,-23.9728],[-46.5944,-23.9728],[-46.5944,-23.9724],[-46.594,-23.9724],[-46.594,-23.972],[-46.5932,-23.972],[-46.5932,-23.9716],[-46.5928,-23.9712],[-46.5928,-23.9708],[-46.5924,-23.9708],[-46.592,-23.9704],[-46.5916,-23.9704],[-46.5912,-23.97],[-46.5908,-23.97],[-46.5904,-23.9696],[-46.5896,-23.9696],[-46.5892,-23.9692],[-46.5888,-23.9688],[-46.5884,-23.9684],[-46.588,-23.968],[-46.5876,-23.968],[-46.5868,-23.968],[-46.5868,-23.9676],[-46.5864,-23.968],[-46.5856,-23.968],[-46.5852,-23.9676],[-46.5848,-23.9676],[-46.5844,-23.9672],[-46.584,-23.9672],[-46.5836,-23.9668],[-46.5832,-23.9668],[-46.5824,-23.9668],[-46.5816,-23.9668]]]}},{"type":"Feature","properties":{"dsubbc":"rio cubatao","nome":"Rio Cubatão"},"geometry":{"type":"Polygon","coordinates":[[[-46.5772,-23.9664],[-46.5768,-23.9668],[-46.576,-23.968],[-46.576,-23.9684],[-46.576,-23.9692],[-46.5768,-23.97],[-46.5768,-23.9708],[-46.5764,-23.9708],[-46.5764,-23.9712],[-46.5764,-23.9716],[-46.5764,-23.972],[-46.576,-23.972],[-46.576,-23.9732],[-46.5756,-23.9732],[-46.5752,-23.9732],[-46.5752,-23.9736],[-46.5752,-23.974],[-46.5748,-23.974],[-46.5748,-23.9744],[-46.5744,-23.9744],[-46.5744,-23.9748],[-46.574,-23.9748],[-46.574,-23.9752],[-46.5732,-23.9752],[-46.5732,-23.9768],[-46.5732,-23.9772],[-46.5736,-23.9772],[-46.5736,-23.98],[-46.5748,-23.98],[-46.5748,-23.9804],[-46.5752,-23.9804],[-46.5752,-23.98],[-46.576,-23.98],[-46.576,-23.9832],[-46.5764,-23.9832],[-46.5764,-23.9836],[-46.5772,-23.9836],[-46.5772,-23.9844],[-46.5776,-23.9844],[-46.5776,-23.9848],[-46.578,-23.9848],[-46.578,-23.9852],[-46.5788,-23.9852],[-46.58,-23.9852],[-46.5804,-23.9852],[-46.5804,-23.9856],[-46.5808,-23.9856],[-46.5808,-23.986],[-46.5812,-23.986],[-46.5812,-23.9864],[-46.5816,-23.9864],[-46.5848,-23.9864],[-46.5848,-23.9868],[-46.5852,-23.9868],[-46.5852,-23.9872],[-46.5856,-23.9872],[-46.5856,-23.9876],[-46.586,-23.9876],[-46.586,-23.988],[-46.5864,-23.988],[-46.5864,-23.9884],[-46.5872,-23.9884],[-46.588,-23.9884],[-46.588,-23.9888],[-46.5888,-23.9888],[-46.5888,-23.99],[-46.5892,-23.99],[-46.5892,-23.9904],[-46.5892,-23.9908],[-46.5896,-23.9908],[-46.5896,-23.9912],[-46.59,-23.9912],[-46.59,-23.9916],[-46.59,-23.992],[-46.5904,-23.992],[-46.5912,-23.992],[-46.5912,-23.9924],[-46.5916,-23.9924],[-46.5916,-23.9928],[-46.592,-23.9928],[-46.592,-23.9932],[-46.5924,-23.9932],[-46.5924,-23.9936],[-46.5928,-23.9936],[-46.5928,-23.9932],[-46.5932,-23.9932],[-46.5932,-23.9928],[-46.5936,-23.9928],[-46.5936,-23.992],[-46.594,-23.992],[-46.594,-23.9912],[-46.5944,-23.9912],[-46.5948,-23.9912],[-46.5948,-23.9908],[-46.5952,-23.9908],[-46.5952,-23.9904],[-46.5952,-23.9884],[-46.5952,-23.988],[-46.5948,-23.988],[-46.5948,-23.9876],[-46.5944,-23.9876],[-46.5944,-23.9872],[-46.594,-23.9872],[-46.5936,-23.9872],[-46.5936,-23.9868],[-46.592,-23.9868],[-46.592,-23.9864],[-46.5916,-23.9864],[-46.5904,-23.9864],[-46.59,-23.9864],[-46.59,-23.986],[-46.59,-23.9856],[-46.5896,-23.9856],[-46.5896,-23.9852],[-46.5892,-23.9852],[-46.5888,-23.9852],[-46.5888,-23.9848],[-46.5876,-23.9848],[-46.5876,-23.9844],[-46.5872,-23.9844],[-46.5872,-23.984],[-46.5868,-23.984],[-46.5868,-23.9832],[-46.5864,-23.9832],[-46.5864,-23.9792],[-46.586,-23.9792],[-46.586,-23.9784],[-46.5852,-23.9784],[-46.5852,-23.978],[-46.5844,-23.978],[-46.5844,-23.9776],[-46.584,-23.9776],[-46.584,-23.9772],[-46.5836,-23.9772],[-46.5832,-23.9772],[-46.5832,-23.9768],[-46.5832,-23.9764],[-46.5828,-23.9764],[-46.5828,-23.9724],[-46.5832,-23.9724],[-46.5832,-23.972],[-46.5836,-23.972],[-46.5836,-23.9712],[-46.584,-23.9712],[-46.584,-23.9704],[-46.5836,-23.9704],[-46.5836,-23.97],[-46.5836,-23.9692],[-46.5832,-23.9688],[-46.5816,-23.9684],[-46.5816,-23.9676],[-46.5816,-23.9668],[-46.5808,-23.9668],[-46.5796,-23.9668],[-46.5792,-23.9664],[-46.5788,-23.9664],[-46.578,-23.9664],[-46.578,-23.9668],[-46.5772,-23.9668],[-46.5772,-23.9664]]]}},{"type":"Feature","properties":{"dsubbc":"rio cubatao","nome":"Rio Cubatão"},"geometry":{"type":"Polygon","coordinates":[[[-46.5904,-23.9696],[-46.5908,-23.97],[-46.5912,-23.97],[-46.5916,-23.9704],[-46.592,-23.9704],[-46.5924,-23.9708],[-46.5928,-23.9708],[-46.5928,-23.9712],[-46.5932,-23.9716],[-46.5936,-23.9716],[-46.5936,-23.97],[-46.594,-23.9696],[-46.5944,-23.9688],[-46.5948,-23.9684],[-46.5948,-23.9676],[-46.5948,-23.966],[-46.594,-23.9664],[-46.594,-23.9668],[-46.5936,-23.9668],[-46.5932,-23.9672],[-46.5928,-23.9672],[-46.5928,-23.9676],[-46.5924,-23.9676],[-46.5924,-23.968],[-46.592,-23.968],[-46.592,-23.9684],[-46.5916,-23.9684],[-46.5916,-23.9688],[-46.5912,-23.9688],[-46.5912,-23.9692],[-46.5908,-23.9692],[-46.5904,-23.9696]]]}},{"type":"Feature","properties":{"dsubbc":"rio cubatao","nome":"Rio Cubatão"},"geometry":{"type":"Polygon","coordinates":[[[-46.584,-23.9672],[-46.5844,-23.9672],[-46.5848,-23.9676],[-46.5852,-23.9676],[-46.5856,-23.968],[-46.5864,-23.968],[-46.5868,-23.9676],[-46.5868,-23.968],[-46.5876,-23.968],[-46.588,-23.968],[-46.5884,-23.9684],[-46.5888,-23.9688],[-46.5892,-23.9692],[-46.5896,-23.9696],[-46.5904,-23.9696],[-46.5908,-23.9692],[-46.5912,-23.9692],[-46.5912,-23.9688],[-46.5916,-23.9688],[-46.5916,-23.9684],[-46.592,-23.9684],[-46.592,-23.968],[-46.5924,-23.968],[-46.5924,-23.9676],[-46.5928,-23.9676],[-46.5928,-23.9672],[-46.5932,-23.9672],[-46.5936,-23.9668],[-46.594,-23.9668],[-46.594,-23.9664],[-46.5948,-23.966],[-46.5948,-23.9652],[-46.594,-23.9652],[-46.5932,-23.9652],[-46.5924,-23.9652],[-46.5916,-23.9656],[-46.5908,-23.9656],[-46.5904,-23.9656],[-46.5896,-23.9656],[-46.5888,-23.966],[-46.5884,-23.966],[-46.5876,-23.966],[-46.5872,-23.966],[-46.5868,-23.966],[-46.5864,-23.966],[-46.586,-23.9664],[-46.5856,-23.966],[-46.5848,-23.9664],[-46.584,-23.9668],[-46.584,-23.9672]]]}},{"type":"Feature","properties":{"dsubbc":"rio cubatao","nome":"Rio Cubatão"},"geometry":{"type":"Polygon","coordinates":[[[-46.5704,-23.9728],[-46.5704,-23.9732],[-46.5708,-23.9732],[-46.5712,-23.9732],[-46.5712,-23.9736],[-46.5712,-23.974],[-46.5716,-23.974],[-46.5716,-23.9744],[-46.572,-23.9744],[-46.572,-23.9748],[-46.5724,-23.9748],[-46.5724,-23.9752],[-46.5728,-23.9752],[-46.5732,-23.9752],[-46.574,-23.9752],[-46.574,-23.9748],[-46.5744,-23.9748],[-46.5744,-23.9744],[-46.5748,-23.9744],[-46.5748,-23.974],[-46.5752,-23.974],[-46.5752,-23.9736],[-46.5752,-23.9732],[-46.5756,-23.9732],[-46.576,-23.9732],[-46.576,-23.972],[-46.5764,-23.972],[-46.5764,-23.9716],[-46.5764,-23.9712],[-46.5764,-23.9708],[-46.5768,-23.9708],[-46.5768,-23.97],[-46.576,-23.9692],[-46.576,-23.9684],[-46.576,-23.968],[-46.5768,-23.9668],[-46.5772,-23.9664],[-46.5756,-23.9648],[-46.5748,-23.9644],[-46.5748,-23.9648],[-46.5744,-23.9648],[-46.5744,-23.9652],[-46.574,-23.9656],[-46.574,-23.966],[-46.5736,-23.9664],[-46.5736,-23.9668],[-46.5732,-23.9672],[-46.5732,-23.9676],[-46.5728,-23.9676],[-46.5728,-23.968],[-46.5724,-23.9684],[-46.5724,-23.9688],[-46.572,-23.9692],[-46.572,-23.9696],[-46.5716,-23.97],[-46.5716,-23.9704],[-46.5712,-23.9708],[-46.5708,-23.9712],[-46.5708,-23.9716],[-46.5704,-23.972],[-46.5704,-23.9724],[-46.5704,-23.9728]]]}},{"type":"Feature","properties":{"dsubbc":"rio cubatao","nome":"Rio Cubatão"},"geometry":{"type":"Polygon","coordinates":[[[-46.5672,-23.9596],[-46.5672,-23.96],[-46.5676,-23.9604],[-46.5676,-23.9608],[-46.5676,-23.9612],[-46.5676,-23.9616],[-46.5672,-23.962],[-46.5672,-23.9624],[-46.5672,-23.9632],[-46.5668,-23.9632],[-46.5668,-23.9636],[-46.5664,-23.9636],[-46.5664,-23.964],[-46.5664,-23.9644],[-46.566,-23.9644],[-46.5656,-23.9644],[-46.5656,-23.9648],[-46.5652,-23.9648],[-46.5652,-23.9652],[-46.5652,-23.9664],[-46.5648,-23.9664],[-46.5648,-23.9668],[-46.5644,-23.9668],[-46.5644,-23.9672],[-46.564,-23.9672],[-46.564,-23.9676],[-46.5644,-23.9676],[-46.5644,-23.968],[-46.5648,-23.968],[-46.5648,-23.9684],[-46.5652,-23.9684],[-46.5652,-23.9688],[-46.5652,-23.9692],[-46.5664,-23.9692],[-46.5672,-23.9692],[-46.5672,-23.9696],[-46.5684,-23.9696],[-46.5684,-23.97],[-46.5688,-23.97],[-46.5688,-23.9704],[-46.5692,-23.9704],[-46.5692,-23.9708],[-46.5696,-23.9708],[-46.5696,-23.9712],[-46.57,-23.9712],[-46.5704,-23.9712],[-46.5704,-23.9728],[-46.5704,-23.9724],[-46.5704,-23.972],[-46.5708,-23.9716],[-46.5708,-23.9712],[-46.5712,-23.9708],[-46.5716,-23.9704],[-46.5716,-23.97],[-46.572,-23.9696],[-46.572,-23.9692],[-46.5724,-23.9688],[-46.5724,-23.9684],[-46.5728,-23.968],[-46.5728,-23.9676],[-46.5732,-23.9676],[-46.5732,-23.9672],[-46.5736,-23.9668],[-46.5736,-23.9664],[-46.574,-23.966],[-46.574,-23.9656],[-46.5744,-23.9652],[-46.5744,-23.9648],[-46.5748,-23.9648],[-46.5748,-23.9644],[-46.5744,-23.964],[-46.574,-23.9632],[-46.5728,-23.9632],[-46.5724,-23.9632],[-46.5712,-23.962],[-46.5708,-23.962],[-46.5704,-23.9616],[-46.57,-23.9616],[-46.5696,-23.9612],[-46.5696,-23.9608],[-46.5692,-23.9604],[-46.5688,-23.96],[-46.5684,-23.9596],[-46.568,-23.9596],[-46.5672,-23.9596]]]}},{"type":"Feature","properties":{"dsubbc":"rio cubatao","nome":"Rio Cubatão"},"geometry":{"type":"Polygon","coordinates":[[[-46.5612,-23.9672],[-46.5628,-23.9672],[-46.5636,-23.9672],[-46.5636,-23.9676],[-46.564,-23.9676],[-46.564,-23.9672],[-46.5644,-23.9672],[-46.5644,-23.9668],[-46.5648,-23.9668],[-46.5648,-23.9664],[-46.5652,-23.9664],[-46.5652,-23.9652],[-46.5652,-23.9648],[-46.5656,-23.9648],[-46.5656,-23.9644],[-46.566,-23.9644],[-46.5664,-23.9644],[-46.5664,-23.964],[-46.5664,-23.9636],[-46.5668,-23.9636],[-46.5668,-23.9632],[-46.5672,-23.9632],[-46.5672,-23.9624],[-46.5672,-23.962],[-46.5676,-23.9616],[-46.5676,-23.9612],[-46.5676,-23.9608],[-46.5676,-23.9604],[-46.5672,-23.96],[-46.5672,-23.9596],[-46.5664,-23.9596],[-46.5656,-23.9596],[-46.5652,-23.9596],[-46.5644,-23.96],[-46.5644,-23.9604],[-46.5644,-23.9608],[-46.5644,-23.9612],[-46.5644,-23.9616],[-46.564,-23.9616],[-46.564,-23.962],[-46.5636,-23.962],[-46.5636,-23.9624],[-46.5632,-23.9624],[-46.5628,-23.9628],[-46.5628,-23.9632],[-46.5628,-23.9636],[-46.5624,-23.964],[-46.5624,-23.9644],[-46.562,-23.9644],[-46.562,-23.9648],[-46.562,-23.9652],[-46.5616,-23.9656],[-46.5616,-23.966],[-46.5616,-23.9664],[-46.5612,-23.9668],[-46.5612,-23.9672]]]}},{"type":"Feature","properties":{"dsubbc":"rio cubatao","nome":"Rio Cubatão"},"geometry":{"type":"Polygon","coordinates":[[[-46.5604,-23.956],[-46.5604,-23.9564],[-46.5604,-23.9568],[-46.56,-23.9568],[-46.56,-23.9572],[-46.5596,-23.9576],[-46.5592,-23.958],[-46.5592,-23.9584],[-46.5588,-23.9584],[-46.5588,-23.9588],[-46.5588,-23.9592],[-46.5584,-23.9592],[-46.5584,-23.9596],[-46.558,-23.9596],[-46.558,-23.96],[-46.5576,-23.96],[-46.5576,-23.9604],[-46.5572,-23.9604],[-46.5572,-23.9608],[-46.5568,-23.9608],[-46.5568,-23.9612],[-46.5564,-23.9612],[-46.5564,-23.9616],[-46.556,-23.9616],[-46.556,-23.962],[-46.5556,-23.962],[-46.5556,-23.9624],[-46.5552,-23.9624],[-46.5552,-23.9628],[-46.5548,-23.9628],[-46.5548,-23.9632],[-46.5552,-23.9632],[-46.5552,-23.9636],[-46.5552,-23.964],[-46.5556,-23.964],[-46.5556,-23.9644],[-46.556,-23.9644],[-46.5564,-23.9644],[-46.5564,-23.9648],[-46.5564,-23.9652],[-46.5568,-23.9652],[-46.5572,-23.9652],[-46.5572,-23.966],[-46.5572,-23.9664],[-46.5576,-23.9664],[-46.558,-23.9664],[-46.558,-23.9668],[-46.5588,-23.9668],[-46.5588,-23.9664],[-46.5596,-23.9664],[-46.5596,-23.9668],[-46.5608,-23.9668],[-46.5608,-23.9672],[-46.5612,-23.9672],[-46.5612,-23.9668],[-46.5616,-23.9664],[-46.5616,-23.966],[-46.5616,-23.9656],[-46.562,-23.9652],[-46.562,-23.9648],[-46.562,-23.9644],[-46.5624,-23.9644],[-46.5624,-23.964],[-46.5628,-23.9636],[-46.5628,-23.9632],[-46.5628,-23.9628],[-46.5632,-23.9624],[-46.5636,-23.9624],[-46.5636,-23.962],[-46.564,-23.962],[-46.564,-23.9616],[-46.5644,-23.9616],[-46.5644,-23.9612],[-46.5644,-23.9608],[-46.5644,-23.9604],[-46.5644,-23.96],[-46.5652,-23.9596],[-46.5648,-23.9592],[-46.5644,-23.9592],[-46.5644,-23.9588],[-46.564,-23.9588],[-46.5632,-23.9584],[-46.562,-23.9572],[-46.562,-23.9568],[-46.5612,-23.956],[-46.5604,-23.956]]]}},{"type":"Feature","properties":{"dsubbc":"rio cubatao","nome":"Rio Cubatão"},"geometry":{"type":"Polygon","coordinates":[[[-46.5536,-23.9624],[-46.554,-23.9624],[-46.5544,-23.9624],[-46.5544,-23.9628],[-46.5544,-23.9632],[-46.5548,-23.9632],[-46.5548,-23.9628],[-46.5552,-23.9628],[-46.5552,-23.9624],[-46.5556,-23.9624],[-46.5556,-23.962],[-46.556,-23.962],[-46.556,-23.9616],[-46.5564,-23.9616],[-46.5564,-23.9612],[-46.5568,-23.9612],[-46.5568,-23.9608],[-46.5572,-23.9608],[-46.5572,-23.9604],[-46.5576,-23.9604],[-46.5576,-23.96],[-46.558,-23.96],[-46.558,-23.9596],[-46.5584,-23.9596],[-46.5584,-23.9592],[-46.5588,-23.9592],[-46.5588,-23.9588],[-46.5588,-23.9584],[-46.5592,-23.9584],[-46.5592,-23.958],[-46.5596,-23.9576],[-46.56,-23.9572],[-46.56,-23.9568],[-46.5604,-23.9568],[-46.5604,-23.9564],[-46.5604,-23.956],[-46.56,-23.956],[-46.5596,-23.956],[-46.5592,-23.9556],[-46.5588,-23.9552],[-46.5584,-23.9548],[-46.5584,-23.9552],[-46.5584,-23.9556],[-46.558,-23.9556],[-46.558,-23.956],[-46.5576,-23.956],[-46.5576,-23.9564],[-46.5572,-23.9564],[-46.5572,-23.9568],[-46.5568,-23.9568],[-46.5568,-23.9572],[-46.5564,-23.9572],[-46.556,-23.9576],[-46.5556,-23.9576],[-46.5556,-23.958],[-46.5552,-23.958],[-46.5552,-23.9604],[-46.5548,-23.9604],[-46.5544,-23.9604],[-46.5544,-23.9608],[-46.5544,-23.9612],[-46.554,-23.9612],[-46.5536,-23.9612],[-46.5536,-23.9624]]]}},{"type":"Feature","properties":{"dsubbc":"rio cubatao","nome":"Rio Cubatão"},"geometry":{"type":"Polygon","coordinates":[[[-46.5588,-23.9552],[-46.5592,-23.9556],[-46.5596,-23.956],[-46.56,-23.956],[-46.5604,-23.956],[-46.5612,-23.956],[-46.562,-23.9568],[-46.562,-23.9572],[-46.5632,-23.9584],[-46.564,-23.9588],[-46.5644,-23.9588],[-46.5644,-23.9592],[-46.5648,-23.9592],[-46.5652,-23.9596],[-46.5664,-23.958],[-46.5664,-23.9572],[-46.5664,-23.9564],[-46.5668,-23.9564],[-46.5672,-23.9564],[-46.5672,-23.956],[-46.5672,-23.9556],[-46.5672,-23.9548],[-46.5672,-23.9536],[-46.5668,-23.9536],[-46.5668,-23.9532],[-46.5664,-23.9532],[-46.5664,-23.9524],[-46.5664,-23.952],[-46.566,-23.952],[-46.566,-23.9512],[-46.5656,-23.9512],[-46.5656,-23.9504],[-46.5652,-23.9504],[-46.5652,-23.9508],[-46.5652,-23.9512],[-46.5632,-23.9512],[-46.5632,-23.9516],[-46.5628,-23.9516],[-46.5628,-23.952],[-46.5624,-23.952],[-46.5624,-23.9524],[-46.562,-23.9524],[-46.562,-23.9528],[-46.5616,-23.9528],[-46.5616,-23.9532],[-46.5612,-23.9532],[-46.5612,-23.9536],[-46.5608,-23.954],[-46.56,-23.9544],[-46.5596,-23.9544],[-46.5596,-23.9548],[-46.5588,-23.9552]]]}},{"type":"Feature","properties":{"dsubbc":"rio cubatao","nome":"Rio Cubatão"},"geometry":{"type":"Polygon","coordinates":[[[-46.594,-23.9524],[-46.594,-23.9528],[-46.5936,-23.9528],[-46.5936,-23.9532],[-46.5932,-23.9532],[-46.5932,-23.9536],[-46.5932,-23.954],[-46.5928,-23.954],[-46.5928,-23.9548],[-46.5924,-23.9548],[-46.5924,-23.9556],[-46.592,-23.9556],[-46.592,-23.9552],[-46.592,-23.9548],[-46.5908,-23.9548],[-46.5908,-23.9552],[-46.59,-23.9552],[-46.59,-23.9556],[-46.5896,-23.9556],[-46.5892,-23.9556],[-46.5892,-23.9548],[-46.5876,-23.9548],[-46.5876,-23.9552],[-46.5868,-23.9552],[-46.5868,-23.9556],[-46.5856,-23.9556],[-46.5852,-23.9556],[-46.5852,-23.956],[-46.5852,-23.9564],[-46.5844,-23.9564],[-46.584,-23.9564],[-46.584,-23.9576],[-46.5848,-23.9576],[-46.5848,-23.958],[-46.5852,-23.958],[-46.5852,-23.9584],[-46.5856,-23.9584],[-46.586,-23.9584],[-46.586,-23.9592],[-46.586,-23.96],[-46.586,-23.9604],[-46.5856,-23.9604],[-46.5852,-23.9604],[-46.5852,-23.9608],[-46.5852,-23.9612],[-46.5848,-23.9612],[-46.5844,-23.9612],[-46.5844,-23.9616],[-46.5844,-23.962],[-46.584,-23.962],[-46.584,-23.9624],[-46.584,-23.9632],[-46.584,-23.9636],[-46.5836,-23.9636],[-46.5836,-23.964],[-46.5832,-23.964],[-46.5832,-23.9644],[-46.5828,-23.9644],[-46.5828,-23.9648],[-46.5824,-23.9648],[-46.5812,-23.9648],[-46.5816,-23.9668],[-46.5824,-23.9668],[-46.5832,-23.9668],[-46.5836,-23.9668],[-46.584,-23.9672],[-46.584,-23.9668],[-46.5848,-23.9664],[-46.5856,-23.966],[-46.586,-23.9664],[-46.5864,-23.966],[-46.5868,-23.966],[-46.5872,-23.966],[-46.5876,-23.966],[-46.5884,-23.966],[-46.5888,-23.966],[-46.5896,-23.9656],[-46.5904,-23.9656],[-46.5908,-23.9656],[-46.5916,-23.9656],[-46.5924,-23.9652],[-46.5932,-23.9652],[-46.594,-23.9652],[-46.5948,-23.9652],[-46.5952,-23.9652],[-46.596,-23.9652],[-46.596,-23.9648],[-46.5964,-23.9648],[-46.5964,-23.9636],[-46.5968,-23.9636],[-46.5968,-23.9632],[-46.5972,-23.9632],[-46.5972,-23.9636],[-46.5972,-23.964],[-46.5976,-23.964],[-46.5976,-23.9644],[-46.598,-23.9644],[-46.598,-23.9648],[-46.5984,-23.9648],[-46.5984,-23.9652],[-46.5992,-23.9652],[-46.602,-23.9652],[-46.602,-23.9656],[-46.6032,-23.9656],[-46.6032,-23.9652],[-46.604,-23.9652],[-46.6052,-23.9652],[-46.6056,-23.9652],[-46.6056,-23.9656],[-46.6064,-23.9656],[-46.6064,-23.966],[-46.6072,-23.966],[-46.6072,-23.9664],[-46.6076,-23.9664],[-46.608,-23.9664],[-46.608,-23.9668],[-46.6092,-23.9668],[-46.6092,-23.9664],[-46.6096,-23.9664],[-46.61,-23.9664],[-46.61,-23.966],[-46.61,-23.9644],[-46.6092,-23.9644],[-46.6092,-23.964],[-46.6092,-23.9636],[-46.6092,-23.9632],[-46.6096,-23.9632],[-46.61,-23.9632],[-46.61,-23.9628],[-46.61,-23.9624],[-46.6104,-23.9624],[-46.6108,-23.9624],[-46.6108,-23.9616],[-46.6112,-23.9616],[-46.6112,-23.9608],[-46.6112,-23.9604],[-46.6116,-23.9604],[-46.612,-23.9604],[-46.612,-23.96],[-46.612,-23.9596],[-46.6132,-23.9596],[-46.6132,-23.9592],[-46.6136,-23.9592],[-46.614,-23.9592],[-46.614,-23.9576],[-46.614,-23.9572],[-46.6144,-23.9572],[-46.6148,-23.9572],[-46.6148,-23.9564],[-46.6152,-23.9564],[-46.6152,-23.956],[-46.6156,-23.956],[-46.6156,-23.9556],[-46.616,-23.9556],[-46.616,-23.9552],[-46.6156,-23.9552],[-46.6156,-23.9548],[-46.6152,-23.9548],[-46.6152,-23.9544],[-46.6148,-23.9544],[-46.6148,-23.954],[-46.614,-23.954],[-46.614,-23.9536],[-46.6112,-23.9536],[-46.6112,-23.954],[-46.6112,-23.9536],[-46.6108,-23.9536],[-46.6108,-23.9524],[-46.6104,-23.9524],[-46.61,-23.9524],[-46.61,-23.9516],[-46.6104,-23.9516],[-46.6104,-23.9508],[-46.6108,-23.9508],[-46.6108,-23.9496],[-46.6104,-23.9496],[-46.6104,-23.9492],[-46.61,-23.9492],[-46.61,-23.9488],[-46.6096,-23.9488],[-46.6096,-23.9484],[-46.6092,-23.9484],[-46.6088,-23.9484],[-46.6088,-23.948],[-46.6084,-23.948],[-46.608,-23.948],[-46.6076,-23.948],[-46.6076,-23.9484],[-46.6072,-23.9484],[-46.6072,-23.9488],[-46.6072,-23.9492],[-46.6068,-23.9492],[-46.6068,-23.9496],[-46.6052,-23.9496],[-46.6052,-23.9492],[-46.6048,-23.9492],[-46.6048,-23.9484],[-46.6044,-23.9484],[-46.6044,-23.948],[-46.604,-23.948],[-46.604,-23.9476],[-46.6032,-23.9476],[-46.6028,-23.9476],[-46.6028,-23.948],[-46.602,-23.948],[-46.602,-23.9484],[-46.6016,-23.9484],[-46.6012,-23.9484],[-46.6012,-23.9492],[-46.6012,-23.95],[-46.6008,-23.95],[-46.6008,-23.9504],[-46.6004,-23.9504],[-46.6004,-23.95],[-46.6,-23.95],[-46.6,-23.9496],[-46.5992,-23.9496],[-46.5992,-23.9492],[-46.5984,-23.9492],[-46.5984,-23.9488],[-46.598,-23.9488],[-46.598,-23.9484],[-46.5964,-23.9484],[-46.5964,-23.9488],[-46.596,-23.9488],[-46.596,-23.9496],[-46.596,-23.95],[-46.596,-23.9504],[-46.5964,-23.9504],[-46.5964,-23.9508],[-46.5972,-23.9508],[-46.5972,-23.9512],[-46.5972,-23.9516],[-46.5964,-23.9516],[-46.5964,-23.952],[-46.596,-23.952],[-46.596,-23.9524],[-46.5956,-23.9524],[-46.5952,-23.9524],[-46.5952,-23.9528],[-46.5948,-23.9528],[-46.5948,-23.9524],[-46.594,-23.9524]]]}},{"type":"Feature","properties":{"dsubbc":"rio cubatao","nome":"Rio Cubatão"},"geometry":{"type":"Polygon","coordinates":[[[-46.5436,-23.9476],[-46.5444,-23.9484],[-46.5444,-23.9488],[-46.5448,-23.9496],[-46.5452,-23.9496],[-46.5456,-23.9496],[-46.546,-23.95],[-46.5464,-23.95],[-46.5468,-23.9504],[-46.5472,-23.9508],[-46.548,-23.9512],[-46.548,-23.9516],[-46.548,-23.952],[-46.5484,-23.952],[-46.5492,-23.9528],[-46.5496,-23.9528],[-46.55,-23.9532],[-46.5516,-23.9532],[-46.5516,-23.9528],[-46.552,-23.9524],[-46.552,-23.952],[-46.5524,-23.952],[-46.5524,-23.9516],[-46.5528,-23.9516],[-46.5532,-23.9512],[-46.5536,-23.9508],[-46.554,-23.9504],[-46.5544,-23.9504],[-46.5544,-23.95],[-46.5548,-23.95],[-46.5548,-23.9496],[-46.5552,-23.9496],[-46.5552,-23.9488],[-46.5552,-23.948],[-46.5556,-23.948],[-46.5556,-23.9476],[-46.5548,-23.9476],[-46.5544,-23.9472],[-46.5536,-23.9472],[-46.5528,-23.9472],[-46.552,-23.9472],[-46.5508,-23.9476],[-46.5504,-23.9472],[-46.55,-23.9476],[-46.5496,-23.9476],[-46.5488,-23.9476],[-46.5484,-23.9472],[-46.548,-23.9472],[-46.5472,-23.9472],[-46.5468,-23.9472],[-46.546,-23.9472],[-46.5456,-23.9476],[-46.5448,-23.9476],[-46.5444,-23.9476],[-46.544,-23.9476],[-46.5436,-23.9476]]]}},{"type":"Feature","properties":{"dsubbc":"rio cubatao","nome":"Rio Cubatão"},"geometry":{"type":"Polygon","coordinates":[[[-46.5728,-23.9632],[-46.574,-23.9632],[-46.5744,-23.964],[-46.5748,-23.9644],[-46.5756,-23.9648],[-46.5772,-23.9664],[-46.5772,-23.9668],[-46.578,-23.9668],[-46.578,-23.9664],[-46.5788,-23.9664],[-46.5792,-23.9664],[-46.5796,-23.9668],[-46.5808,-23.9668],[-46.5816,-23.9668],[-46.5812,-23.9648],[-46.5824,-23.9648],[-46.5828,-23.9648],[-46.5828,-23.9644],[-46.5832,-23.9644],[-46.5832,-23.964],[-46.5836,-23.964],[-46.5836,-23.9636],[-46.584,-23.9636],[-46.584,-23.9632],[-46.584,-23.9624],[-46.584,-23.962],[-46.5844,-23.962],[-46.5844,-23.9616],[-46.5844,-23.9612],[-46.5848,-23.9612],[-46.5852,-23.9612],[-46.5852,-23.9608],[-46.5852,-23.9604],[-46.5856,-23.9604],[-46.586,-23.9604],[-46.586,-23.96],[-46.586,-23.9592],[-46.586,-23.9584],[-46.5856,-23.9584],[-46.5852,-23.9584],[-46.5852,-23.958],[-46.5848,-23.958],[-46.5848,-23.9576],[-46.584,-23.9576],[-46.584,-23.9564],[-46.5844,-23.9564],[-46.5852,-23.9564],[-46.5852,-23.956],[-46.5852,-23.9556],[-46.5856,-23.9556],[-46.5868,-23.9556],[-46.5868,-23.9552],[-46.5876,-23.9552],[-46.5876,-23.9548],[-46.5892,-23.9548],[-46.5892,-23.9556],[-46.5896,-23.9556],[-46.59,-23.9556],[-46.59,-23.9552],[-46.5908,-23.9552],[-46.5908,-23.9548],[-46.592,-23.9548],[-46.592,-23.9552],[-46.592,-23.9556],[-46.5924,-23.9556],[-46.5924,-23.9548],[-46.5928,-23.9548],[-46.5928,-23.954],[-46.5932,-23.954],[-46.5932,-23.9536],[-46.5932,-23.9532],[-46.5936,-23.9532],[-46.5936,-23.9528],[-46.594,-23.9528],[-46.594,-23.9524],[-46.5912,-23.9524],[-46.5912,-23.9516],[-46.5912,-23.9512],[-46.5912,-23.9508],[-46.5908,-23.9508],[-46.5908,-23.9504],[-46.5904,-23.9504],[-46.59,-23.9504],[-46.59,-23.95],[-46.59,-23.9492],[-46.5896,-23.9492],[-46.5896,-23.9488],[-46.5892,-23.9488],[-46.5892,-23.9484],[-46.5892,-23.948],[-46.5888,-23.948],[-46.5888,-23.9476],[-46.5884,-23.9476],[-46.588,-23.9476],[-46.588,-23.9472],[-46.588,-23.9468],[-46.5872,-23.9468],[-46.5872,-23.9464],[-46.5868,-23.9464],[-46.5868,-23.946],[-46.5864,-23.946],[-46.5864,-23.9456],[-46.586,-23.9456],[-46.586,-23.9452],[-46.5852,-23.9452],[-46.5844,-23.9452],[-46.584,-23.9452],[-46.584,-23.9448],[-46.5836,-23.9452],[-46.5832,-23.946],[-46.5828,-23.9468],[-46.582,-23.9472],[-46.582,-23.948],[-46.582,-23.95],[-46.5816,-23.95],[-46.5816,-23.9504],[-46.5812,-23.9504],[-46.5812,-23.95],[-46.5808,-23.95],[-46.5792,-23.95],[-46.5792,-23.9504],[-46.5788,-23.9504],[-46.5788,-23.9508],[-46.5784,-23.9508],[-46.5784,-23.9512],[-46.578,-23.9512],[-46.578,-23.9516],[-46.5776,-23.9516],[-46.5776,-23.952],[-46.5776,-23.9528],[-46.5776,-23.9532],[-46.578,-23.9532],[-46.578,-23.9536],[-46.578,-23.9556],[-46.578,-23.9564],[-46.5776,-23.9564],[-46.5776,-23.9572],[-46.5772,-23.9572],[-46.5772,-23.9576],[-46.5768,-23.9576],[-46.5768,-23.9592],[-46.5764,-23.9592],[-46.5764,-23.9596],[-46.5764,-23.9604],[-46.576,-23.9604],[-46.5756,-23.9604],[-46.5756,-23.9608],[-46.5752,-23.9608],[-46.5752,-23.9612],[-46.5736,-23.9616],[-46.5728,-23.9632]]]}},{"type":"Feature","properties":{"dsubbc":"rio cubatao","nome":"Rio Cubatão"},"geometry":{"type":"Polygon","coordinates":[[[-46.5384,-23.9524],[-46.5388,-23.9524],[-46.5388,-23.9528],[-46.5392,-23.9528],[-46.5392,-23.9532],[-46.5396,-23.9532],[-46.5396,-23.9536],[-46.5396,-23.954],[-46.5404,-23.954],[-46.5404,-23.9544],[-46.5408,-23.9544],[-46.5408,-23.9548],[-46.5412,-23.9548],[-46.5412,-23.9552],[-46.5416,-23.9552],[-46.5416,-23.9556],[-46.5424,-23.9556],[-46.5452,-23.9556],[-46.5452,-23.956],[-46.5472,-23.956],[-46.5472,-23.9564],[-46.548,-23.9564],[-46.5484,-23.9564],[-46.5484,-23.9568],[-46.5488,-23.9568],[-46.5488,-23.9572],[-46.5492,-23.9572],[-46.5492,-23.9576],[-46.5492,-23.958],[-46.5496,-23.958],[-46.5496,-23.9584],[-46.55,-23.9584],[-46.5504,-23.9584],[-46.5504,-23.9592],[-46.5508,-23.9592],[-46.5508,-23.96],[-46.5512,-23.96],[-46.5512,-23.9604],[-46.5516,-23.9604],[-46.5516,-23.9608],[-46.552,-23.9608],[-46.552,-23.9612],[-46.5524,-23.9612],[-46.5524,-23.9616],[-46.5528,-23.9616],[-46.5528,-23.962],[-46.5532,-23.962],[-46.5532,-23.9624],[-46.5536,-23.9624],[-46.5536,-23.9612],[-46.554,-23.9612],[-46.5544,-23.9612],[-46.5544,-23.9608],[-46.5544,-23.9604],[-46.5548,-23.9604],[-46.5552,-23.9604],[-46.5552,-23.958],[-46.5556,-23.958],[-46.5556,-23.9576],[-46.556,-23.9576],[-46.5564,-23.9572],[-46.5568,-23.9572],[-46.5568,-23.9568],[-46.5572,-23.9568],[-46.5572,-23.9564],[-46.5576,-23.9564],[-46.5576,-23.956],[-46.558,-23.956],[-46.558,-23.9556],[-46.5584,-23.9556],[-46.5584,-23.9552],[-46.5584,-23.9548],[-46.558,-23.954],[-46.5572,-23.954],[-46.5568,-23.954],[-46.5564,-23.9532],[-46.556,-23.9532],[-46.5548,-23.9532],[-46.554,-23.9532],[-46.5536,-23.9532],[-46.5532,-23.9532],[-46.5528,-23.9532],[-46.5516,-23.9532],[-46.55,-23.9532],[-46.5496,-23.9528],[-46.5492,-23.9528],[-46.5484,-23.952],[-46.548,-23.952],[-46.548,-23.9516],[-46.548,-23.9512],[-46.5472,-23.9508],[-46.5468,-23.9504],[-46.5464,-23.95],[-46.546,-23.95],[-46.5456,-23.9496],[-46.5452,-23.9496],[-46.5448,-23.9496],[-46.5444,-23.9488],[-46.5444,-23.9484],[-46.5436,-23.9476],[-46.5432,-23.9476],[-46.5432,-23.9472],[-46.5432,-23.9468],[-46.5428,-23.9464],[-46.5428,-23.946],[-46.542,-23.9448],[-46.5416,-23.9448],[-46.5412,-23.9448],[-46.5408,-23.9452],[-46.5412,-23.9456],[-46.5408,-23.9456],[-46.5408,-23.946],[-46.5408,-23.9464],[-46.5408,-23.9468],[-46.5408,-23.9472],[-46.5404,-23.9472],[-46.5404,-23.9476],[-46.5404,-23.948],[-46.5404,-23.9484],[-46.5404,-23.9488],[-46.54,-23.9488],[-46.54,-23.9496],[-46.5396,-23.9496],[-46.5396,-23.9504],[-46.5392,-23.9504],[-46.5392,-23.9512],[-46.5388,-23.9512],[-46.5388,-23.9516],[-46.5384,-23.9516],[-46.5384,-23.952],[-46.5384,-23.9524]]]}},{"type":"Feature","properties":{"dsubbc":"rio cubatao","nome":"Rio Cubatão"},"geometry":{"type":"Polygon","coordinates":[[[-46.5396,-23.944],[-46.5392,-23.9444],[-46.5392,-23.9448],[-46.5392,-23.9452],[-46.5388,-23.9452],[-46.5388,-23.9456],[-46.5388,-23.946],[-46.5388,-23.9464],[-46.5388,-23.9468],[-46.5388,-23.9472],[-46.5384,-23.9476],[-46.5384,-23.948],[-46.5384,-23.9484],[-46.538,-23.9488],[-46.538,-23.9492],[-46.538,-23.9496],[-46.5376,-23.95],[-46.5376,-23.9504],[-46.5376,-23.9508],[-46.5376,-23.9512],[-46.5376,-23.9516],[-46.5376,-23.952],[-46.5376,-23.9524],[-46.5384,-23.9524],[-46.5384,-23.952],[-46.5384,-23.9516],[-46.5388,-23.9516],[-46.5388,-23.9512],[-46.5392,-23.9512],[-46.5392,-23.9504],[-46.5396,-23.9504],[-46.5396,-23.9496],[-46.54,-23.9496],[-46.54,-23.9488],[-46.5404,-23.9488],[-46.5404,-23.9484],[-46.5404,-23.948],[-46.5404,-23.9476],[-46.5404,-23.9472],[-46.5408,-23.9472],[-46.5408,-23.9468],[-46.5408,-23.9464],[-46.5408,-23.946],[-46.5408,-23.9456],[-46.5412,-23.9456],[-46.5408,-23.9452],[-46.5412,-23.9448],[-46.5408,-23.9444],[-46.5404,-23.944],[-46.54,-23.944],[-46.5396,-23.944]]]}},{"type":"Feature","properties":{"dsubbc":"rio cubatao","nome":"Rio Cubatão"},"geometry":{"type":"Polygon","coordinates":[[[-46.5316,-23.9484],[-46.5316,-23.9488],[-46.5324,-23.9488],[-46.5324,-23.9492],[-46.5332,-23.9492],[-46.5332,-23.9496],[-46.5336,-23.9496],[-46.534,-23.9496],[-46.534,-23.95],[-46.5344,-23.95],[-46.5344,-23.9504],[-46.5352,-23.9504],[-46.5352,-23.9508],[-46.5356,-23.9508],[-46.5356,-23.9512],[-46.5356,-23.9516],[-46.5364,-23.9516],[-46.5376,-23.9516],[-46.5376,-23.9512],[-46.5376,-23.9508],[-46.5376,-23.9504],[-46.5376,-23.95],[-46.538,-23.9496],[-46.538,-23.9492],[-46.538,-23.9488],[-46.5384,-23.9484],[-46.5384,-23.948],[-46.5384,-23.9476],[-46.5388,-23.9472],[-46.5388,-23.9468],[-46.5388,-23.9464],[-46.5388,-23.946],[-46.5388,-23.9456],[-46.5388,-23.9452],[-46.5392,-23.9452],[-46.5392,-23.9448],[-46.5392,-23.9444],[-46.5396,-23.944],[-46.5392,-23.944],[-46.5392,-23.9436],[-46.5388,-23.9436],[-46.538,-23.9428],[-46.5376,-23.9424],[-46.5372,-23.9424],[-46.5368,-23.9424],[-46.5364,-23.942],[-46.5364,-23.9424],[-46.5364,-23.9428],[-46.5364,-23.9432],[-46.536,-23.9432],[-46.536,-23.9436],[-46.536,-23.944],[-46.5356,-23.944],[-46.5356,-23.9444],[-46.5352,-23.9448],[-46.5352,-23.9452],[-46.5348,-23.9452],[-46.5348,-23.9456],[-46.5344,-23.946],[-46.5344,-23.9464],[-46.534,-23.9464],[-46.534,-23.9468],[-46.5336,-23.9472],[-46.5332,-23.9472],[-46.5332,-23.9476],[-46.5328,-23.9476],[-46.5328,-23.948],[-46.5324,-23.948],[-46.532,-23.9484],[-46.5316,-23.9484]]]}},{"type":"Feature","properties":{"dsubbc":"rio cubatao","nome":"Rio Cubatão"},"geometry":{"type":"Polygon","coordinates":[[[-46.56,-23.9416],[-46.5596,-23.9416],[-46.5596,-23.942],[-46.5592,-23.942],[-46.5592,-23.9424],[-46.5592,-23.9444],[-46.5588,-23.9444],[-46.5584,-23.9444],[-46.5584,-23.9448],[-46.5584,-23.9452],[-46.558,-23.9452],[-46.558,-23.9456],[-46.5576,-23.9456],[-46.5572,-23.9456],[-46.5572,-23.946],[-46.5572,-23.9464],[-46.5568,-23.9464],[-46.5564,-23.9464],[-46.5564,-23.9468],[-46.5564,-23.9472],[-46.556,-23.9472],[-46.556,-23.9476],[-46.5556,-23.9476],[-46.5556,-23.948],[-46.5552,-23.948],[-46.5552,-23.9488],[-46.5552,-23.9496],[-46.5548,-23.9496],[-46.5548,-23.95],[-46.5544,-23.95],[-46.5544,-23.9504],[-46.554,-23.9504],[-46.5536,-23.9508],[-46.5532,-23.9512],[-46.5528,-23.9516],[-46.5524,-23.9516],[-46.5524,-23.952],[-46.552,-23.952],[-46.552,-23.9524],[-46.5516,-23.9528],[-46.5516,-23.9532],[-46.5528,-23.9532],[-46.5532,-23.9532],[-46.5536,-23.9532],[-46.554,-23.9532],[-46.5548,-23.9532],[-46.556,-23.9532],[-46.5564,-23.9532],[-46.5568,-23.954],[-46.5572,-23.954],[-46.558,-23.954],[-46.5584,-23.9548],[-46.5588,-23.9552],[-46.5596,-23.9548],[-46.5596,-23.9544],[-46.56,-23.9544],[-46.5608,-23.954],[-46.5612,-23.9536],[-46.5612,-23.9532],[-46.5616,-23.9532],[-46.5616,-23.9528],[-46.562,-23.9528],[-46.562,-23.9524],[-46.5624,-23.9524],[-46.5624,-23.952],[-46.5628,-23.952],[-46.5628,-23.9516],[-46.5632,-23.9516],[-46.5632,-23.9512],[-46.5652,-23.9512],[-46.5652,-23.9508],[-46.5652,-23.9504],[-46.5656,-23.9504],[-46.5652,-23.9504],[-46.5652,-23.9496],[-46.5652,-23.9492],[-46.5648,-23.9492],[-46.5648,-23.9488],[-46.5644,-23.9488],[-46.5644,-23.9472],[-46.5648,-23.9472],[-46.5648,-23.9468],[-46.5652,-23.9468],[-46.5652,-23.9456],[-46.5648,-23.9456],[-46.5648,-23.9452],[-46.5644,-23.9452],[-46.5644,-23.9448],[-46.564,-23.9448],[-46.564,-23.9444],[-46.5636,-23.9444],[-46.5632,-23.9444],[-46.5628,-23.9444],[-46.5628,-23.944],[-46.5624,-23.944],[-46.5624,-23.9436],[-46.562,-23.9436],[-46.5612,-23.9436],[-46.5612,-23.9428],[-46.5612,-23.9424],[-46.5608,-23.9424],[-46.5604,-23.9424],[-46.5604,-23.942],[-46.5604,-23.9416],[-46.56,-23.9416]]]}},{"type":"Feature","properties":{"dsubbc":"rio cubatao","nome":"Rio Cubatão"},"geometry":{"type":"Polygon","coordinates":[[[-46.5304,-23.9484],[-46.5316,-23.9484],[-46.532,-23.9484],[-46.5324,-23.948],[-46.5328,-23.948],[-46.5328,-23.9476],[-46.5332,-23.9476],[-46.5332,-23.9472],[-46.5336,-23.9472],[-46.534,-23.9468],[-46.534,-23.9464],[-46.5344,-23.9464],[-46.5344,-23.946],[-46.5348,-23.9456],[-46.5348,-23.9452],[-46.5352,-23.9452],[-46.5352,-23.9448],[-46.5356,-23.9444],[-46.5356,-23.944],[-46.536,-23.944],[-46.536,-23.9436],[-46.536,-23.9432],[-46.5364,-23.9432],[-46.5364,-23.9428],[-46.5364,-23.9424],[-46.5364,-23.942],[-46.536,-23.942],[-46.5356,-23.9416],[-46.5352,-23.9412],[-46.5348,-23.9408],[-46.5344,-23.9412],[-46.5344,-23.9416],[-46.534,-23.9416],[-46.534,-23.942],[-46.5336,-23.9424],[-46.5336,-23.9428],[-46.5336,-23.9432],[-46.5336,-23.9436],[-46.5336,-23.944],[-46.5332,-23.944],[-46.5332,-23.9444],[-46.5328,-23.9444],[-46.5324,-23.9444],[-46.5324,-23.9448],[-46.5324,-23.9452],[-46.532,-23.9452],[-46.532,-23.9464],[-46.5316,-23.9464],[-46.5316,-23.9468],[-46.5312,-23.9468],[-46.5312,-23.9472],[-46.5308,-23.9472],[-46.5308,-23.9476],[-46.5304,-23.9476],[-46.5304,-23.9484]]]}},{"type":"Feature","properties":{"dsubbc":"oceano","nome":"Drenagem direta ao oceano"},"geometry":{"type":"Polygon","coordinates":[[[-46.768,-24.006],[-46.7672,-24.0076],[-46.7656,-24.01],[-46.7648,-24.0128],[-46.768,-24.0144],[-46.7732,-24.0164],[-46.7788,-24.0184],[-46.784,-24.0204],[-46.7892,-24.0236],[-46.7936,-24.026],[-46.7988,-24.0284],[-46.8036,-24.03],[-46.8072,-24.0316],[-46.8076,-24.0328],[-46.8088,-24.0368],[-46.812,-24.042],[-46.8164,-24.0444],[-46.818,-24.048],[-46.8184,-24.0512],[-46.8184,-24.054],[-46.8164,-24.0572],[-46.8124,-24.0604],[-46.8124,-24.064],[-46.8164,-24.0728],[-46.8208,-24.0744],[-46.822,-24.0748],[-46.8256,-24.0764],[-46.828,-24.0752],[-46.8304,-24.0752],[-46.8372,-24.0756],[-46.8388,-24.0772],[-46.8412,-24.078],[-46.8448,-24.0804],[-46.8476,-24.0812],[-46.8512,-24.0788],[-46.8544,-24.08],[-46.8564,-24.0792],[-46.8584,-24.0772],[-46.8616,-24.0756],[-46.8644,-24.0728],[-46.8652,-24.0684],[-46.8668,-24.0672],[-46.868,-24.0656],[-46.8708,-24.064],[-46.8752,-24.0608],[-46.8776,-24.0596],[-46.8796,-24.058],[-46.8796,-24.056],[-46.8784,-24.0532],[-46.8756,-24.0512],[-46.8768,-24.048],[-46.8796,-24.0476],[-46.8864,-24.0452],[-46.8868,-24.0444],[-46.8896,-24.0444],[-46.8916,-24.0452],[-46.8932,-24.0452],[-46.8948,-24.046],[-46.8972,-24.046],[-46.9,-24.046],[-46.8996,-24.046],[-46.8996,-24.0448],[-46.9,-24.0448],[-46.9,-24.044],[-46.8996,-24.044],[-46.8992,-24.044],[-46.8992,-24.0436],[-46.8992,-24.0432],[-46.8988,-24.0432],[-46.8988,-24.0424],[-46.8984,-24.0424],[-46.8984,-24.042],[-46.8984,-24.0408],[-46.898,-24.0408],[-46.8964,-24.0408],[-46.8964,-24.0404],[-46.8964,-24.04],[-46.896,-24.04],[-46.8956,-24.04],[-46.8956,-24.0404],[-46.8948,-24.0404],[-46.8948,-24.0408],[-46.894,-24.0408],[-46.8936,-24.0408],[-46.8932,-24.0408],[-46.8932,-24.0404],[-46.8932,-24.04],[-46.8928,-24.04],[-46.8924,-24.04],[-46.8924,-24.0396],[-46.892,-24.0396],[-46.892,-24.0392],[-46.8912,-24.0392],[-46.8912,-24.0388],[-46.8908,-24.0388],[-46.8908,-24.0384],[-46.8912,-24.0384],[-46.8912,-24.0368],[-46.8924,-24.0368],[-46.8924,-24.0364],[-46.8928,-24.0364],[-46.8928,-24.036],[-46.8932,-24.036],[-46.8932,-24.0352],[-46.8928,-24.0352],[-46.8928,-24.0336],[-46.8924,-24.0336],[-46.8924,-24.0332],[-46.8924,-24.0328],[-46.8916,-24.0328],[-46.8912,-24.0328],[-46.8912,-24.0324],[-46.8912,-24.032],[-46.8908,-24.032],[-46.8904,-24.032],[-46.8904,-24.0316],[-46.89,-24.0316],[-46.89,-24.0312],[-46.8896,-24.0312],[-46.8896,-24.0308],[-46.8888,-24.0308],[-46.8884,-24.0308],[-46.8884,-24.0304],[-46.8872,-24.0304],[-46.8872,-24.03],[-46.8872,-24.0288],[-46.8868,-24.0288],[-46.8868,-24.0284],[-46.8872,-24.0284],[-46.8872,-24.028],[-46.8872,-24.0264],[-46.8876,-24.0264],[-46.8876,-24.026],[-46.8872,-24.026],[-46.8872,-24.0248],[-46.8872,-24.024],[-46.8876,-24.024],[-46.8876,-24.0228],[-46.8872,-24.0228],[-46.8872,-24.0212],[-46.886,-24.0212],[-46.886,-24.0208],[-46.8848,-24.0208],[-46.8848,-24.0204],[-46.8844,-24.0204],[-46.8844,-24.02],[-46.8844,-24.0192],[-46.8844,-24.018],[-46.8844,-24.0176],[-46.8836,-24.0176],[-46.8836,-24.0172],[-46.8828,-24.0172],[-46.8828,-24.0168],[-46.8824,-24.0168],[-46.8824,-24.0164],[-46.8828,-24.0164],[-46.8828,-24.016],[-46.8832,-24.016],[-46.8832,-24.0148],[-46.8828,-24.0148],[-46.8828,-24.0144],[-46.8824,-24.0144],[-46.8824,-24.014],[-46.8816,-24.014],[-46.8808,-24.014],[-46.8808,-24.0136],[-46.8804,-24.0136],[-46.8804,-24.0132],[-46.88,-24.0132],[-46.88,-24.0124],[-46.8796,-24.0124],[-46.8796,-24.012],[-46.8792,-24.012],[-46.8792,-24.0116],[-46.8784,-24.0116],[-46.8784,-24.0112],[-46.8764,-24.0112],[-46.8764,-24.0116],[-46.876,-24.0116],[-46.876,-24.0112],[-46.8756,-24.0112],[-46.8744,-24.0112],[-46.8744,-24.01],[-46.8728,-24.01],[-46.8728,-24.0096],[-46.8696,-24.0096],[-46.8696,-24.0092],[-46.8696,-24.0084],[-46.8696,-24.0052],[-46.87,-24.0052],[-46.87,-24.0048],[-46.8704,-24.0048],[-46.8704,-24.004],[-46.8704,-24.0036],[-46.8708,-24.0036],[-46.8708,-24.0032],[-46.8712,-24.0032],[-46.8712,-24.0024],[-46.8708,-24.0024],[-46.8708,-24.002],[-46.8704,-24.002],[-46.8704,-24.0016],[-46.8704,-24.0008],[-46.8704,-24.0],[-46.8704,-23.9996],[-46.8704,-23.9992],[-46.8708,-23.9992],[-46.8716,-23.9992],[-46.8724,-23.9992],[-46.8724,-23.9996],[-46.8736,-23.9996],[-46.8736,-24.0],[-46.874,-24.0],[-46.874,-24.0004],[-46.8748,-24.0004],[-46.8748,-24.0],[-46.8756,-24.0],[-46.8756,-23.9996],[-46.876,-23.9996],[-46.876,-23.9992],[-46.8764,-23.9992],[-46.8768,-23.9992],[-46.8768,-23.9984],[-46.8772,-23.9984],[-46.8772,-23.998],[-46.8788,-23.998],[-46.8788,-23.9984],[-46.8792,-23.9984],[-46.8792,-23.998],[-46.8796,-23.998],[-46.8804,-23.998],[-46.8804,-23.9972],[-46.8808,-23.9972],[-46.8808,-23.9968],[-46.8804,-23.9968],[-46.8804,-23.9964],[-46.8804,-23.9952],[-46.8804,-23.9944],[-46.8808,-23.9944],[-46.8808,-23.9924],[-46.8812,-23.9924],[-46.8812,-23.992],[-46.8816,-23.992],[-46.8816,-23.9912],[-46.882,-23.9912],[-46.882,-23.9908],[-46.8824,-23.9908],[-46.8824,-23.9904],[-46.8828,-23.9904],[-46.8828,-23.99],[-46.8832,-23.99],[-46.8832,-23.9896],[-46.8828,-23.9896],[-46.8828,-23.9892],[-46.8824,-23.9892],[-46.882,-23.9892],[-46.882,-23.9888],[-46.8816,-23.9888],[-46.8816,-23.9884],[-46.882,-23.9884],[-46.882,-23.9876],[-46.8824,-23.9876],[-46.8824,-23.9864],[-46.8824,-23.986],[-46.8828,-23.986],[-46.8828,-23.9852],[-46.8824,-23.9852],[-46.8824,-23.9848],[-46.8824,-23.9844],[-46.8816,-23.9844],[-46.8816,-23.984],[-46.8816,-23.9836],[-46.8812,-23.9836],[-46.8812,-23.984],[-46.8804,-23.984],[-46.8804,-23.9844],[-46.8804,-23.984],[-46.8796,-23.984],[-46.8796,-23.9836],[-46.8796,-23.9832],[-46.8792,-23.9832],[-46.8792,-23.9828],[-46.8788,-23.9828],[-46.8788,-23.9824],[-46.8776,-23.9824],[-46.8776,-23.982],[-46.8772,-23.982],[-46.8772,-23.9824],[-46.8768,-23.9824],[-46.8764,-23.9824],[-46.8764,-23.982],[-46.8768,-23.982],[-46.8768,-23.98],[-46.8764,-23.98],[-46.8764,-23.9796],[-46.8756,-23.9796],[-46.8756,-23.9792],[-46.8752,-23.9792],[-46.8744,-23.9792],[-46.874,-23.9792],[-46.8732,-23.9792],[-46.8732,-23.9788],[-46.8728,-23.9788],[-46.8728,-23.9784],[-46.8724,-23.9784],[-46.8724,-23.9788],[-46.8724,-23.9792],[-46.872,-23.9792],[-46.8716,-23.9792],[-46.8716,-23.9796],[-46.8712,-23.9796],[-46.8712,-23.98],[-46.8708,-23.98],[-46.8708,-23.9804],[-46.8704,-23.9804],[-46.8704,-23.98],[-46.87,-23.98],[-46.87,-23.9796],[-46.8696,-23.9796],[-46.8696,-23.9792],[-46.868,-23.9792],[-46.8676,-23.9792],[-46.8676,-23.9788],[-46.8664,-23.9788],[-46.8664,-23.9784],[-46.866,-23.9784],[-46.866,-23.978],[-46.8656,-23.978],[-46.8656,-23.9772],[-46.8656,-23.9764],[-46.8644,-23.9764],[-46.8644,-23.976],[-46.864,-23.976],[-46.864,-23.9756],[-46.8636,-23.9756],[-46.8636,-23.9752],[-46.8632,-23.9752],[-46.8632,-23.9744],[-46.8628,-23.9744],[-46.8628,-23.974],[-46.8624,-23.974],[-46.8624,-23.9736],[-46.8604,-23.9736],[-46.8604,-23.974],[-46.86,-23.974],[-46.86,-23.9736],[-46.8596,-23.9736],[-46.8596,-23.9732],[-46.8596,-23.9728],[-46.8592,-23.9728],[-46.8592,-23.9732],[-46.8576,-23.9732],[-46.8576,-23.9736],[-46.8576,-23.974],[-46.8572,-23.974],[-46.8572,-23.9744],[-46.8556,-23.9744],[-46.8556,-23.974],[-46.8548,-23.974],[-46.8548,-23.9732],[-46.8544,-23.9732],[-46.8544,-23.9728],[-46.854,-23.9728],[-46.854,-23.9724],[-46.8536,-23.9724],[-46.8532,-23.9724],[-46.8532,-23.9716],[-46.8536,-23.9716],[-46.8536,-23.9712],[-46.8532,-23.9712],[-46.8532,-23.9708],[-46.8528,-23.9708],[-46.8528,-23.9704],[-46.8524,-23.9704],[-46.8524,-23.97],[-46.852,-23.97],[-46.852,-23.9696],[-46.8516,-23.9696],[-46.8516,-23.9692],[-46.8512,-23.9692],[-46.8512,-23.9688],[-46.8508,-23.9688],[-46.8508,-23.9676],[-46.8508,-23.9672],[-46.8496,-23.9672],[-46.8488,-23.9672],[-46.8488,-23.9676],[-46.8484,-23.9676],[-46.8484,-23.9672],[-46.8476,-23.9672],[-46.8472,-23.9672],[-46.8472,-23.9664],[-46.8468,-23.9664],[-46.8468,-23.966],[-46.8464,-23.966],[-46.8464,-23.9656],[-46.8456,-23.9656],[-46.8456,-23.9652],[-46.8452,-23.9652],[-46.8452,-23.9656],[-46.8448,-23.9656],[-46.8448,-23.9648],[-46.8448,-23.9644],[-46.8444,-23.9644],[-46.844,-23.9644],[-46.844,-23.9632],[-46.8436,-23.9632],[-46.8436,-23.9628],[-46.8412,-23.9628],[-46.8412,-23.9612],[-46.8416,-23.9612],[-46.8416,-23.9608],[-46.8404,-23.9608],[-46.8404,-23.9604],[-46.84,-23.9604],[-46.8396,-23.9604],[-46.8396,-23.9596],[-46.8396,-23.9592],[-46.8392,-23.9592],[-46.8392,-23.9564],[-46.8396,-23.9564],[-46.8396,-23.9556],[-46.8396,-23.9548],[-46.84,-23.9548],[-46.84,-23.9544],[-46.8404,-23.9544],[-46.8404,-23.954],[-46.8408,-23.954],[-46.8408,-23.9536],[-46.8412,-23.9536],[-46.8412,-23.9532],[-46.8416,-23.9532],[-46.8416,-23.9528],[-46.842,-23.9528],[-46.842,-23.9524],[-46.8424,-23.9524],[-46.8424,-23.952],[-46.8428,-23.952],[-46.8428,-23.9512],[-46.8428,-23.9508],[-46.8432,-23.9508],[-46.8432,-23.9504],[-46.8436,-23.9504],[-46.8436,-23.95],[-46.8436,-23.9496],[-46.844,-23.9496],[-46.8448,-23.9496],[-46.8448,-23.9488],[-46.8448,-23.9484],[-46.8452,-23.9484],[-46.8452,-23.948],[-46.846,-23.946],[-46.8432,-23.9468],[-46.8412,-23.948],[-46.8384,-23.9488],[-46.8368,-23.9492],[-46.8336,-23.9488],[-46.83,-23.9484],[-46.824,-23.946],[-46.8208,-23.9456],[-46.8204,-23.9452],[-46.818,-23.9436],[-46.8152,-23.9428],[-46.8128,-23.942],[-46.8096,-23.9408],[-46.8072,-23.94],[-46.8044,-23.94],[-46.802,-23.9408],[-46.798,-23.9424],[-46.7948,-23.9424],[-46.7908,-23.9424],[-46.7876,-23.9428],[-46.7836,-23.9464],[-46.7804,-23.9484],[-46.7776,-23.9496],[-46.776,-23.9516],[-46.7748,-23.9536],[-46.7736,-23.956],[-46.7716,-23.956],[-46.7692,-23.9592],[-46.7676,-23.9596],[-46.7652,-23.9596],[-46.764,-23.96],[-46.762,-23.9616],[-46.7612,-23.9664],[-46.7596,-23.9688],[-46.758,-23.9704],[-46.7616,-23.9748],[-46.7616,-23.9768],[-46.7616,-23.98],[-46.7616,-23.9832],[-46.7608,-23.9872],[-46.7656,-23.9904],[-46.7668,-23.994],[-46.7712,-23.9984],[-46.776,-24.0036],[-46.7744,-24.0048],[-46.772,-24.0064],[-46.7692,-24.006],[-46.768,-24.006]]]}},{"type":"Feature","properties":{"dsubbc":"rio cubatao","nome":"Rio Cubatão"},"geometry":{"type":"Polygon","coordinates":[[[-46.5364,-23.942],[-46.5368,-23.9424],[-46.5372,-23.9424],[-46.5376,-23.9424],[-46.538,-23.9428],[-46.5388,-23.9436],[-46.5392,-23.9436],[-46.5392,-23.944],[-46.5396,-23.944],[-46.54,-23.944],[-46.5404,-23.944],[-46.5412,-23.9436],[-46.5412,-23.9432],[-46.5412,-23.9428],[-46.5416,-23.9424],[-46.5416,-23.942],[-46.542,-23.942],[-46.542,-23.9408],[-46.5424,-23.9408],[-46.5424,-23.9404],[-46.5428,-23.9404],[-46.5428,-23.94],[-46.5432,-23.94],[-46.5432,-23.9396],[-46.5436,-23.9396],[-46.5436,-23.9392],[-46.544,-23.9392],[-46.544,-23.9388],[-46.5444,-23.9388],[-46.5444,-23.9384],[-46.5424,-23.9384],[-46.5424,-23.9388],[-46.542,-23.9388],[-46.542,-23.9392],[-46.5416,-23.9392],[-46.5416,-23.9396],[-46.5408,-23.9396],[-46.5408,-23.94],[-46.5404,-23.9404],[-46.54,-23.94],[-46.5396,-23.9404],[-46.5392,-23.9404],[-46.5388,-23.9404],[-46.5384,-23.9408],[-46.538,-23.9408],[-46.5364,-23.942]]]}},{"type":"Feature","properties":{"dsubbc":"rio cubatao","nome":"Rio Cubatão"},"geometry":{"type":"Polygon","coordinates":[[[-46.5428,-23.946],[-46.5428,-23.9464],[-46.5432,-23.9468],[-46.5432,-23.9472],[-46.5432,-23.9476],[-46.5436,-23.9476],[-46.544,-23.9476],[-46.5444,-23.9476],[-46.5448,-23.9476],[-46.5456,-23.9476],[-46.546,-23.9472],[-46.5468,-23.9472],[-46.5472,-23.9472],[-46.548,-23.9472],[-46.5484,-23.9472],[-46.5488,-23.9476],[-46.5496,-23.9476],[-46.55,-23.9476],[-46.5504,-23.9472],[-46.5508,-23.9476],[-46.552,-23.9472],[-46.5528,-23.9472],[-46.5536,-23.9472],[-46.5544,-23.9472],[-46.5548,-23.9476],[-46.5556,-23.9476],[-46.556,-23.9476],[-46.556,-23.9472],[-46.5564,-23.9472],[-46.5564,-23.9468],[-46.5564,-23.9464],[-46.5568,-23.9464],[-46.5572,-23.9464],[-46.5572,-23.946],[-46.5572,-23.9456],[-46.5576,-23.9456],[-46.558,-23.9456],[-46.558,-23.9452],[-46.5584,-23.9452],[-46.5584,-23.9448],[-46.5584,-23.9444],[-46.5588,-23.9444],[-46.5592,-23.9444],[-46.5592,-23.9424],[-46.5592,-23.942],[-46.5596,-23.942],[-46.5596,-23.9416],[-46.56,-23.9416],[-46.5596,-23.9416],[-46.5596,-23.9412],[-46.5592,-23.9412],[-46.5592,-23.9408],[-46.5588,-23.9408],[-46.5588,-23.9404],[-46.5584,-23.9404],[-46.5584,-23.94],[-46.558,-23.94],[-46.558,-23.9396],[-46.5576,-23.9396],[-46.5572,-23.9396],[-46.5572,-23.9392],[-46.5572,-23.9388],[-46.5568,-23.9388],[-46.5568,-23.9384],[-46.5564,-23.9384],[-46.5564,-23.938],[-46.5556,-23.938],[-46.5556,-23.9376],[-46.5552,-23.9376],[-46.5552,-23.938],[-46.5548,-23.938],[-46.5548,-23.9384],[-46.5544,-23.9384],[-46.5544,-23.9388],[-46.554,-23.9388],[-46.554,-23.9392],[-46.5536,-23.9392],[-46.5536,-23.9396],[-46.5532,-23.9396],[-46.5528,-23.9396],[-46.5528,-23.94],[-46.5516,-23.94],[-46.5516,-23.9404],[-46.5512,-23.9404],[-46.5496,-23.9404],[-46.5496,-23.9408],[-46.5492,-23.9408],[-46.5492,-23.9412],[-46.5492,-23.9416],[-46.5488,-23.9416],[-46.5484,-23.9416],[-46.5484,-23.942],[-46.5484,-23.9424],[-46.548,-23.9424],[-46.5476,-23.9424],[-46.5476,-23.9428],[-46.5472,-23.9428],[-46.5472,-23.9432],[-46.5472,-23.9436],[-46.5468,-23.9436],[-46.546,-23.9436],[-46.546,-23.944],[-46.5456,-23.944],[-46.5456,-23.9444],[-46.5452,-23.9444],[-46.5448,-23.9448],[-46.5444,-23.9452],[-46.544,-23.9456],[-46.5436,-23.9456],[-46.5432,-23.9456],[-46.5428,-23.946]]]}},{"type":"Feature","properties":{"dsubbc":"rio cubatao","nome":"Rio Cubatão"},"geometry":{"type":"Polygon","coordinates":[[[-46.5236,-23.948],[-46.5236,-23.9484],[-46.5264,-23.9484],[-46.5264,-23.948],[-46.5268,-23.948],[-46.5268,-23.9476],[-46.5296,-23.9476],[-46.5296,-23.948],[-46.53,-23.948],[-46.53,-23.9484],[-46.5304,-23.9484],[-46.5304,-23.9476],[-46.5308,-23.9476],[-46.5308,-23.9472],[-46.5312,-23.9472],[-46.5312,-23.9468],[-46.5316,-23.9468],[-46.5316,-23.9464],[-46.532,-23.9464],[-46.532,-23.9452],[-46.5324,-23.9452],[-46.5324,-23.9448],[-46.5324,-23.9444],[-46.5328,-23.9444],[-46.5332,-23.9444],[-46.5332,-23.944],[-46.5336,-23.944],[-46.5336,-23.9436],[-46.5336,-23.9432],[-46.5336,-23.9428],[-46.5336,-23.9424],[-46.534,-23.942],[-46.534,-23.9416],[-46.5344,-23.9416],[-46.5344,-23.9412],[-46.5348,-23.9408],[-46.534,-23.9404],[-46.534,-23.94],[-46.5336,-23.9396],[-46.5332,-23.9392],[-46.5332,-23.9388],[-46.5328,-23.9388],[-46.5328,-23.9384],[-46.5324,-23.9384],[-46.5324,-23.938],[-46.532,-23.938],[-46.5312,-23.938],[-46.5308,-23.938],[-46.5304,-23.938],[-46.53,-23.938],[-46.53,-23.9376],[-46.5296,-23.9376],[-46.5292,-23.9372],[-46.5288,-23.9368],[-46.5284,-23.9364],[-46.5284,-23.9368],[-46.528,-23.9372],[-46.5276,-23.9376],[-46.5276,-23.938],[-46.5272,-23.938],[-46.5272,-23.9384],[-46.5272,-23.9388],[-46.5268,-23.9388],[-46.5268,-23.9392],[-46.5264,-23.9396],[-46.5264,-23.94],[-46.5264,-23.9464],[-46.526,-23.9464],[-46.526,-23.9468],[-46.5256,-23.9468],[-46.5256,-23.9472],[-46.5256,-23.9476],[-46.5252,-23.9476],[-46.5244,-23.9476],[-46.5244,-23.948],[-46.5236,-23.948]]]}},{"type":"Feature","properties":{"dsubbc":"rio cubatao","nome":"Rio Cubatão"},"geometry":{"type":"Polygon","coordinates":[[[-46.5444,-23.9384],[-46.5444,-23.9388],[-46.544,-23.9388],[-46.544,-23.9392],[-46.5436,-23.9392],[-46.5436,-23.9396],[-46.5432,-23.9396],[-46.5432,-23.94],[-46.5428,-23.94],[-46.5428,-23.9404],[-46.5424,-23.9404],[-46.5424,-23.9408],[-46.542,-23.9408],[-46.542,-23.942],[-46.5416,-23.942],[-46.5416,-23.9424],[-46.5412,-23.9428],[-46.5412,-23.9432],[-46.5412,-23.9436],[-46.5404,-23.944],[-46.5408,-23.9444],[-46.5412,-23.9448],[-46.5416,-23.9448],[-46.542,-23.9448],[-46.5428,-23.946],[-46.5432,-23.9456],[-46.5436,-23.9456],[-46.544,-23.9456],[-46.5444,-23.9452],[-46.5448,-23.9448],[-46.5452,-23.9444],[-46.5456,-23.9444],[-46.5456,-23.944],[-46.546,-23.944],[-46.546,-23.9436],[-46.5468,-23.9436],[-46.5472,-23.9436],[-46.5472,-23.9432],[-46.5472,-23.9428],[-46.5476,-23.9428],[-46.5476,-23.9424],[-46.548,-23.9424],[-46.5484,-23.9424],[-46.5484,-23.942],[-46.5484,-23.9416],[-46.5488,-23.9416],[-46.5492,-23.9416],[-46.5492,-23.9412],[-46.5492,-23.9408],[-46.5496,-23.9408],[-46.5496,-23.9404],[-46.5512,-23.9404],[-46.5516,-23.9404],[-46.5516,-23.94],[-46.5528,-23.94],[-46.5528,-23.9396],[-46.5532,-23.9396],[-46.5536,-23.9396],[-46.5536,-23.9392],[-46.554,-23.9392],[-46.554,-23.9388],[-46.5544,-23.9388],[-46.5544,-23.9384],[-46.5548,-23.9384],[-46.5548,-23.938],[-46.5552,-23.938],[-46.5552,-23.9376],[-46.5556,-23.9376],[-46.5556,-23.938],[-46.5564,-23.938],[-46.5564,-23.9384],[-46.5564,-23.9364],[-46.5556,-23.9364],[-46.5556,-23.9356],[-46.5552,-23.9356],[-46.5548,-23.9356],[-46.5548,-23.9352],[-46.5544,-23.9352],[-46.5544,-23.9348],[-46.5532,-23.9348],[-46.5532,-23.9352],[-46.5516,-23.9352],[-46.5516,-23.9356],[-46.5512,-23.9356],[-46.5496,-23.9356],[-46.5496,-23.936],[-46.5492,-23.936],[-46.5492,-23.9364],[-46.5484,-23.9364],[-46.548,-23.9364],[-46.548,-23.9368],[-46.5472,-23.9368],[-46.5472,-23.9372],[-46.5464,-23.9372],[-46.5464,-23.9376],[-46.546,-23.9376],[-46.5456,-23.9376],[-46.5456,-23.938],[-46.5452,-23.938],[-46.5452,-23.9384],[-46.5444,-23.9384]]]}},{"type":"Feature","properties":{"dsubbc":"rio cubatao","nome":"Rio Cubatão"},"geometry":{"type":"Polygon","coordinates":[[[-46.5236,-23.948],[-46.5244,-23.948],[-46.5244,-23.9476],[-46.5252,-23.9476],[-46.5256,-23.9476],[-46.5256,-23.9472],[-46.5256,-23.9468],[-46.526,-23.9468],[-46.526,-23.9464],[-46.5264,-23.9464],[-46.5264,-23.94],[-46.5264,-23.9396],[-46.5268,-23.9392],[-46.5268,-23.9388],[-46.5272,-23.9388],[-46.5272,-23.9384],[-46.5272,-23.938],[-46.5276,-23.938],[-46.5276,-23.9376],[-46.528,-23.9372],[-46.5284,-23.9368],[-46.5284,-23.9364],[-46.528,-23.936],[-46.5276,-23.9356],[-46.5272,-23.9356],[-46.5268,-23.9352],[-46.5264,-23.9348],[-46.5256,-23.934],[-46.5252,-23.9336],[-46.5244,-23.9332],[-46.5244,-23.9336],[-46.5244,-23.934],[-46.5244,-23.9344],[-46.5244,-23.9352],[-46.524,-23.9356],[-46.524,-23.9364],[-46.524,-23.9376],[-46.5236,-23.9376],[-46.5236,-23.9396],[-46.524,-23.9396],[-46.524,-23.9432],[-46.5236,-23.9432],[-46.5236,-23.9476],[-46.5236,-23.948]]]}},{"type":"Feature","properties":{"dsubbc":"rio cubatao","nome":"Rio Cubatão"},"geometry":{"type":"Polygon","coordinates":[[[-46.518,-23.9476],[-46.518,-23.948],[-46.5184,-23.948],[-46.5184,-23.9484],[-46.5188,-23.9484],[-46.5188,-23.9492],[-46.5192,-23.9492],[-46.5192,-23.9488],[-46.5196,-23.9488],[-46.5196,-23.9484],[-46.5204,-23.9484],[-46.522,-23.9484],[-46.522,-23.948],[-46.5236,-23.948],[-46.5236,-23.9476],[-46.5236,-23.9432],[-46.524,-23.9432],[-46.524,-23.9396],[-46.5236,-23.9396],[-46.5236,-23.9376],[-46.524,-23.9376],[-46.524,-23.9364],[-46.524,-23.9356],[-46.5244,-23.9352],[-46.5244,-23.9344],[-46.5244,-23.934],[-46.5244,-23.9336],[-46.5244,-23.9332],[-46.5244,-23.9328],[-46.524,-23.9328],[-46.5232,-23.9324],[-46.5228,-23.9324],[-46.522,-23.932],[-46.5216,-23.932],[-46.5212,-23.932],[-46.5208,-23.9316],[-46.5204,-23.9316],[-46.5204,-23.9312],[-46.52,-23.9312],[-46.52,-23.9308],[-46.52,-23.9312],[-46.52,-23.9316],[-46.52,-23.932],[-46.52,-23.9324],[-46.52,-23.9328],[-46.52,-23.9332],[-46.5196,-23.934],[-46.5196,-23.9344],[-46.5196,-23.938],[-46.5196,-23.94],[-46.5192,-23.94],[-46.5192,-23.9424],[-46.5188,-23.9424],[-46.5188,-23.9432],[-46.5184,-23.9432],[-46.5184,-23.9456],[-46.5184,-23.946],[-46.518,-23.946],[-46.518,-23.9476]]]}},{"type":"Feature","properties":{"dsubbc":"rio cubatao","nome":"Rio Cubatão"},"geometry":{"type":"Polygon","coordinates":[[[-46.5112,-23.9428],[-46.5116,-23.9428],[-46.5116,-23.9432],[-46.5116,-23.9436],[-46.512,-23.9436],[-46.5124,-23.9436],[-46.5124,-23.944],[-46.5128,-23.944],[-46.5128,-23.9444],[-46.5136,-23.9444],[-46.514,-23.9444],[-46.514,-23.9448],[-46.5144,-23.9448],[-46.5144,-23.9452],[-46.5152,-23.9452],[-46.5152,-23.9456],[-46.5156,-23.9456],[-46.516,-23.9456],[-46.516,-23.946],[-46.5164,-23.946],[-46.5164,-23.9464],[-46.5168,-23.9464],[-46.5172,-23.9464],[-46.5172,-23.9468],[-46.5176,-23.9468],[-46.5176,-23.9472],[-46.5176,-23.9476],[-46.518,-23.9476],[-46.518,-23.946],[-46.5184,-23.946],[-46.5184,-23.9456],[-46.5184,-23.9432],[-46.5188,-23.9432],[-46.5188,-23.9424],[-46.5192,-23.9424],[-46.5192,-23.94],[-46.5196,-23.94],[-46.5196,-23.938],[-46.5196,-23.9344],[-46.5196,-23.934],[-46.52,-23.9332],[-46.52,-23.9328],[-46.52,-23.9324],[-46.52,-23.932],[-46.52,-23.9316],[-46.52,-23.9312],[-46.52,-23.9308],[-46.5196,-23.9304],[-46.5192,-23.9304],[-46.5188,-23.9304],[-46.518,-23.9304],[-46.5172,-23.9304],[-46.5168,-23.9304],[-46.5168,-23.9308],[-46.5168,-23.9312],[-46.5168,-23.9316],[-46.5168,-23.932],[-46.5164,-23.9324],[-46.5164,-23.9328],[-46.5164,-23.9332],[-46.5164,-23.9336],[-46.5164,-23.934],[-46.516,-23.9344],[-46.516,-23.9348],[-46.516,-23.9352],[-46.516,-23.9356],[-46.5156,-23.9356],[-46.5156,-23.936],[-46.5156,-23.9364],[-46.5156,-23.9368],[-46.5152,-23.9372],[-46.5152,-23.9376],[-46.5148,-23.938],[-46.5148,-23.9384],[-46.5144,-23.9384],[-46.514,-23.9388],[-46.514,-23.9392],[-46.5136,-23.9396],[-46.5136,-23.94],[-46.5132,-23.9404],[-46.5128,-23.9404],[-46.5128,-23.9408],[-46.5128,-23.9412],[-46.5124,-23.9412],[-46.5124,-23.9416],[-46.512,-23.942],[-46.5116,-23.942],[-46.5116,-23.9424],[-46.5112,-23.9428]]]}},{"type":"Feature","properties":{"dsubbc":"rio cubatao","nome":"Rio Cubatão"},"geometry":{"type":"Polygon","coordinates":[[[-46.5452,-23.9296],[-46.5448,-23.9296],[-46.5444,-23.9296],[-46.5444,-23.93],[-46.5444,-23.9304],[-46.544,-23.9304],[-46.5436,-23.9304],[-46.5436,-23.9308],[-46.5436,-23.9312],[-46.5432,-23.9312],[-46.5432,-23.9316],[-46.5428,-23.9316],[-46.5424,-23.9316],[-46.5424,-23.932],[-46.5424,-23.9324],[-46.542,-23.9324],[-46.5416,-23.9324],[-46.5416,-23.9328],[-46.5416,-23.9332],[-46.5412,-23.9332],[-46.5412,-23.9336],[-46.5408,-23.9336],[-46.5404,-23.9336],[-46.5404,-23.934],[-46.5404,-23.9344],[-46.54,-23.9344],[-46.5396,-23.9344],[-46.5396,-23.9348],[-46.5396,-23.9356],[-46.5392,-23.9356],[-46.5388,-23.9356],[-46.5388,-23.936],[-46.5384,-23.936],[-46.5384,-23.9364],[-46.5376,-23.9364],[-46.5376,-23.9368],[-46.5372,-23.9368],[-46.5372,-23.9372],[-46.5368,-23.9372],[-46.5364,-23.9372],[-46.5364,-23.9376],[-46.5348,-23.9384],[-46.5348,-23.9388],[-46.5348,-23.9392],[-46.5344,-23.9392],[-46.534,-23.9396],[-46.534,-23.94],[-46.534,-23.9404],[-46.5348,-23.9408],[-46.5352,-23.9412],[-46.5356,-23.9416],[-46.536,-23.942],[-46.5364,-23.942],[-46.538,-23.9408],[-46.5384,-23.9408],[-46.5388,-23.9404],[-46.5392,-23.9404],[-46.5396,-23.9404],[-46.54,-23.94],[-46.5404,-23.9404],[-46.5408,-23.94],[-46.5408,-23.9396],[-46.5416,-23.9396],[-46.5416,-23.9392],[-46.542,-23.9392],[-46.542,-23.9388],[-46.5424,-23.9388],[-46.5424,-23.9384],[-46.5444,-23.9384],[-46.5452,-23.9384],[-46.5452,-23.938],[-46.5456,-23.938],[-46.5456,-23.9376],[-46.546,-23.9376],[-46.5464,-23.9376],[-46.5464,-23.9372],[-46.5472,-23.9372],[-46.5472,-23.9368],[-46.548,-23.9368],[-46.548,-23.9364],[-46.5484,-23.9364],[-46.5492,-23.9364],[-46.5492,-23.936],[-46.5496,-23.936],[-46.5496,-23.9356],[-46.5512,-23.9356],[-46.5516,-23.9356],[-46.5516,-23.9352],[-46.5532,-23.9352],[-46.5532,-23.9348],[-46.5544,-23.9348],[-46.5544,-23.9352],[-46.5548,-23.9352],[-46.5548,-23.9356],[-46.5552,-23.9356],[-46.5556,-23.9356],[-46.556,-23.9356],[-46.556,-23.9352],[-46.5564,-23.9352],[-46.5564,-23.9328],[-46.5564,-23.932],[-46.556,-23.932],[-46.556,-23.9316],[-46.5556,-23.9316],[-46.5552,-23.9316],[-46.5552,-23.9308],[-46.5552,-23.9312],[-46.5544,-23.9312],[-46.5544,-23.9316],[-46.554,-23.9316],[-46.5536,-23.9316],[-46.5532,-23.9316],[-46.5532,-23.9312],[-46.5532,-23.9308],[-46.5528,-23.9308],[-46.5528,-23.9304],[-46.552,-23.9304],[-46.5516,-23.9304],[-46.5516,-23.9308],[-46.5508,-23.9308],[-46.5508,-23.9304],[-46.5504,-23.9304],[-46.5504,-23.93],[-46.55,-23.93],[-46.55,-23.9296],[-46.5496,-23.9296],[-46.5488,-23.9296],[-46.5488,-23.9292],[-46.548,-23.9292],[-46.548,-23.9296],[-46.5468,-23.9296],[-46.5464,-23.9296],[-46.546,-23.9296],[-46.5452,-23.9296]]]}},{"type":"Feature","properties":{"dsubbc":"rio cubatao","nome":"Rio Cubatão"},"geometry":{"type":"Polygon","coordinates":[[[-46.5292,-23.9372],[-46.5296,-23.9376],[-46.53,-23.9376],[-46.53,-23.938],[-46.5304,-23.938],[-46.5308,-23.938],[-46.5312,-23.938],[-46.532,-23.938],[-46.5324,-23.938],[-46.5324,-23.9384],[-46.5328,-23.9384],[-46.5328,-23.9388],[-46.5332,-23.9388],[-46.5332,-23.9392],[-46.5336,-23.9396],[-46.534,-23.94],[-46.534,-23.9396],[-46.5344,-23.9392],[-46.5348,-23.9392],[-46.5348,-23.9388],[-46.5348,-23.9384],[-46.5364,-23.9376],[-46.5364,-23.9372],[-46.5368,-23.9372],[-46.5372,-23.9372],[-46.5372,-23.9368],[-46.5376,-23.9368],[-46.5376,-23.9364],[-46.5384,-23.9364],[-46.5384,-23.936],[-46.5388,-23.936],[-46.5388,-23.9356],[-46.5392,-23.9356],[-46.5396,-23.9356],[-46.5396,-23.9348],[-46.5396,-23.9344],[-46.54,-23.9344],[-46.5404,-23.9344],[-46.5404,-23.934],[-46.5404,-23.9336],[-46.5408,-23.9336],[-46.5412,-23.9336],[-46.5412,-23.9332],[-46.5416,-23.9332],[-46.5416,-23.9328],[-46.5416,-23.9324],[-46.542,-23.9324],[-46.5424,-23.9324],[-46.5424,-23.932],[-46.5424,-23.9316],[-46.5428,-23.9316],[-46.5432,-23.9316],[-46.5432,-23.9312],[-46.5436,-23.9312],[-46.5436,-23.9308],[-46.5436,-23.9304],[-46.544,-23.9304],[-46.5444,-23.9304],[-46.5444,-23.93],[-46.5444,-23.9296],[-46.5448,-23.9296],[-46.5452,-23.9296],[-46.5452,-23.9292],[-46.5452,-23.9288],[-46.5448,-23.9288],[-46.5436,-23.9288],[-46.5436,-23.9292],[-46.5432,-23.9292],[-46.5432,-23.9296],[-46.5424,-23.9296],[-46.5404,-23.9296],[-46.54,-23.9296],[-46.54,-23.93],[-46.5396,-23.93],[-46.5392,-23.93],[-46.5392,-23.9304],[-46.5388,-23.9308],[-46.5384,-23.9308],[-46.5384,-23.9312],[-46.538,-23.9312],[-46.538,-23.9316],[-46.5376,-23.932],[-46.5372,-23.9324],[-46.5368,-23.9324],[-46.5364,-23.9324],[-46.5364,-23.9328],[-46.536,-23.9336],[-46.5356,-23.934],[-46.5356,-23.9344],[-46.5352,-23.9344],[-46.5348,-23.9344],[-46.5348,-23.9348],[-46.534,-23.9348],[-46.534,-23.9352],[-46.5332,-23.9352],[-46.5332,-23.9356],[-46.5324,-23.9356],[-46.532,-23.9356],[-46.5316,-23.936],[-46.5312,-23.936],[-46.5308,-23.936],[-46.53,-23.9364],[-46.5296,-23.9368],[-46.5292,-23.9372]]]}},{"type":"Feature","properties":{"dsubbc":"rio cubatao","nome":"Rio Cubatão"},"geometry":{"type":"Polygon","coordinates":[[[-46.5064,-23.9408],[-46.5076,-23.9408],[-46.5084,-23.9408],[-46.5084,-23.9412],[-46.5088,-23.9412],[-46.5088,-23.9416],[-46.5092,-23.9416],[-46.5096,-23.9416],[-46.5096,-23.942],[-46.5096,-23.9424],[-46.51,-23.9424],[-46.5108,-23.9424],[-46.5108,-23.9428],[-46.5112,-23.9428],[-46.5116,-23.9424],[-46.5116,-23.942],[-46.512,-23.942],[-46.5124,-23.9416],[-46.5124,-23.9412],[-46.5128,-23.9412],[-46.5128,-23.9408],[-46.5128,-23.9404],[-46.5132,-23.9404],[-46.5136,-23.94],[-46.5136,-23.9396],[-46.514,-23.9392],[-46.514,-23.9388],[-46.5144,-23.9384],[-46.5148,-23.9384],[-46.5148,-23.938],[-46.5152,-23.9376],[-46.5152,-23.9372],[-46.5156,-23.9368],[-46.5156,-23.9364],[-46.5156,-23.936],[-46.5156,-23.9356],[-46.516,-23.9356],[-46.516,-23.9352],[-46.516,-23.9348],[-46.516,-23.9344],[-46.5164,-23.934],[-46.5164,-23.9336],[-46.5164,-23.9332],[-46.5164,-23.9328],[-46.5164,-23.9324],[-46.5168,-23.932],[-46.5168,-23.9316],[-46.5168,-23.9312],[-46.5168,-23.9308],[-46.5168,-23.9304],[-46.5168,-23.93],[-46.5164,-23.9296],[-46.516,-23.9288],[-46.5156,-23.9288],[-46.5152,-23.9292],[-46.5152,-23.9296],[-46.5148,-23.93],[-46.5144,-23.9304],[-46.5144,-23.9308],[-46.5144,-23.9312],[-46.514,-23.9312],[-46.514,-23.9316],[-46.514,-23.932],[-46.5136,-23.9324],[-46.5132,-23.9328],[-46.5132,-23.9332],[-46.5128,-23.9332],[-46.5124,-23.934],[-46.5124,-23.9344],[-46.512,-23.9348],[-46.5116,-23.9352],[-46.5112,-23.9356],[-46.5108,-23.936],[-46.5104,-23.9364],[-46.51,-23.9368],[-46.5096,-23.9372],[-46.5092,-23.9376],[-46.5088,-23.938],[-46.5088,-23.9384],[-46.5088,-23.9388],[-46.5084,-23.9388],[-46.5084,-23.9392],[-46.508,-23.9392],[-46.508,-23.9396],[-46.5076,-23.9396],[-46.5072,-23.94],[-46.5068,-23.9404],[-46.5064,-23.9408]]]}},{"type":"Feature","properties":{"dsubbc":"rio cubatao","nome":"Rio Cubatão"},"geometry":{"type":"Polygon","coordinates":[[[-46.5108,-23.9256],[-46.5108,-23.926],[-46.5108,-23.9268],[-46.5108,-23.9272],[-46.5108,-23.9276],[-46.5108,-23.9284],[-46.5108,-23.9292],[-46.5104,-23.9296],[-46.51,-23.93],[-46.51,-23.9308],[-46.51,-23.9312],[-46.5096,-23.932],[-46.5096,-23.9324],[-46.5088,-23.9328],[-46.5084,-23.9332],[-46.5084,-23.934],[-46.5084,-23.9344],[-46.508,-23.9348],[-46.508,-23.9352],[-46.5076,-23.9356],[-46.5076,-23.936],[-46.5072,-23.9364],[-46.5072,-23.9368],[-46.5072,-23.9372],[-46.5072,-23.938],[-46.5068,-23.9388],[-46.5068,-23.9396],[-46.5064,-23.94],[-46.5064,-23.9404],[-46.5064,-23.9408],[-46.5068,-23.9404],[-46.5072,-23.94],[-46.5076,-23.9396],[-46.508,-23.9396],[-46.508,-23.9392],[-46.5084,-23.9392],[-46.5084,-23.9388],[-46.5088,-23.9388],[-46.5088,-23.9384],[-46.5088,-23.938],[-46.5092,-23.9376],[-46.5096,-23.9372],[-46.51,-23.9368],[-46.5104,-23.9364],[-46.5108,-23.936],[-46.5112,-23.9356],[-46.5116,-23.9352],[-46.512,-23.9348],[-46.5124,-23.9344],[-46.5124,-23.934],[-46.5128,-23.9332],[-46.5132,-23.9332],[-46.5132,-23.9328],[-46.5136,-23.9324],[-46.514,-23.932],[-46.514,-23.9316],[-46.514,-23.9312],[-46.5144,-23.9312],[-46.5144,-23.9308],[-46.5144,-23.9304],[-46.5148,-23.93],[-46.5152,-23.9296],[-46.5152,-23.9292],[-46.5156,-23.9288],[-46.5156,-23.9284],[-46.5152,-23.9284],[-46.5152,-23.928],[-46.5144,-23.9276],[-46.5136,-23.9268],[-46.5132,-23.9264],[-46.5132,-23.926],[-46.5128,-23.9256],[-46.5124,-23.9256],[-46.512,-23.9256],[-46.5116,-23.9256],[-46.5112,-23.9256],[-46.5108,-23.9256]]]}},{"type":"Feature","properties":{"dsubbc":"rio cubatao","nome":"Rio Cubatão"},"geometry":{"type":"Polygon","coordinates":[[[-46.5132,-23.9264],[-46.5136,-23.9268],[-46.5144,-23.9276],[-46.5152,-23.928],[-46.5152,-23.9284],[-46.5156,-23.928],[-46.5156,-23.9276],[-46.5156,-23.9268],[-46.516,-23.9264],[-46.5156,-23.9264],[-46.5156,-23.9256],[-46.516,-23.9256],[-46.516,-23.9248],[-46.516,-23.9244],[-46.5156,-23.9244],[-46.5156,-23.9248],[-46.5156,-23.9252],[-46.5152,-23.9256],[-46.5148,-23.9256],[-46.5144,-23.9256],[-46.514,-23.926],[-46.5136,-23.926],[-46.5132,-23.9264]]]}},{"type":"Feature","properties":{"dsubbc":"oceano","nome":"Drenagem direta ao oceano"},"geometry":{"type":"Polygon","coordinates":[[[-46.2908,-23.9856],[-46.2908,-23.986],[-46.2924,-23.988],[-46.2952,-23.9904],[-46.2976,-23.9916],[-46.2992,-23.9924],[-46.2996,-23.9928],[-46.3028,-23.9936],[-46.304,-23.9936],[-46.3072,-23.9932],[-46.3096,-23.9932],[-46.3096,-23.9924],[-46.3096,-23.9916],[-46.3096,-23.9888],[-46.3104,-23.9868],[-46.3108,-23.9864],[-46.3108,-23.986],[-46.3108,-23.9856],[-46.3112,-23.9848],[-46.3116,-23.9844],[-46.3116,-23.984],[-46.312,-23.9836],[-46.3124,-23.9832],[-46.3128,-23.9824],[-46.3136,-23.982],[-46.3136,-23.9816],[-46.3144,-23.9812],[-46.316,-23.9796],[-46.3164,-23.9796],[-46.3164,-23.9792],[-46.3168,-23.9792],[-46.3184,-23.978],[-46.3196,-23.9768],[-46.3208,-23.9764],[-46.3216,-23.9756],[-46.322,-23.9752],[-46.3224,-23.9752],[-46.3228,-23.9752],[-46.3236,-23.9748],[-46.3244,-23.9744],[-46.3248,-23.974],[-46.3256,-23.974],[-46.326,-23.9736],[-46.3272,-23.9732],[-46.328,-23.9732],[-46.3292,-23.9728],[-46.3296,-23.9728],[-46.3304,-23.9724],[-46.3328,-23.972],[-46.3336,-23.9716],[-46.3344,-23.9716],[-46.3364,-23.9708],[-46.338,-23.9708],[-46.3388,-23.9704],[-46.3392,-23.9704],[-46.3396,-23.9704],[-46.3428,-23.97],[-46.3452,-23.9696],[-46.346,-23.9696],[-46.3464,-23.9696],[-46.3476,-23.9696],[-46.348,-23.9696],[-46.3488,-23.9696],[-46.3496,-23.9696],[-46.3504,-23.9696],[-46.3512,-23.97],[-46.3516,-23.9704],[-46.3524,-23.9712],[-46.3532,-23.9716],[-46.3536,-23.9716],[-46.354,-23.9716],[-46.3548,-23.9712],[-46.3552,-23.9708],[-46.356,-23.9708],[-46.3568,-23.9704],[-46.3572,-23.9704],[-46.3576,-23.9704],[-46.358,-23.97],[-46.3584,-23.97],[-46.362,-23.9708],[-46.3624,-23.9708],[-46.3636,-23.9708],[-46.3644,-23.9712],[-46.3652,-23.9712],[-46.3656,-23.9712],[-46.366,-23.9716],[-46.3668,-23.9716],[-46.3672,-23.972],[-46.3676,-23.972],[-46.368,-23.9724],[-46.3676,-23.9712],[-46.3676,-23.9704],[-46.3676,-23.9696],[-46.368,-23.968],[-46.3676,-23.9676],[-46.3672,-23.9668],[-46.3664,-23.966],[-46.3652,-23.9652],[-46.3644,-23.9652],[-46.364,-23.9648],[-46.3632,-23.964],[-46.3628,-23.964],[-46.3624,-23.9636],[-46.362,-23.9632],[-46.3612,-23.9624],[-46.3612,-23.962],[-46.3608,-23.9616],[-46.3608,-23.9612],[-46.3604,-23.9608],[-46.3604,-23.9604],[-46.36,-23.9604],[-46.36,-23.96],[-46.3596,-23.9596],[-46.3592,-23.9592],[-46.3588,-23.9592],[-46.358,-23.9588],[-46.3576,-23.9592],[-46.3572,-23.9592],[-46.3564,-23.9592],[-46.356,-23.9588],[-46.3556,-23.9588],[-46.3552,-23.9584],[-46.3552,-23.958],[-46.3548,-23.958],[-46.3548,-23.9576],[-46.3548,-23.9572],[-46.3548,-23.9568],[-46.3552,-23.9564],[-46.3556,-23.9564],[-46.3556,-23.956],[-46.3556,-23.9556],[-46.356,-23.9552],[-46.356,-23.9548],[-46.356,-23.9544],[-46.356,-23.954],[-46.3564,-23.954],[-46.356,-23.9524],[-46.3556,-23.9524],[-46.3548,-23.9516],[-46.354,-23.9508],[-46.3536,-23.9508],[-46.3528,-23.9504],[-46.3524,-23.95],[-46.3516,-23.9492],[-46.3512,-23.9492],[-46.3508,-23.9488],[-46.3504,-23.9484],[-46.35,-23.948],[-46.3496,-23.948],[-46.3492,-23.9476],[-46.3484,-23.9476],[-46.3476,-23.9472],[-46.3468,-23.9472],[-46.3464,-23.9468],[-46.3456,-23.9472],[-46.3452,-23.9468],[-46.3448,-23.9468],[-46.3444,-23.9464],[-46.344,-23.9456],[-46.3444,-23.9452],[-46.3448,-23.9448],[-46.3452,-23.9444],[-46.3452,-23.944],[-46.3456,-23.9436],[-46.3456,-23.9432],[-46.3456,-23.9424],[-46.3456,-23.942],[-46.3456,-23.9416],[-46.3456,-23.9412],[-46.3456,-23.9408],[-46.3456,-23.9404],[-46.3456,-23.9396],[-46.3456,-23.9392],[-46.3452,-23.9388],[-46.3452,-23.9384],[-46.3452,-23.938],[-46.3444,-23.9376],[-46.344,-23.9372],[-46.3432,-23.9368],[-46.3428,-23.9368],[-46.3424,-23.936],[-46.342,-23.9356],[-46.342,-23.9352],[-46.3416,-23.9348],[-46.3416,-23.934],[-46.3416,-23.9336],[-46.3412,-23.9328],[-46.3408,-23.9324],[-46.3404,-23.9324],[-46.34,-23.9316],[-46.3396,-23.9312],[-46.3392,-23.9308],[-46.3392,-23.93],[-46.338,-23.9284],[-46.3376,-23.9276],[-46.3368,-23.9268],[-46.3364,-23.926],[-46.336,-23.9252],[-46.3356,-23.9248],[-46.3348,-23.924],[-46.3332,-23.9252],[-46.3288,-23.9272],[-46.3212,-23.9284],[-46.316,-23.9292],[-46.314,-23.9304],[-46.3116,-23.9336],[-46.3104,-23.9388],[-46.31,-23.9432],[-46.3092,-23.9476],[-46.308,-23.9504],[-46.3064,-23.9536],[-46.3064,-23.954],[-46.306,-23.954],[-46.306,-23.9544],[-46.3056,-23.9544],[-46.3056,-23.9548],[-46.3032,-23.9572],[-46.3016,-23.9592],[-46.2964,-23.9644],[-46.2912,-23.9712],[-46.29,-23.9748],[-46.2888,-23.978],[-46.2888,-23.9804],[-46.2896,-23.9836],[-46.29,-23.9844],[-46.2908,-23.9856]]]}},{"type":"Feature","properties":{"dsubbc":"rio cubatao","nome":"Rio Cubatão"},"geometry":{"type":"Polygon","coordinates":[[[-46.502,-23.9336],[-46.502,-23.934],[-46.5024,-23.934],[-46.5024,-23.9344],[-46.5028,-23.9344],[-46.5028,-23.9348],[-46.5028,-23.9356],[-46.5032,-23.9356],[-46.5036,-23.9356],[-46.5036,-23.9364],[-46.5036,-23.9368],[-46.504,-23.9368],[-46.504,-23.9372],[-46.5044,-23.9372],[-46.5044,-23.9376],[-46.5048,-23.9376],[-46.5048,-23.938],[-46.5052,-23.938],[-46.5052,-23.9384],[-46.5056,-23.9384],[-46.5056,-23.9396],[-46.506,-23.9396],[-46.506,-23.9404],[-46.5064,-23.9404],[-46.5064,-23.94],[-46.5068,-23.9396],[-46.5068,-23.9388],[-46.5072,-23.938],[-46.5072,-23.9372],[-46.5072,-23.9368],[-46.5072,-23.9364],[-46.5076,-23.936],[-46.5076,-23.9356],[-46.508,-23.9352],[-46.508,-23.9348],[-46.5084,-23.9344],[-46.5084,-23.934],[-46.5084,-23.9332],[-46.5088,-23.9328],[-46.5096,-23.9324],[-46.5096,-23.932],[-46.51,-23.9312],[-46.51,-23.9308],[-46.51,-23.93],[-46.5104,-23.9296],[-46.5108,-23.9292],[-46.5108,-23.9284],[-46.5108,-23.9276],[-46.5108,-23.9272],[-46.5108,-23.9268],[-46.5108,-23.926],[-46.5108,-23.9256],[-46.5108,-23.9252],[-46.5104,-23.9252],[-46.51,-23.9252],[-46.5096,-23.9248],[-46.5088,-23.9244],[-46.5084,-23.924],[-46.508,-23.9236],[-46.5076,-23.9236],[-46.5076,-23.924],[-46.5076,-23.9248],[-46.5076,-23.9256],[-46.5076,-23.9264],[-46.5076,-23.9268],[-46.5076,-23.9276],[-46.5072,-23.9284],[-46.5072,-23.9288],[-46.5068,-23.9296],[-46.5064,-23.9296],[-46.506,-23.9304],[-46.5056,-23.9304],[-46.5048,-23.9308],[-46.5044,-23.9316],[-46.504,-23.9316],[-46.5036,-23.932],[-46.5032,-23.9328],[-46.5024,-23.9332],[-46.502,-23.9336]]]}},{"type":"Feature","properties":{"dsubbc":"rio cubatao","nome":"Rio Cubatão"},"geometry":{"type":"Polygon","coordinates":[[[-46.502,-23.9336],[-46.5024,-23.9332],[-46.5032,-23.9328],[-46.5036,-23.932],[-46.504,-23.9316],[-46.5044,-23.9316],[-46.5048,-23.9308],[-46.5056,-23.9304],[-46.506,-23.9304],[-46.5064,-23.9296],[-46.5068,-23.9296],[-46.5072,-23.9288],[-46.5072,-23.9284],[-46.5076,-23.9276],[-46.5076,-23.9268],[-46.5076,-23.9264],[-46.5076,-23.9256],[-46.5076,-23.9248],[-46.5076,-23.924],[-46.5076,-23.9236],[-46.5072,-23.9232],[-46.5068,-23.9236],[-46.5068,-23.924],[-46.5068,-23.9244],[-46.5064,-23.9252],[-46.5064,-23.9256],[-46.506,-23.926],[-46.5056,-23.9268],[-46.5052,-23.9276],[-46.5052,-23.928],[-46.5052,-23.93],[-46.5048,-23.93],[-46.5048,-23.9304],[-46.5044,-23.9304],[-46.5044,-23.9308],[-46.504,-23.9308],[-46.504,-23.9312],[-46.5036,-23.9312],[-46.5036,-23.9316],[-46.5032,-23.9316],[-46.5032,-23.932],[-46.5028,-23.932],[-46.5028,-23.9324],[-46.5028,-23.9328],[-46.5024,-23.9328],[-46.5024,-23.9332],[-46.502,-23.9332],[-46.502,-23.9336]]]}},{"type":"Feature","properties":{"dsubbc":"rio cubatao","nome":"Rio Cubatão"},"geometry":{"type":"Polygon","coordinates":[[[-46.5204,-23.9312],[-46.5204,-23.9316],[-46.5208,-23.9316],[-46.5212,-23.932],[-46.5216,-23.932],[-46.522,-23.932],[-46.5228,-23.9324],[-46.5232,-23.9324],[-46.524,-23.9328],[-46.5244,-23.9328],[-46.5244,-23.9332],[-46.5252,-23.9336],[-46.5256,-23.934],[-46.5264,-23.9348],[-46.5268,-23.9352],[-46.5272,-23.9356],[-46.5276,-23.9356],[-46.528,-23.936],[-46.5284,-23.9356],[-46.5284,-23.9352],[-46.5292,-23.9352],[-46.5296,-23.9348],[-46.53,-23.9344],[-46.5304,-23.9344],[-46.5308,-23.9344],[-46.5308,-23.934],[-46.5312,-23.934],[-46.5312,-23.9336],[-46.5316,-23.9336],[-46.5316,-23.9332],[-46.5316,-23.9328],[-46.532,-23.9328],[-46.532,-23.9324],[-46.5324,-23.9324],[-46.5324,-23.932],[-46.5328,-23.932],[-46.5328,-23.9316],[-46.5336,-23.9316],[-46.534,-23.9316],[-46.534,-23.9312],[-46.5344,-23.9312],[-46.5344,-23.9308],[-46.5344,-23.9304],[-46.5348,-23.9304],[-46.5348,-23.9296],[-46.5352,-23.9296],[-46.5352,-23.9284],[-46.5356,-23.9284],[-46.5356,-23.9276],[-46.5356,-23.9268],[-46.536,-23.9268],[-46.536,-23.9224],[-46.5356,-23.9224],[-46.5356,-23.9228],[-46.5352,-23.9228],[-46.5352,-23.9232],[-46.5348,-23.9232],[-46.5348,-23.9236],[-46.5344,-23.9236],[-46.534,-23.9236],[-46.5336,-23.9236],[-46.5336,-23.924],[-46.5332,-23.924],[-46.5332,-23.9244],[-46.5328,-23.9244],[-46.5324,-23.9244],[-46.5324,-23.9248],[-46.532,-23.9248],[-46.532,-23.9252],[-46.5316,-23.9252],[-46.5316,-23.9256],[-46.5312,-23.9256],[-46.5312,-23.926],[-46.5308,-23.926],[-46.5308,-23.9264],[-46.5304,-23.9264],[-46.5304,-23.9268],[-46.53,-23.9268],[-46.53,-23.9272],[-46.5296,-23.9272],[-46.5296,-23.9276],[-46.5292,-23.9276],[-46.5292,-23.928],[-46.5288,-23.928],[-46.5288,-23.9284],[-46.5284,-23.9284],[-46.5284,-23.9288],[-46.528,-23.9288],[-46.528,-23.9292],[-46.5276,-23.9292],[-46.5276,-23.9296],[-46.5236,-23.9296],[-46.5232,-23.9296],[-46.5228,-23.9296],[-46.5224,-23.93],[-46.522,-23.93],[-46.5216,-23.9304],[-46.5212,-23.9304],[-46.5212,-23.9308],[-46.5208,-23.9308],[-46.5208,-23.9312],[-46.5204,-23.9312]]]}},{"type":"Feature","properties":{"dsubbc":"rio cubatao","nome":"Rio Cubatão"},"geometry":{"type":"Polygon","coordinates":[[[-46.5104,-23.9252],[-46.5108,-23.9252],[-46.5108,-23.9256],[-46.5112,-23.9256],[-46.5116,-23.9256],[-46.512,-23.9256],[-46.5124,-23.9256],[-46.5128,-23.9256],[-46.5132,-23.926],[-46.5132,-23.9264],[-46.5136,-23.926],[-46.514,-23.926],[-46.5144,-23.9256],[-46.5148,-23.9256],[-46.5152,-23.9256],[-46.5156,-23.9252],[-46.5156,-23.9248],[-46.5156,-23.9244],[-46.516,-23.9244],[-46.516,-23.9236],[-46.5164,-23.9236],[-46.5164,-23.9216],[-46.5156,-23.9216],[-46.5144,-23.9216],[-46.5144,-23.922],[-46.5144,-23.9224],[-46.5136,-23.9224],[-46.5136,-23.9228],[-46.5128,-23.9228],[-46.5124,-23.9228],[-46.5124,-23.9232],[-46.512,-23.9236],[-46.5116,-23.9236],[-46.5116,-23.924],[-46.5112,-23.9248],[-46.5108,-23.9248],[-46.5104,-23.9252]]]}},{"type":"Feature","properties":{"dsubbc":"rio cubatao","nome":"Rio Cubatão"},"geometry":{"type":"Polygon","coordinates":[[[-46.4956,-23.9288],[-46.4956,-23.9292],[-46.496,-23.9292],[-46.496,-23.9296],[-46.4968,-23.9296],[-46.4972,-23.9296],[-46.4972,-23.93],[-46.4976,-23.93],[-46.4976,-23.9304],[-46.4976,-23.9308],[-46.498,-23.9308],[-46.498,-23.9312],[-46.4984,-23.9312],[-46.4984,-23.9316],[-46.4988,-23.9316],[-46.4988,-23.932],[-46.4996,-23.932],[-46.4996,-23.9324],[-46.5,-23.9324],[-46.5,-23.9328],[-46.5008,-23.9328],[-46.5008,-23.9332],[-46.5012,-23.9332],[-46.5012,-23.9336],[-46.5016,-23.9336],[-46.502,-23.9336],[-46.502,-23.9332],[-46.5024,-23.9332],[-46.5024,-23.9328],[-46.5028,-23.9328],[-46.5028,-23.9324],[-46.5028,-23.932],[-46.5032,-23.932],[-46.5032,-23.9316],[-46.5036,-23.9316],[-46.5036,-23.9312],[-46.504,-23.9312],[-46.504,-23.9308],[-46.5044,-23.9308],[-46.5044,-23.9304],[-46.5048,-23.9304],[-46.5048,-23.93],[-46.5052,-23.93],[-46.5052,-23.928],[-46.5052,-23.9276],[-46.5056,-23.9268],[-46.506,-23.926],[-46.5064,-23.9256],[-46.5064,-23.9252],[-46.5068,-23.9244],[-46.5068,-23.924],[-46.5068,-23.9236],[-46.5072,-23.9232],[-46.5068,-23.9228],[-46.5068,-23.9224],[-46.5064,-23.922],[-46.506,-23.922],[-46.5056,-23.9216],[-46.5052,-23.9216],[-46.5052,-23.9212],[-46.5052,-23.9216],[-46.5048,-23.922],[-46.5044,-23.9224],[-46.504,-23.9228],[-46.5036,-23.9232],[-46.5036,-23.9236],[-46.5032,-23.9236],[-46.5028,-23.924],[-46.5028,-23.9244],[-46.5024,-23.9248],[-46.5024,-23.9252],[-46.502,-23.9252],[-46.5016,-23.9256],[-46.5016,-23.926],[-46.5012,-23.926],[-46.5008,-23.9264],[-46.5008,-23.9268],[-46.5004,-23.9268],[-46.5,-23.9268],[-46.5,-23.9272],[-46.4996,-23.9272],[-46.4992,-23.9276],[-46.4988,-23.9276],[-46.4984,-23.928],[-46.498,-23.928],[-46.4976,-23.928],[-46.4976,-23.9284],[-46.4972,-23.9284],[-46.4968,-23.9288],[-46.4964,-23.9288],[-46.496,-23.9288],[-46.4956,-23.9288]]]}},{"type":"Feature","properties":{"dsubbc":"rio cubatao","nome":"Rio Cubatão"},"geometry":{"type":"Polygon","coordinates":[[[-46.4956,-23.9284],[-46.4956,-23.9288],[-46.496,-23.9288],[-46.4964,-23.9288],[-46.4968,-23.9288],[-46.4972,-23.9284],[-46.4976,-23.9284],[-46.4976,-23.928],[-46.498,-23.928],[-46.4984,-23.928],[-46.4988,-23.9276],[-46.4992,-23.9276],[-46.4996,-23.9272],[-46.5,-23.9272],[-46.5,-23.9268],[-46.5004,-23.9268],[-46.5008,-23.9268],[-46.5008,-23.9264],[-46.5012,-23.926],[-46.5016,-23.926],[-46.5016,-23.9256],[-46.502,-23.9252],[-46.5024,-23.9252],[-46.5024,-23.9248],[-46.5028,-23.9244],[-46.5028,-23.924],[-46.5032,-23.9236],[-46.5036,-23.9236],[-46.5036,-23.9232],[-46.504,-23.9228],[-46.5044,-23.9224],[-46.5048,-23.922],[-46.5052,-23.9216],[-46.5052,-23.9212],[-46.5044,-23.9212],[-46.5036,-23.9212],[-46.5032,-23.9212],[-46.5028,-23.9212],[-46.5024,-23.9212],[-46.5016,-23.9216],[-46.5012,-23.9216],[-46.5008,-23.9212],[-46.5004,-23.9212],[-46.5004,-23.9208],[-46.5004,-23.9212],[-46.5,-23.9212],[-46.5,-23.9216],[-46.5,-23.922],[-46.4996,-23.9224],[-46.4992,-23.9228],[-46.4992,-23.9232],[-46.4988,-23.9236],[-46.4988,-23.924],[-46.4984,-23.9244],[-46.498,-23.9244],[-46.498,-23.9248],[-46.498,-23.9252],[-46.4976,-23.9252],[-46.4976,-23.9256],[-46.4976,-23.926],[-46.4972,-23.9264],[-46.4968,-23.9264],[-46.4968,-23.9268],[-46.4968,-23.9272],[-46.4968,-23.9276],[-46.4964,-23.9276],[-46.496,-23.9276],[-46.496,-23.928],[-46.4956,-23.928],[-46.4956,-23.9284]]]}},{"type":"Feature","properties":{"dsubbc":"rio cubatao","nome":"Rio Cubatão"},"geometry":{"type":"Polygon","coordinates":[[[-46.5052,-23.9216],[-46.5056,-23.9216],[-46.506,-23.922],[-46.5064,-23.922],[-46.5068,-23.9224],[-46.5068,-23.9228],[-46.5072,-23.9232],[-46.5076,-23.9236],[-46.508,-23.9236],[-46.5084,-23.9236],[-46.5084,-23.9232],[-46.5088,-23.9228],[-46.5088,-23.9224],[-46.5088,-23.922],[-46.5088,-23.9216],[-46.5088,-23.9212],[-46.5088,-23.9208],[-46.5092,-23.9208],[-46.5092,-23.9204],[-46.508,-23.9208],[-46.5076,-23.9208],[-46.5072,-23.9208],[-46.5064,-23.9208],[-46.5064,-23.9212],[-46.5052,-23.9216]]]}},{"type":"Feature","properties":{"dsubbc":"rio cubatao","nome":"Rio Cubatão"},"geometry":{"type":"Polygon","coordinates":[[[-46.4948,-23.9284],[-46.4956,-23.9284],[-46.4956,-23.928],[-46.496,-23.928],[-46.496,-23.9276],[-46.4964,-23.9276],[-46.4968,-23.9276],[-46.4968,-23.9272],[-46.4968,-23.9268],[-46.4968,-23.9264],[-46.4972,-23.9264],[-46.4976,-23.926],[-46.4976,-23.9256],[-46.4976,-23.9252],[-46.498,-23.9252],[-46.498,-23.9248],[-46.498,-23.9244],[-46.4984,-23.9244],[-46.4988,-23.924],[-46.4988,-23.9236],[-46.4992,-23.9232],[-46.4992,-23.9228],[-46.4996,-23.9224],[-46.5,-23.922],[-46.5,-23.9216],[-46.5,-23.9212],[-46.5004,-23.9212],[-46.5004,-23.9208],[-46.5004,-23.9204],[-46.5004,-23.92],[-46.5004,-23.9196],[-46.5,-23.9192],[-46.5,-23.9188],[-46.5,-23.9184],[-46.4996,-23.9176],[-46.4992,-23.918],[-46.4992,-23.9184],[-46.4988,-23.9188],[-46.4984,-23.9192],[-46.498,-23.9196],[-46.498,-23.92],[-46.4976,-23.9204],[-46.4976,-23.9208],[-46.4972,-23.9212],[-46.4968,-23.9216],[-46.4968,-23.922],[-46.4964,-23.9224],[-46.4964,-23.9228],[-46.4964,-23.9232],[-46.4964,-23.9236],[-46.496,-23.924],[-46.496,-23.9244],[-46.496,-23.9248],[-46.496,-23.9252],[-46.4956,-23.9256],[-46.4956,-23.926],[-46.4956,-23.9264],[-46.4956,-23.9268],[-46.4952,-23.9272],[-46.4952,-23.9276],[-46.4948,-23.928],[-46.4948,-23.9284]]]}},{"type":"Feature","properties":{"dsubbc":"rio cubatao","nome":"Rio Cubatão"},"geometry":{"type":"Polygon","coordinates":[[[-46.5164,-23.9216],[-46.5164,-23.9236],[-46.516,-23.9236],[-46.516,-23.9244],[-46.516,-23.9248],[-46.516,-23.9256],[-46.5156,-23.9256],[-46.5156,-23.9264],[-46.516,-23.9264],[-46.5156,-23.9268],[-46.5156,-23.9276],[-46.5156,-23.928],[-46.5152,-23.9284],[-46.5156,-23.9284],[-46.5156,-23.9288],[-46.516,-23.9288],[-46.5164,-23.9296],[-46.5164,-23.9292],[-46.5168,-23.9288],[-46.5172,-23.9284],[-46.5172,-23.928],[-46.5176,-23.928],[-46.518,-23.928],[-46.5184,-23.9276],[-46.5184,-23.9272],[-46.5184,-23.9268],[-46.5188,-23.9268],[-46.5192,-23.9268],[-46.5192,-23.9264],[-46.5196,-23.9264],[-46.5196,-23.926],[-46.5196,-23.9256],[-46.52,-23.9256],[-46.5204,-23.9256],[-46.5204,-23.9252],[-46.5208,-23.9252],[-46.5208,-23.9248],[-46.5212,-23.9248],[-46.5212,-23.9244],[-46.5216,-23.9244],[-46.5216,-23.924],[-46.522,-23.924],[-46.522,-23.9236],[-46.5224,-23.9236],[-46.5224,-23.9232],[-46.5224,-23.9228],[-46.5228,-23.9228],[-46.5228,-23.9224],[-46.5232,-23.9224],[-46.5232,-23.922],[-46.5236,-23.922],[-46.5236,-23.9216],[-46.5236,-23.9208],[-46.524,-23.9208],[-46.524,-23.9168],[-46.5228,-23.9168],[-46.5224,-23.9168],[-46.5224,-23.9172],[-46.5224,-23.9176],[-46.522,-23.9176],[-46.5216,-23.9176],[-46.5216,-23.918],[-46.5216,-23.9184],[-46.5212,-23.9184],[-46.5212,-23.9188],[-46.5208,-23.9188],[-46.5204,-23.9188],[-46.5204,-23.9192],[-46.52,-23.9192],[-46.52,-23.9196],[-46.5196,-23.9196],[-46.5196,-23.92],[-46.5192,-23.92],[-46.5192,-23.9204],[-46.5188,-23.9204],[-46.5188,-23.9208],[-46.5184,-23.9208],[-46.518,-23.9208],[-46.518,-23.9212],[-46.5176,-23.9212],[-46.5176,-23.9216],[-46.5164,-23.9216]]]}},{"type":"Feature","properties":{"dsubbc":"rio cubatao","nome":"Rio Cubatão"},"geometry":{"type":"Polygon","coordinates":[[[-46.3452,-23.938],[-46.3452,-23.9384],[-46.3452,-23.9388],[-46.3456,-23.9392],[-46.3456,-23.9396],[-46.3456,-23.9404],[-46.3456,-23.9408],[-46.3456,-23.9412],[-46.3456,-23.9416],[-46.3456,-23.942],[-46.3456,-23.9424],[-46.3456,-23.9432],[-46.3456,-23.9436],[-46.3452,-23.944],[-46.3452,-23.9444],[-46.3448,-23.9448],[-46.3444,-23.9452],[-46.344,-23.9456],[-46.3444,-23.9464],[-46.3448,-23.9468],[-46.3452,-23.9468],[-46.3456,-23.9472],[-46.3464,-23.9468],[-46.3468,-23.9472],[-46.3476,-23.9472],[-46.3484,-23.9476],[-46.3492,-23.9476],[-46.3496,-23.948],[-46.35,-23.948],[-46.3504,-23.9484],[-46.3508,-23.9488],[-46.3512,-23.9492],[-46.3516,-23.9492],[-46.3524,-23.95],[-46.3528,-23.9504],[-46.3536,-23.9508],[-46.354,-23.9508],[-46.3548,-23.9516],[-46.3556,-23.9524],[-46.356,-23.9524],[-46.3564,-23.954],[-46.356,-23.954],[-46.356,-23.9544],[-46.356,-23.9548],[-46.356,-23.9552],[-46.3556,-23.9556],[-46.3556,-23.956],[-46.3556,-23.9564],[-46.3552,-23.9564],[-46.3548,-23.9568],[-46.3548,-23.9572],[-46.3548,-23.9576],[-46.3548,-23.958],[-46.3552,-23.958],[-46.3552,-23.9584],[-46.3556,-23.9588],[-46.356,-23.9588],[-46.3564,-23.9592],[-46.3572,-23.9592],[-46.3576,-23.9592],[-46.358,-23.9588],[-46.3588,-23.9592],[-46.3592,-23.9592],[-46.3596,-23.9596],[-46.36,-23.96],[-46.36,-23.9604],[-46.3604,-23.9604],[-46.3604,-23.9608],[-46.3608,-23.9612],[-46.3608,-23.9616],[-46.3612,-23.962],[-46.3612,-23.9624],[-46.362,-23.9632],[-46.3624,-23.9636],[-46.3628,-23.964],[-46.3632,-23.964],[-46.364,-23.9648],[-46.3644,-23.9652],[-46.3652,-23.9652],[-46.3664,-23.966],[-46.3672,-23.9668],[-46.3676,-23.9676],[-46.368,-23.968],[-46.3676,-23.9696],[-46.3676,-23.9704],[-46.3676,-23.9712],[-46.368,-23.9724],[-46.3684,-23.9728],[-46.3684,-23.9732],[-46.3688,-23.9736],[-46.3696,-23.9744],[-46.37,-23.9748],[-46.3704,-23.9752],[-46.3704,-23.9756],[-46.3708,-23.976],[-46.3704,-23.9768],[-46.3704,-23.9772],[-46.37,-23.9772],[-46.3696,-23.9776],[-46.3692,-23.9776],[-46.3684,-23.978],[-46.3684,-23.9784],[-46.368,-23.9784],[-46.368,-23.9788],[-46.368,-23.9792],[-46.368,-23.9796],[-46.368,-23.98],[-46.3676,-23.9804],[-46.3676,-23.9808],[-46.3676,-23.9812],[-46.368,-23.9812],[-46.368,-23.9816],[-46.3684,-23.9816],[-46.37,-23.9824],[-46.3704,-23.9828],[-46.3716,-23.9836],[-46.3724,-23.9832],[-46.3748,-23.982],[-46.3756,-23.9808],[-46.376,-23.9788],[-46.3764,-23.9768],[-46.3776,-23.9744],[-46.3784,-23.9744],[-46.38,-23.974],[-46.3816,-23.9744],[-46.384,-23.9752],[-46.3868,-23.9752],[-46.3888,-23.9752],[-46.39,-23.9752],[-46.3912,-23.976],[-46.3936,-23.978],[-46.3948,-23.9788],[-46.3984,-23.98],[-46.3996,-23.9804],[-46.4008,-23.9808],[-46.4024,-23.9812],[-46.4032,-23.9816],[-46.4048,-23.982],[-46.4052,-23.982],[-46.408,-23.982],[-46.4084,-23.9816],[-46.4092,-23.9812],[-46.4136,-23.9792],[-46.414,-23.9792],[-46.4172,-23.9752],[-46.4184,-23.9728],[-46.4192,-23.9708],[-46.4192,-23.97],[-46.4184,-23.966],[-46.4176,-23.9636],[-46.4172,-23.962],[-46.4172,-23.9608],[-46.4184,-23.958],[-46.42,-23.9548],[-46.422,-23.9512],[-46.4252,-23.9464],[-46.4264,-23.9448],[-46.4288,-23.94],[-46.4296,-23.9388],[-46.43,-23.9384],[-46.4256,-23.936],[-46.4236,-23.9352],[-46.4232,-23.9348],[-46.4216,-23.9344],[-46.4196,-23.9344],[-46.4184,-23.9344],[-46.416,-23.9352],[-46.4136,-23.9356],[-46.4112,-23.936],[-46.4096,-23.936],[-46.4084,-23.936],[-46.408,-23.936],[-46.4076,-23.936],[-46.4032,-23.936],[-46.4,-23.9364],[-46.396,-23.936],[-46.3936,-23.9356],[-46.3916,-23.9352],[-46.3904,-23.9348],[-46.388,-23.934],[-46.3872,-23.9332],[-46.3868,-23.9328],[-46.3868,-23.932],[-46.3872,-23.9312],[-46.3888,-23.93],[-46.3912,-23.928],[-46.3916,-23.9276],[-46.3924,-23.9272],[-46.3952,-23.926],[-46.3988,-23.9244],[-46.3996,-23.924],[-46.4016,-23.9232],[-46.4024,-23.9224],[-46.4028,-23.922],[-46.4028,-23.9216],[-46.4032,-23.9212],[-46.4028,-23.9204],[-46.4028,-23.92],[-46.402,-23.9192],[-46.4008,-23.9184],[-46.4004,-23.9184],[-46.3988,-23.9184],[-46.3968,-23.9184],[-46.3952,-23.9188],[-46.3932,-23.9184],[-46.3908,-23.9188],[-46.39,-23.9184],[-46.3876,-23.9176],[-46.3872,-23.9176],[-46.3852,-23.9172],[-46.3836,-23.9168],[-46.3816,-23.9164],[-46.3804,-23.916],[-46.3784,-23.9156],[-46.3768,-23.9152],[-46.3756,-23.9164],[-46.3744,-23.9172],[-46.3736,-23.918],[-46.3728,-23.9188],[-46.3716,-23.92],[-46.3712,-23.9208],[-46.3708,-23.9212],[-46.37,-23.922],[-46.3696,-23.9224],[-46.3692,-23.9232],[-46.3688,-23.924],[-46.3684,-23.9244],[-46.368,-23.9252],[-46.368,-23.9256],[-46.3676,-23.9264],[-46.3676,-23.9268],[-46.3668,-23.9276],[-46.3664,-23.928],[-46.366,-23.9292],[-46.366,-23.9296],[-46.3652,-23.9308],[-46.3644,-23.932],[-46.3636,-23.9328],[-46.3632,-23.9336],[-46.3624,-23.9348],[-46.362,-23.9356],[-46.362,-23.936],[-46.3616,-23.9364],[-46.3612,-23.9368],[-46.3608,-23.9368],[-46.3604,-23.9372],[-46.3596,-23.9372],[-46.3588,-23.9372],[-46.3584,-23.9372],[-46.358,-23.9376],[-46.3572,-23.938],[-46.3568,-23.938],[-46.3564,-23.938],[-46.3556,-23.938],[-46.3552,-23.938],[-46.3544,-23.9384],[-46.354,-23.9384],[-46.3532,-23.9388],[-46.3524,-23.9388],[-46.352,-23.9388],[-46.3508,-23.9388],[-46.3504,-23.9388],[-46.35,-23.9388],[-46.3496,-23.9388],[-46.3488,-23.9392],[-46.3484,-23.9388],[-46.348,-23.9388],[-46.3472,-23.9384],[-46.3468,-23.9384],[-46.3464,-23.9384],[-46.346,-23.938],[-46.3452,-23.9376],[-46.3452,-23.938]]]}},{"type":"Feature","properties":{"dsubbc":"rio cubatao","nome":"Rio Cubatão"},"geometry":{"type":"Polygon","coordinates":[[[-46.4884,-23.9256],[-46.4888,-23.9256],[-46.4888,-23.926],[-46.4896,-23.926],[-46.4896,-23.9264],[-46.4904,-23.9264],[-46.4904,-23.9268],[-46.4908,-23.9268],[-46.4908,-23.9272],[-46.4916,-23.9272],[-46.4916,-23.9276],[-46.492,-23.9276],[-46.4924,-23.9276],[-46.4928,-23.9276],[-46.4928,-23.928],[-46.4936,-23.928],[-46.4936,-23.9284],[-46.4948,-23.9284],[-46.4948,-23.928],[-46.4952,-23.9276],[-46.4952,-23.9272],[-46.4956,-23.9268],[-46.4956,-23.9264],[-46.4956,-23.926],[-46.4956,-23.9256],[-46.496,-23.9252],[-46.496,-23.9248],[-46.496,-23.9244],[-46.496,-23.924],[-46.4964,-23.9236],[-46.4964,-23.9232],[-46.4964,-23.9228],[-46.4964,-23.9224],[-46.4968,-23.922],[-46.4968,-23.9216],[-46.4972,-23.9212],[-46.4976,-23.9208],[-46.4976,-23.9204],[-46.498,-23.92],[-46.498,-23.9196],[-46.4984,-23.9192],[-46.4988,-23.9188],[-46.4992,-23.9184],[-46.4992,-23.918],[-46.4996,-23.9176],[-46.4992,-23.9172],[-46.4988,-23.9168],[-46.4984,-23.9164],[-46.498,-23.9164],[-46.498,-23.916],[-46.4972,-23.9156],[-46.4968,-23.9152],[-46.4964,-23.9152],[-46.496,-23.9148],[-46.4956,-23.9156],[-46.4956,-23.9164],[-46.4956,-23.9172],[-46.4952,-23.9176],[-46.4948,-23.918],[-46.4948,-23.9184],[-46.494,-23.9188],[-46.494,-23.9196],[-46.4936,-23.9196],[-46.4932,-23.92],[-46.4928,-23.9204],[-46.4924,-23.9208],[-46.492,-23.9212],[-46.492,-23.9216],[-46.4916,-23.922],[-46.4912,-23.9224],[-46.4908,-23.9228],[-46.4904,-23.9232],[-46.49,-23.9236],[-46.49,-23.924],[-46.4896,-23.9244],[-46.4892,-23.9248],[-46.4888,-23.9252],[-46.4884,-23.9256]]]}},{"type":"Feature","properties":{"dsubbc":"rio cubatao","nome":"Rio Cubatão"},"geometry":{"type":"Polygon","coordinates":[[[-46.4876,-23.9248],[-46.4876,-23.9252],[-46.488,-23.9252],[-46.488,-23.9256],[-46.4884,-23.9256],[-46.4888,-23.9252],[-46.4892,-23.9248],[-46.4896,-23.9244],[-46.49,-23.924],[-46.49,-23.9236],[-46.4904,-23.9232],[-46.4908,-23.9228],[-46.4912,-23.9224],[-46.4916,-23.922],[-46.492,-23.9216],[-46.492,-23.9212],[-46.4924,-23.9208],[-46.4928,-23.9204],[-46.4932,-23.92],[-46.4936,-23.9196],[-46.494,-23.9196],[-46.494,-23.9188],[-46.4948,-23.9184],[-46.4948,-23.918],[-46.4952,-23.9176],[-46.4956,-23.9172],[-46.4956,-23.9164],[-46.4956,-23.9156],[-46.496,-23.9148],[-46.4956,-23.9148],[-46.4948,-23.9144],[-46.4944,-23.914],[-46.4936,-23.914],[-46.4932,-23.914],[-46.4928,-23.914],[-46.4928,-23.9144],[-46.4928,-23.9152],[-46.4928,-23.916],[-46.4928,-23.9164],[-46.4924,-23.9168],[-46.4924,-23.9172],[-46.4924,-23.9176],[-46.492,-23.918],[-46.492,-23.9184],[-46.4916,-23.9188],[-46.4916,-23.9192],[-46.4912,-23.9196],[-46.4904,-23.9204],[-46.4904,-23.9212],[-46.49,-23.9216],[-46.4896,-23.922],[-46.4892,-23.9224],[-46.4888,-23.9232],[-46.4884,-23.9232],[-46.4884,-23.9236],[-46.488,-23.9244],[-46.4876,-23.9248]]]}},{"type":"Feature","properties":{"dsubbc":"rio cubatao","nome":"Rio Cubatão"},"geometry":{"type":"Polygon","coordinates":[[[-46.4856,-23.9232],[-46.4856,-23.9236],[-46.486,-23.9236],[-46.4864,-23.9236],[-46.4864,-23.924],[-46.4868,-23.924],[-46.4868,-23.9244],[-46.4872,-23.9244],[-46.4872,-23.9248],[-46.4876,-23.9248],[-46.488,-23.9244],[-46.4884,-23.9236],[-46.4884,-23.9232],[-46.4888,-23.9232],[-46.4892,-23.9224],[-46.4896,-23.922],[-46.49,-23.9216],[-46.4904,-23.9212],[-46.4904,-23.9204],[-46.4912,-23.9196],[-46.4916,-23.9192],[-46.4916,-23.9188],[-46.492,-23.9184],[-46.492,-23.918],[-46.4924,-23.9176],[-46.4924,-23.9172],[-46.4924,-23.9168],[-46.4928,-23.9164],[-46.4928,-23.916],[-46.4928,-23.9152],[-46.4928,-23.9144],[-46.4928,-23.914],[-46.4924,-23.914],[-46.492,-23.9136],[-46.4916,-23.9136],[-46.4912,-23.9136],[-46.4912,-23.914],[-46.4912,-23.9144],[-46.4912,-23.9152],[-46.4908,-23.916],[-46.4904,-23.9164],[-46.4904,-23.9172],[-46.49,-23.9176],[-46.4896,-23.9184],[-46.4892,-23.9192],[-46.4888,-23.9204],[-46.4884,-23.9204],[-46.4884,-23.9208],[-46.488,-23.9208],[-46.4876,-23.9208],[-46.4876,-23.9212],[-46.4876,-23.9216],[-46.4872,-23.9216],[-46.4868,-23.9216],[-46.4868,-23.922],[-46.4868,-23.9224],[-46.4864,-23.9224],[-46.4864,-23.9228],[-46.486,-23.9228],[-46.4856,-23.9228],[-46.4856,-23.9232]]]}},{"type":"Feature","properties":{"dsubbc":"rio cubatao","nome":"Rio Cubatão"},"geometry":{"type":"Polygon","coordinates":[[[-46.3492,-23.9144],[-46.348,-23.9148],[-46.346,-23.9152],[-46.3456,-23.9156],[-46.3408,-23.9192],[-46.3364,-23.9228],[-46.3348,-23.924],[-46.3356,-23.9248],[-46.336,-23.9252],[-46.3364,-23.926],[-46.3368,-23.9268],[-46.3376,-23.9276],[-46.338,-23.9284],[-46.3392,-23.93],[-46.3392,-23.9308],[-46.3396,-23.9312],[-46.34,-23.9316],[-46.3404,-23.9324],[-46.3408,-23.9324],[-46.3412,-23.9328],[-46.3416,-23.9336],[-46.3416,-23.934],[-46.3416,-23.9348],[-46.342,-23.9352],[-46.342,-23.9356],[-46.3424,-23.936],[-46.3428,-23.9368],[-46.3432,-23.9368],[-46.344,-23.9372],[-46.3444,-23.9376],[-46.3452,-23.938],[-46.3452,-23.9376],[-46.346,-23.938],[-46.3464,-23.9384],[-46.3468,-23.9384],[-46.3472,-23.9384],[-46.348,-23.9388],[-46.3484,-23.9388],[-46.3488,-23.9392],[-46.3496,-23.9388],[-46.35,-23.9388],[-46.3504,-23.9388],[-46.3508,-23.9388],[-46.352,-23.9388],[-46.3524,-23.9388],[-46.3532,-23.9388],[-46.354,-23.9384],[-46.3544,-23.9384],[-46.3552,-23.938],[-46.3556,-23.938],[-46.3564,-23.938],[-46.3568,-23.938],[-46.3572,-23.938],[-46.358,-23.9376],[-46.3584,-23.9372],[-46.3588,-23.9372],[-46.3596,-23.9372],[-46.3604,-23.9372],[-46.3608,-23.9368],[-46.3612,-23.9368],[-46.3616,-23.9364],[-46.362,-23.936],[-46.362,-23.9356],[-46.3624,-23.9348],[-46.3632,-23.9336],[-46.3636,-23.9328],[-46.3644,-23.932],[-46.3652,-23.9308],[-46.366,-23.9296],[-46.366,-23.9292],[-46.3664,-23.928],[-46.3668,-23.9276],[-46.3676,-23.9268],[-46.3676,-23.9264],[-46.368,-23.9256],[-46.368,-23.9252],[-46.3684,-23.9244],[-46.3688,-23.924],[-46.3692,-23.9232],[-46.3696,-23.9224],[-46.37,-23.922],[-46.3708,-23.9212],[-46.3712,-23.9208],[-46.3716,-23.92],[-46.3728,-23.9188],[-46.3736,-23.918],[-46.3744,-23.9172],[-46.3756,-23.9164],[-46.3768,-23.9152],[-46.3752,-23.9144],[-46.3708,-23.9132],[-46.3696,-23.9132],[-46.368,-23.9132],[-46.3636,-23.9132],[-46.3584,-23.9136],[-46.3576,-23.9136],[-46.3532,-23.914],[-46.3492,-23.9144]]]}},{"type":"Feature","properties":{"dsubbc":"rio cubatao","nome":"Rio Cubatão"},"geometry":{"type":"Polygon","coordinates":[[[-46.5296,-23.9128],[-46.528,-23.9128],[-46.528,-23.9132],[-46.5276,-23.9132],[-46.5276,-23.9136],[-46.5276,-23.914],[-46.5272,-23.914],[-46.5272,-23.9144],[-46.5264,-23.9144],[-46.5264,-23.9148],[-46.526,-23.9148],[-46.5256,-23.9148],[-46.5256,-23.9152],[-46.5256,-23.9156],[-46.5252,-23.9156],[-46.5248,-23.9156],[-46.5248,-23.916],[-46.5244,-23.916],[-46.5244,-23.9164],[-46.5244,-23.9168],[-46.524,-23.9168],[-46.524,-23.9208],[-46.5236,-23.9208],[-46.5236,-23.9216],[-46.5236,-23.922],[-46.5232,-23.922],[-46.5232,-23.9224],[-46.5228,-23.9224],[-46.5228,-23.9228],[-46.5224,-23.9228],[-46.5224,-23.9232],[-46.5224,-23.9236],[-46.522,-23.9236],[-46.522,-23.924],[-46.5216,-23.924],[-46.5216,-23.9244],[-46.5212,-23.9244],[-46.5212,-23.9248],[-46.5208,-23.9248],[-46.5208,-23.9252],[-46.5204,-23.9252],[-46.5204,-23.9256],[-46.52,-23.9256],[-46.5196,-23.9256],[-46.5196,-23.926],[-46.5196,-23.9264],[-46.5192,-23.9264],[-46.5192,-23.9268],[-46.5188,-23.9268],[-46.5184,-23.9268],[-46.5184,-23.9272],[-46.5184,-23.9276],[-46.518,-23.928],[-46.5176,-23.928],[-46.5172,-23.928],[-46.5172,-23.9284],[-46.5168,-23.9288],[-46.5164,-23.9292],[-46.5164,-23.9296],[-46.5168,-23.93],[-46.5168,-23.9304],[-46.5172,-23.9304],[-46.518,-23.9304],[-46.5188,-23.9304],[-46.5192,-23.9304],[-46.5196,-23.9304],[-46.52,-23.9308],[-46.52,-23.9312],[-46.5204,-23.9312],[-46.5208,-23.9312],[-46.5208,-23.9308],[-46.5212,-23.9308],[-46.5212,-23.9304],[-46.5216,-23.9304],[-46.522,-23.93],[-46.5224,-23.93],[-46.5228,-23.9296],[-46.5232,-23.9296],[-46.5236,-23.9296],[-46.5276,-23.9296],[-46.5276,-23.9292],[-46.528,-23.9292],[-46.528,-23.9288],[-46.5284,-23.9288],[-46.5284,-23.9284],[-46.5288,-23.9284],[-46.5288,-23.928],[-46.5292,-23.928],[-46.5292,-23.9276],[-46.5296,-23.9276],[-46.5296,-23.9272],[-46.53,-23.9272],[-46.53,-23.9268],[-46.5304,-23.9268],[-46.5304,-23.9264],[-46.5308,-23.9264],[-46.5308,-23.926],[-46.5312,-23.926],[-46.5312,-23.9256],[-46.5316,-23.9256],[-46.5316,-23.9252],[-46.532,-23.9252],[-46.532,-23.9248],[-46.5324,-23.9248],[-46.5324,-23.9244],[-46.5328,-23.9244],[-46.5332,-23.9244],[-46.5332,-23.924],[-46.5336,-23.924],[-46.5336,-23.9236],[-46.534,-23.9236],[-46.5344,-23.9236],[-46.5348,-23.9236],[-46.5348,-23.9232],[-46.5352,-23.9232],[-46.5352,-23.9228],[-46.5356,-23.9228],[-46.5356,-23.9224],[-46.536,-23.9224],[-46.536,-23.922],[-46.5356,-23.922],[-46.5356,-23.9208],[-46.536,-23.9208],[-46.536,-23.9204],[-46.5364,-23.9204],[-46.5364,-23.92],[-46.5368,-23.92],[-46.5368,-23.9196],[-46.5384,-23.9196],[-46.5388,-23.9196],[-46.5388,-23.9192],[-46.5392,-23.9192],[-46.5392,-23.9188],[-46.5396,-23.9188],[-46.5396,-23.9176],[-46.5392,-23.9176],[-46.5392,-23.9168],[-46.5388,-23.9168],[-46.5388,-23.9156],[-46.5384,-23.9156],[-46.5384,-23.9152],[-46.536,-23.9152],[-46.536,-23.9156],[-46.5356,-23.9156],[-46.5352,-23.9156],[-46.5352,-23.9152],[-46.5348,-23.9152],[-46.5348,-23.9148],[-46.5344,-23.9148],[-46.5328,-23.9148],[-46.5328,-23.9136],[-46.5324,-23.9136],[-46.5324,-23.9132],[-46.5316,-23.9132],[-46.5316,-23.9128],[-46.53,-23.9128],[-46.53,-23.9132],[-46.5296,-23.9132],[-46.5296,-23.9128]]]}},{"type":"Feature","properties":{"dsubbc":"rio cubatao","nome":"Rio Cubatão"},"geometry":{"type":"Polygon","coordinates":[[[-46.5388,-23.9156],[-46.5388,-23.9168],[-46.5392,-23.9168],[-46.5392,-23.9176],[-46.5396,-23.9176],[-46.5396,-23.9188],[-46.5392,-23.9188],[-46.5392,-23.9192],[-46.5388,-23.9192],[-46.5388,-23.9196],[-46.5384,-23.9196],[-46.5368,-23.9196],[-46.5368,-23.92],[-46.5364,-23.92],[-46.5364,-23.9204],[-46.536,-23.9204],[-46.536,-23.9208],[-46.5356,-23.9208],[-46.5356,-23.922],[-46.536,-23.922],[-46.536,-23.9224],[-46.536,-23.9268],[-46.5356,-23.9268],[-46.5356,-23.9276],[-46.5356,-23.9284],[-46.5352,-23.9284],[-46.5352,-23.9296],[-46.5348,-23.9296],[-46.5348,-23.9304],[-46.5344,-23.9304],[-46.5344,-23.9308],[-46.5344,-23.9312],[-46.534,-23.9312],[-46.534,-23.9316],[-46.5336,-23.9316],[-46.5328,-23.9316],[-46.5328,-23.932],[-46.5324,-23.932],[-46.5324,-23.9324],[-46.532,-23.9324],[-46.532,-23.9328],[-46.5316,-23.9328],[-46.5316,-23.9332],[-46.5316,-23.9336],[-46.5312,-23.9336],[-46.5312,-23.934],[-46.5308,-23.934],[-46.5308,-23.9344],[-46.5304,-23.9344],[-46.53,-23.9344],[-46.5296,-23.9348],[-46.5292,-23.9352],[-46.5284,-23.9352],[-46.5284,-23.9356],[-46.528,-23.936],[-46.5284,-23.9364],[-46.5288,-23.9368],[-46.5292,-23.9372],[-46.5296,-23.9368],[-46.53,-23.9364],[-46.5308,-23.936],[-46.5312,-23.936],[-46.5316,-23.936],[-46.532,-23.9356],[-46.5324,-23.9356],[-46.5332,-23.9356],[-46.5332,-23.9352],[-46.534,-23.9352],[-46.534,-23.9348],[-46.5348,-23.9348],[-46.5348,-23.9344],[-46.5352,-23.9344],[-46.5356,-23.9344],[-46.5356,-23.934],[-46.536,-23.9336],[-46.5364,-23.9328],[-46.5364,-23.9324],[-46.5368,-23.9324],[-46.5372,-23.9324],[-46.5376,-23.932],[-46.538,-23.9316],[-46.538,-23.9312],[-46.5384,-23.9312],[-46.5384,-23.9308],[-46.5388,-23.9308],[-46.5392,-23.9304],[-46.5392,-23.93],[-46.5396,-23.93],[-46.54,-23.93],[-46.54,-23.9296],[-46.5404,-23.9296],[-46.5424,-23.9296],[-46.5432,-23.9296],[-46.5432,-23.9292],[-46.5436,-23.9292],[-46.5436,-23.9288],[-46.5448,-23.9288],[-46.5452,-23.9288],[-46.5452,-23.9292],[-46.5452,-23.9296],[-46.546,-23.9296],[-46.5464,-23.9296],[-46.5468,-23.9296],[-46.548,-23.9296],[-46.548,-23.9292],[-46.5488,-23.9292],[-46.5488,-23.9296],[-46.5496,-23.9296],[-46.55,-23.9296],[-46.55,-23.93],[-46.5504,-23.93],[-46.5504,-23.9304],[-46.5508,-23.9304],[-46.5508,-23.9308],[-46.5516,-23.9308],[-46.5516,-23.9304],[-46.552,-23.9304],[-46.5528,-23.9304],[-46.5528,-23.9308],[-46.5532,-23.9308],[-46.5532,-23.9312],[-46.5532,-23.9316],[-46.5536,-23.9316],[-46.554,-23.9316],[-46.5544,-23.9316],[-46.5544,-23.9312],[-46.5552,-23.9312],[-46.5552,-23.9308],[-46.5552,-23.9316],[-46.5556,-23.9316],[-46.556,-23.9316],[-46.556,-23.932],[-46.5564,-23.932],[-46.5564,-23.9328],[-46.5568,-23.9324],[-46.558,-23.9324],[-46.5588,-23.932],[-46.5588,-23.9324],[-46.5588,-23.932],[-46.5592,-23.932],[-46.5592,-23.9312],[-46.5592,-23.9304],[-46.5596,-23.9304],[-46.56,-23.9304],[-46.56,-23.93],[-46.5604,-23.93],[-46.5604,-23.9284],[-46.5604,-23.9268],[-46.56,-23.9268],[-46.56,-23.9264],[-46.5604,-23.9264],[-46.5604,-23.926],[-46.5604,-23.9256],[-46.5608,-23.9256],[-46.5608,-23.924],[-46.5604,-23.924],[-46.5604,-23.9236],[-46.5604,-23.9228],[-46.56,-23.9228],[-46.5596,-23.9228],[-46.5596,-23.9224],[-46.5592,-23.9224],[-46.5592,-23.9216],[-46.5596,-23.9216],[-46.5604,-23.9216],[-46.5604,-23.9212],[-46.5612,-23.9212],[-46.5612,-23.9208],[-46.5616,-23.9208],[-46.5624,-23.9208],[-46.5624,-23.9204],[-46.5628,-23.9204],[-46.5628,-23.9196],[-46.5632,-23.9196],[-46.5632,-23.9192],[-46.5632,-23.9188],[-46.5628,-23.9188],[-46.5624,-23.9188],[-46.5624,-23.9184],[-46.562,-23.9184],[-46.562,-23.918],[-46.5612,-23.918],[-46.5612,-23.9176],[-46.5608,-23.9176],[-46.5608,-23.9168],[-46.5604,-23.9168],[-46.56,-23.9168],[-46.5584,-23.9168],[-46.5576,-23.916],[-46.5572,-23.9156],[-46.556,-23.9152],[-46.5552,-23.9152],[-46.5544,-23.9144],[-46.5528,-23.9136],[-46.552,-23.9128],[-46.5512,-23.9128],[-46.5508,-23.9128],[-46.5504,-23.9128],[-46.5504,-23.9132],[-46.5504,-23.9136],[-46.55,-23.9136],[-46.5496,-23.9136],[-46.5496,-23.914],[-46.5492,-23.914],[-46.5492,-23.9148],[-46.5492,-23.9152],[-46.5488,-23.9152],[-46.5488,-23.9148],[-46.5484,-23.9148],[-46.5484,-23.9144],[-46.5472,-23.9144],[-46.5472,-23.9148],[-46.5468,-23.9148],[-46.5468,-23.9152],[-46.5464,-23.9152],[-46.5464,-23.9156],[-46.546,-23.9156],[-46.5456,-23.9156],[-46.5456,-23.916],[-46.5452,-23.916],[-46.5452,-23.9164],[-46.5448,-23.9164],[-46.5448,-23.916],[-46.5444,-23.916],[-46.5444,-23.9156],[-46.544,-23.9156],[-46.544,-23.9152],[-46.5436,-23.9152],[-46.5436,-23.9148],[-46.5428,-23.9148],[-46.5428,-23.9152],[-46.5396,-23.9152],[-46.5388,-23.9152],[-46.5388,-23.9156]]]}},{"type":"Feature","properties":{"dsubbc":"rio cubatao","nome":"Rio Cubatão"},"geometry":{"type":"Polygon","coordinates":[[[-46.4816,-23.9228],[-46.482,-23.9228],[-46.4824,-23.9228],[-46.4848,-23.9228],[-46.4852,-23.9228],[-46.4852,-23.9232],[-46.4856,-23.9232],[-46.4856,-23.9228],[-46.486,-23.9228],[-46.4864,-23.9228],[-46.4864,-23.9224],[-46.4868,-23.9224],[-46.4868,-23.922],[-46.4868,-23.9216],[-46.4872,-23.9216],[-46.4876,-23.9216],[-46.4876,-23.9212],[-46.4876,-23.9208],[-46.488,-23.9208],[-46.4884,-23.9208],[-46.4884,-23.9204],[-46.4888,-23.9204],[-46.4892,-23.9192],[-46.4896,-23.9184],[-46.49,-23.9176],[-46.4904,-23.9172],[-46.4904,-23.9164],[-46.4908,-23.916],[-46.4912,-23.9152],[-46.4912,-23.9144],[-46.4912,-23.914],[-46.4912,-23.9136],[-46.4912,-23.9132],[-46.4908,-23.9132],[-46.4908,-23.9128],[-46.4904,-23.9128],[-46.49,-23.912],[-46.4896,-23.912],[-46.4896,-23.9124],[-46.4896,-23.9132],[-46.4892,-23.9136],[-46.4892,-23.914],[-46.4888,-23.9144],[-46.4888,-23.9148],[-46.4884,-23.9152],[-46.488,-23.9156],[-46.488,-23.916],[-46.4876,-23.9164],[-46.4872,-23.9168],[-46.4868,-23.9172],[-46.4868,-23.9176],[-46.486,-23.9176],[-46.4856,-23.9176],[-46.4856,-23.918],[-46.4852,-23.918],[-46.4852,-23.9184],[-46.4848,-23.9184],[-46.4848,-23.9188],[-46.4844,-23.9188],[-46.4844,-23.9204],[-46.484,-23.9204],[-46.484,-23.9208],[-46.4836,-23.9208],[-46.4836,-23.9212],[-46.4832,-23.9212],[-46.4832,-23.9216],[-46.4828,-23.9216],[-46.4828,-23.922],[-46.4824,-23.922],[-46.4824,-23.9224],[-46.482,-23.9224],[-46.482,-23.9228],[-46.4816,-23.9228]]]}},{"type":"Feature","properties":{"dsubbc":"oceano","nome":"Drenagem direta ao oceano"},"geometry":{"type":"Polygon","coordinates":[[[-46.2136,-23.9148],[-46.2136,-23.916],[-46.2136,-23.9168],[-46.2136,-23.9176],[-46.2136,-23.9188],[-46.2136,-23.9208],[-46.2136,-23.9216],[-46.2132,-23.9236],[-46.2132,-23.9252],[-46.2128,-23.926],[-46.212,-23.9268],[-46.212,-23.9276],[-46.2124,-23.9284],[-46.2124,-23.9288],[-46.2128,-23.9292],[-46.2132,-23.9292],[-46.2132,-23.9296],[-46.2136,-23.93],[-46.2136,-23.9304],[-46.214,-23.9308],[-46.2136,-23.9312],[-46.2136,-23.932],[-46.2136,-23.9328],[-46.2136,-23.9332],[-46.2136,-23.9336],[-46.2136,-23.934],[-46.2136,-23.9344],[-46.2136,-23.9348],[-46.2136,-23.9356],[-46.2136,-23.9368],[-46.2136,-23.938],[-46.2136,-23.9392],[-46.2136,-23.94],[-46.214,-23.9408],[-46.214,-23.9424],[-46.214,-23.9428],[-46.2144,-23.9428],[-46.2144,-23.9432],[-46.2144,-23.9436],[-46.2148,-23.9436],[-46.2156,-23.9432],[-46.216,-23.9428],[-46.2168,-23.942],[-46.2176,-23.9412],[-46.2184,-23.9408],[-46.2184,-23.9396],[-46.2188,-23.9388],[-46.2184,-23.938],[-46.2188,-23.9364],[-46.2188,-23.9348],[-46.2192,-23.934],[-46.2196,-23.9332],[-46.2204,-23.9324],[-46.2208,-23.9316],[-46.2216,-23.9308],[-46.222,-23.9304],[-46.222,-23.9296],[-46.222,-23.9284],[-46.222,-23.9276],[-46.2216,-23.9264],[-46.2216,-23.9252],[-46.2212,-23.924],[-46.2208,-23.9232],[-46.2204,-23.922],[-46.2204,-23.9216],[-46.22,-23.9204],[-46.22,-23.9192],[-46.2196,-23.9184],[-46.2192,-23.9168],[-46.2188,-23.9156],[-46.2184,-23.9148],[-46.2184,-23.914],[-46.2172,-23.912],[-46.2168,-23.9124],[-46.2152,-23.914],[-46.2136,-23.9148]]]}},{"type":"Feature","properties":{"dsubbc":"rio cubatao","nome":"Rio Cubatão"},"geometry":{"type":"Polygon","coordinates":[[[-46.5092,-23.9204],[-46.5092,-23.9208],[-46.5088,-23.9208],[-46.5088,-23.9212],[-46.5088,-23.9216],[-46.5088,-23.922],[-46.5088,-23.9224],[-46.5088,-23.9228],[-46.5084,-23.9232],[-46.5084,-23.9236],[-46.508,-23.9236],[-46.5084,-23.924],[-46.5088,-23.9244],[-46.5096,-23.9248],[-46.51,-23.9252],[-46.5104,-23.9252],[-46.5108,-23.9248],[-46.5112,-23.9248],[-46.5116,-23.924],[-46.5116,-23.9236],[-46.512,-23.9236],[-46.5124,-23.9232],[-46.5124,-23.9228],[-46.5128,-23.9228],[-46.5136,-23.9228],[-46.5136,-23.9224],[-46.5144,-23.9224],[-46.5144,-23.922],[-46.5144,-23.9216],[-46.5156,-23.9216],[-46.5164,-23.9216],[-46.5176,-23.9216],[-46.5176,-23.9212],[-46.518,-23.9212],[-46.518,-23.9208],[-46.5184,-23.9208],[-46.5188,-23.9208],[-46.5188,-23.9204],[-46.5192,-23.9204],[-46.5192,-23.92],[-46.5196,-23.92],[-46.5196,-23.9196],[-46.52,-23.9196],[-46.52,-23.9192],[-46.5204,-23.9192],[-46.5204,-23.9188],[-46.5208,-23.9188],[-46.5212,-23.9188],[-46.5212,-23.9184],[-46.5216,-23.9184],[-46.5216,-23.918],[-46.5216,-23.9176],[-46.522,-23.9176],[-46.5224,-23.9176],[-46.5224,-23.9172],[-46.5224,-23.9168],[-46.5228,-23.9168],[-46.524,-23.9168],[-46.5244,-23.9168],[-46.5244,-23.9164],[-46.5244,-23.916],[-46.5248,-23.916],[-46.5248,-23.9156],[-46.5252,-23.9156],[-46.5256,-23.9156],[-46.5256,-23.9152],[-46.5256,-23.9148],[-46.526,-23.9148],[-46.5264,-23.9148],[-46.5264,-23.9144],[-46.5272,-23.9144],[-46.5272,-23.914],[-46.5276,-23.914],[-46.5276,-23.9136],[-46.5276,-23.9132],[-46.528,-23.9132],[-46.528,-23.9128],[-46.5276,-23.9128],[-46.5276,-23.912],[-46.5272,-23.912],[-46.5272,-23.9116],[-46.5268,-23.9116],[-46.5264,-23.9116],[-46.5264,-23.9112],[-46.5256,-23.9112],[-46.5256,-23.9116],[-46.5252,-23.9116],[-46.5252,-23.912],[-46.5224,-23.912],[-46.5224,-23.9116],[-46.5216,-23.9116],[-46.5216,-23.912],[-46.5212,-23.912],[-46.5212,-23.9124],[-46.5208,-23.9124],[-46.5208,-23.9128],[-46.5204,-23.9128],[-46.5196,-23.9128],[-46.5196,-23.9132],[-46.5188,-23.9132],[-46.5188,-23.9136],[-46.518,-23.9136],[-46.5176,-23.9136],[-46.5176,-23.914],[-46.5168,-23.914],[-46.5168,-23.9144],[-46.516,-23.9144],[-46.516,-23.9148],[-46.5156,-23.9148],[-46.5156,-23.9152],[-46.5152,-23.9152],[-46.5152,-23.9156],[-46.5148,-23.9156],[-46.5144,-23.9156],[-46.5144,-23.916],[-46.5144,-23.9164],[-46.514,-23.9164],[-46.514,-23.9168],[-46.5136,-23.9168],[-46.5132,-23.9168],[-46.5128,-23.9168],[-46.5128,-23.9172],[-46.5124,-23.9172],[-46.5124,-23.9176],[-46.512,-23.9176],[-46.5116,-23.9176],[-46.5116,-23.918],[-46.5116,-23.9184],[-46.5112,-23.9184],[-46.5112,-23.9188],[-46.5108,-23.9188],[-46.5108,-23.9192],[-46.5104,-23.9192],[-46.5104,-23.9196],[-46.51,-23.92],[-46.5096,-23.92],[-46.5092,-23.9204]]]}},{"type":"Feature","properties":{"dsubbc":"rio cubatao","nome":"Rio Cubatão"},"geometry":{"type":"Polygon","coordinates":[[[-46.4808,-23.9224],[-46.4808,-23.9228],[-46.4804,-23.9228],[-46.4808,-23.9228],[-46.4808,-23.9232],[-46.4812,-23.9232],[-46.4816,-23.9232],[-46.4816,-23.9228],[-46.482,-23.9228],[-46.482,-23.9224],[-46.4824,-23.9224],[-46.4824,-23.922],[-46.4828,-23.922],[-46.4828,-23.9216],[-46.4832,-23.9216],[-46.4832,-23.9212],[-46.4836,-23.9212],[-46.4836,-23.9208],[-46.484,-23.9208],[-46.484,-23.9204],[-46.4844,-23.9204],[-46.4844,-23.9188],[-46.4848,-23.9188],[-46.4848,-23.9184],[-46.4852,-23.9184],[-46.4852,-23.918],[-46.4856,-23.918],[-46.4856,-23.9176],[-46.486,-23.9176],[-46.4868,-23.9176],[-46.4868,-23.9172],[-46.4872,-23.9168],[-46.4876,-23.9164],[-46.488,-23.916],[-46.488,-23.9156],[-46.4884,-23.9152],[-46.4888,-23.9148],[-46.4888,-23.9144],[-46.4892,-23.914],[-46.4892,-23.9136],[-46.4896,-23.9132],[-46.4896,-23.9124],[-46.4896,-23.912],[-46.4896,-23.9116],[-46.4892,-23.9116],[-46.4892,-23.9112],[-46.4888,-23.9112],[-46.4884,-23.9112],[-46.488,-23.9112],[-46.488,-23.9108],[-46.4876,-23.9108],[-46.4872,-23.9116],[-46.4872,-23.912],[-46.4868,-23.9124],[-46.4864,-23.9128],[-46.486,-23.9132],[-46.4856,-23.9136],[-46.4856,-23.914],[-46.4852,-23.9144],[-46.4848,-23.9144],[-46.4844,-23.9148],[-46.484,-23.9152],[-46.4836,-23.9156],[-46.4832,-23.9156],[-46.4832,-23.916],[-46.4828,-23.916],[-46.4828,-23.9164],[-46.4828,-23.9168],[-46.4824,-23.9168],[-46.4824,-23.9172],[-46.482,-23.9172],[-46.482,-23.9196],[-46.4816,-23.9196],[-46.4816,-23.92],[-46.4812,-23.92],[-46.4812,-23.922],[-46.4808,-23.922],[-46.4808,-23.9224]]]}},{"type":"Feature","properties":{"dsubbc":"oceano","nome":"Drenagem direta ao oceano"},"geometry":{"type":"Polygon","coordinates":[[[-46.1844,-23.9104],[-46.1844,-23.9108],[-46.184,-23.9108],[-46.1836,-23.9108],[-46.1836,-23.9112],[-46.1828,-23.9112],[-46.1828,-23.9116],[-46.1808,-23.9116],[-46.1804,-23.9116],[-46.1804,-23.912],[-46.1804,-23.9128],[-46.18,-23.9128],[-46.1796,-23.9128],[-46.1796,-23.9132],[-46.1776,-23.9132],[-46.1776,-23.9128],[-46.1772,-23.9128],[-46.1768,-23.9128],[-46.1768,-23.9124],[-46.1764,-23.9124],[-46.1764,-23.912],[-46.1756,-23.912],[-46.1756,-23.9116],[-46.1752,-23.9116],[-46.1728,-23.9116],[-46.1728,-23.9112],[-46.1724,-23.9112],[-46.1724,-23.9108],[-46.1684,-23.9108],[-46.1684,-23.9112],[-46.168,-23.9112],[-46.1684,-23.9116],[-46.1688,-23.912],[-46.1688,-23.9124],[-46.1688,-23.9128],[-46.1692,-23.9132],[-46.1692,-23.9136],[-46.1688,-23.914],[-46.1688,-23.9144],[-46.1688,-23.9148],[-46.1692,-23.9148],[-46.1696,-23.9152],[-46.17,-23.9152],[-46.1704,-23.9156],[-46.1704,-23.916],[-46.1704,-23.9164],[-46.1708,-23.9164],[-46.1712,-23.9168],[-46.1716,-23.9168],[-46.172,-23.9168],[-46.1724,-23.9168],[-46.1724,-23.9172],[-46.1724,-23.9176],[-46.1724,-23.918],[-46.1724,-23.9184],[-46.1728,-23.9184],[-46.1732,-23.9188],[-46.1736,-23.9192],[-46.1736,-23.9196],[-46.174,-23.92],[-46.1744,-23.9204],[-46.1744,-23.9212],[-46.1748,-23.9212],[-46.1748,-23.9216],[-46.1752,-23.9216],[-46.1756,-23.922],[-46.176,-23.9224],[-46.1768,-23.9224],[-46.1772,-23.9228],[-46.1776,-23.9228],[-46.178,-23.9228],[-46.178,-23.9232],[-46.1784,-23.9236],[-46.1788,-23.9236],[-46.1788,-23.924],[-46.1792,-23.924],[-46.1796,-23.9244],[-46.18,-23.9244],[-46.18,-23.9248],[-46.18,-23.9252],[-46.1804,-23.9256],[-46.1804,-23.9264],[-46.1804,-23.9268],[-46.1804,-23.9272],[-46.1808,-23.9276],[-46.1808,-23.9284],[-46.1808,-23.9288],[-46.1808,-23.9292],[-46.1808,-23.9296],[-46.1808,-23.93],[-46.1808,-23.9308],[-46.1808,-23.9316],[-46.1808,-23.932],[-46.1812,-23.9324],[-46.1808,-23.9328],[-46.1808,-23.9336],[-46.1808,-23.934],[-46.1808,-23.9344],[-46.1808,-23.9352],[-46.1804,-23.9356],[-46.1804,-23.936],[-46.18,-23.9368],[-46.1796,-23.9376],[-46.1792,-23.938],[-46.1788,-23.9388],[-46.1784,-23.9392],[-46.178,-23.9396],[-46.1776,-23.9396],[-46.1772,-23.94],[-46.1768,-23.9404],[-46.1764,-23.9404],[-46.176,-23.9408],[-46.1756,-23.9408],[-46.1748,-23.9412],[-46.1744,-23.9412],[-46.174,-23.9412],[-46.174,-23.9416],[-46.1736,-23.9416],[-46.1732,-23.9412],[-46.1732,-23.9408],[-46.1736,-23.9408],[-46.1736,-23.9404],[-46.1736,-23.94],[-46.1732,-23.94],[-46.1732,-23.9396],[-46.1728,-23.9396],[-46.1724,-23.9396],[-46.172,-23.9392],[-46.1716,-23.9388],[-46.1708,-23.938],[-46.1704,-23.9376],[-46.17,-23.9372],[-46.1696,-23.9372],[-46.1692,-23.9372],[-46.1688,-23.9372],[-46.1684,-23.9376],[-46.168,-23.9376],[-46.168,-23.938],[-46.1676,-23.938],[-46.1672,-23.938],[-46.1672,-23.9384],[-46.1672,-23.9388],[-46.1672,-23.9392],[-46.1672,-23.9396],[-46.1668,-23.9396],[-46.1668,-23.94],[-46.1668,-23.9404],[-46.1668,-23.9408],[-46.1664,-23.9412],[-46.166,-23.9412],[-46.166,-23.9416],[-46.166,-23.942],[-46.166,-23.9424],[-46.166,-23.9428],[-46.166,-23.9432],[-46.166,-23.9436],[-46.166,-23.944],[-46.1656,-23.944],[-46.1652,-23.944],[-46.1632,-23.944],[-46.1632,-23.9444],[-46.1628,-23.9444],[-46.1624,-23.9444],[-46.162,-23.9448],[-46.1616,-23.9448],[-46.1612,-23.9448],[-46.1612,-23.9452],[-46.1608,-23.9452],[-46.1604,-23.9452],[-46.1604,-23.9456],[-46.1608,-23.9456],[-46.1612,-23.9456],[-46.1616,-23.9456],[-46.162,-23.9456],[-46.1624,-23.9456],[-46.1628,-23.9456],[-46.1632,-23.9456],[-46.1636,-23.9456],[-46.164,-23.9456],[-46.1648,-23.9456],[-46.1652,-23.9456],[-46.166,-23.946],[-46.1664,-23.946],[-46.1668,-23.946],[-46.1668,-23.9464],[-46.1672,-23.9464],[-46.1676,-23.9468],[-46.1676,-23.9472],[-46.168,-23.9476],[-46.168,-23.948],[-46.168,-23.9484],[-46.168,-23.9488],[-46.1684,-23.9488],[-46.1684,-23.9492],[-46.1688,-23.9492],[-46.1688,-23.9496],[-46.1692,-23.95],[-46.1696,-23.95],[-46.1696,-23.9504],[-46.1696,-23.9508],[-46.17,-23.9512],[-46.1704,-23.9512],[-46.1704,-23.9516],[-46.1704,-23.952],[-46.1708,-23.9524],[-46.1712,-23.9532],[-46.1712,-23.9536],[-46.1716,-23.954],[-46.1716,-23.9548],[-46.172,-23.956],[-46.1724,-23.956],[-46.1724,-23.9564],[-46.1724,-23.9568],[-46.1724,-23.9572],[-46.1728,-23.9572],[-46.1728,-23.9576],[-46.1732,-23.9576],[-46.1736,-23.958],[-46.174,-23.958],[-46.1744,-23.9584],[-46.1752,-23.9588],[-46.1756,-23.9592],[-46.176,-23.9592],[-46.1768,-23.9596],[-46.178,-23.96],[-46.1784,-23.9604],[-46.1788,-23.9604],[-46.1792,-23.9604],[-46.1796,-23.9604],[-46.18,-23.9604],[-46.1804,-23.9608],[-46.1812,-23.9608],[-46.1816,-23.9608],[-46.182,-23.9608],[-46.182,-23.9612],[-46.1824,-23.9612],[-46.1828,-23.9616],[-46.1832,-23.962],[-46.1836,-23.962],[-46.1836,-23.9628],[-46.184,-23.9632],[-46.1844,-23.9636],[-46.1844,-23.964],[-46.1848,-23.9644],[-46.1848,-23.9648],[-46.1848,-23.9652],[-46.1848,-23.9656],[-46.1852,-23.966],[-46.1852,-23.9668],[-46.1852,-23.9672],[-46.1852,-23.9676],[-46.1856,-23.968],[-46.1856,-23.9684],[-46.1852,-23.9688],[-46.1852,-23.9692],[-46.1852,-23.9696],[-46.1848,-23.9704],[-46.1848,-23.9708],[-46.1848,-23.9712],[-46.1852,-23.9716],[-46.1856,-23.9716],[-46.186,-23.9716],[-46.1864,-23.972],[-46.1868,-23.972],[-46.1872,-23.9724],[-46.1872,-23.9728],[-46.1876,-23.9728],[-46.1876,-23.9732],[-46.1872,-23.9732],[-46.1868,-23.9732],[-46.1868,-23.9736],[-46.1864,-23.9736],[-46.1864,-23.974],[-46.1864,-23.9744],[-46.186,-23.9744],[-46.186,-23.9748],[-46.1864,-23.9748],[-46.1864,-23.9752],[-46.1864,-23.9756],[-46.1868,-23.9756],[-46.1868,-23.976],[-46.1872,-23.976],[-46.1872,-23.9764],[-46.1872,-23.9768],[-46.1872,-23.9772],[-46.1872,-23.9776],[-46.1868,-23.978],[-46.1864,-23.978],[-46.186,-23.978],[-46.1856,-23.978],[-46.1852,-23.978],[-46.1848,-23.978],[-46.1848,-23.9784],[-46.1852,-23.9784],[-46.1852,-23.9788],[-46.1856,-23.9792],[-46.1856,-23.9796],[-46.1856,-23.98],[-46.186,-23.9804],[-46.1864,-23.9812],[-46.1864,-23.9816],[-46.1868,-23.9816],[-46.1868,-23.982],[-46.1868,-23.9824],[-46.1868,-23.9828],[-46.1864,-23.9828],[-46.186,-23.9828],[-46.1856,-23.9828],[-46.1852,-23.9824],[-46.1848,-23.9824],[-46.1844,-23.9824],[-46.1844,-23.9828],[-46.1848,-23.9832],[-46.1856,-23.9832],[-46.1856,-23.9836],[-46.186,-23.9836],[-46.1864,-23.984],[-46.1864,-23.9844],[-46.1868,-23.9848],[-46.1864,-23.9852],[-46.186,-23.9852],[-46.186,-23.9856],[-46.1864,-23.9856],[-46.1864,-23.986],[-46.1864,-23.9864],[-46.1864,-23.9868],[-46.1864,-23.9872],[-46.186,-23.9872],[-46.1856,-23.9872],[-46.1852,-23.9872],[-46.1848,-23.9872],[-46.1844,-23.9872],[-46.1844,-23.988],[-46.1844,-23.9884],[-46.184,-23.9884],[-46.1836,-23.9884],[-46.1836,-23.9888],[-46.1832,-23.9888],[-46.1824,-23.9888],[-46.182,-23.9888],[-46.1816,-23.9888],[-46.182,-23.9892],[-46.182,-23.9896],[-46.182,-23.99],[-46.182,-23.9904],[-46.1824,-23.9908],[-46.1828,-23.9912],[-46.1832,-23.9912],[-46.1836,-23.9912],[-46.184,-23.9916],[-46.1844,-23.9916],[-46.1848,-23.9916],[-46.1852,-23.9916],[-46.1856,-23.9916],[-46.186,-23.9916],[-46.1864,-23.9916],[-46.1864,-23.9912],[-46.1868,-23.9912],[-46.1872,-23.9908],[-46.1872,-23.9904],[-46.1876,-23.9904],[-46.1876,-23.99],[-46.188,-23.99],[-46.1884,-23.99],[-46.1892,-23.99],[-46.1892,-23.9896],[-46.1896,-23.9896],[-46.19,-23.9896],[-46.1904,-23.9896],[-46.1908,-23.9896],[-46.1912,-23.9896],[-46.1916,-23.99],[-46.192,-23.99],[-46.1924,-23.9904],[-46.1928,-23.9908],[-46.1928,-23.9912],[-46.1932,-23.9916],[-46.194,-23.992],[-46.1952,-23.9928],[-46.1956,-23.9928],[-46.1956,-23.9932],[-46.1956,-23.9936],[-46.196,-23.994],[-46.1964,-23.994],[-46.1968,-23.994],[-46.1972,-23.9944],[-46.1976,-23.9944],[-46.198,-23.9944],[-46.1984,-23.9944],[-46.1988,-23.9944],[-46.1992,-23.9944],[-46.1992,-23.9948],[-46.1996,-23.9948],[-46.2,-23.9948],[-46.2004,-23.9948],[-46.2008,-23.9952],[-46.2008,-23.9956],[-46.2008,-23.996],[-46.2012,-23.996],[-46.2012,-23.9964],[-46.2008,-23.9964],[-46.2008,-23.9968],[-46.2004,-23.9972],[-46.2,-23.9972],[-46.2,-23.9976],[-46.2004,-23.998],[-46.2004,-23.9984],[-46.2004,-23.9988],[-46.2008,-23.9992],[-46.2012,-23.9996],[-46.2016,-24.0],[-46.202,-24.0],[-46.2024,-24.0004],[-46.2028,-24.0004],[-46.2036,-24.0004],[-46.204,-24.0004],[-46.204,-24.0],[-46.2044,-24.0],[-46.2048,-24.0],[-46.2052,-24.0],[-46.2056,-24.0],[-46.206,-24.0],[-46.2064,-24.0],[-46.2068,-24.0],[-46.2068,-23.9996],[-46.2072,-23.9996],[-46.2072,-23.9992],[-46.2076,-23.9992],[-46.2076,-23.9988],[-46.2076,-23.9984],[-46.2076,-23.998],[-46.2072,-23.9976],[-46.2068,-23.9972],[-46.2064,-23.9968],[-46.206,-23.9968],[-46.206,-23.9964],[-46.206,-23.996],[-46.2056,-23.996],[-46.2056,-23.9956],[-46.2052,-23.9956],[-46.2052,-23.9952],[-46.2048,-23.9952],[-46.2044,-23.9948],[-46.204,-23.9944],[-46.2036,-23.9944],[-46.2028,-23.994],[-46.2024,-23.994],[-46.2024,-23.9936],[-46.2024,-23.9928],[-46.2024,-23.9924],[-46.2028,-23.992],[-46.2028,-23.9916],[-46.2032,-23.9912],[-46.2032,-23.9908],[-46.2036,-23.9904],[-46.204,-23.99],[-46.204,-23.9896],[-46.2044,-23.9896],[-46.2048,-23.9892],[-46.2052,-23.9888],[-46.2056,-23.9884],[-46.206,-23.988],[-46.2064,-23.9876],[-46.2072,-23.9872],[-46.2076,-23.9872],[-46.208,-23.9868],[-46.2088,-23.9868],[-46.2096,-23.9864],[-46.21,-23.9864],[-46.2108,-23.986],[-46.2112,-23.986],[-46.2116,-23.986],[-46.212,-23.986],[-46.2128,-23.9856],[-46.2132,-23.9856],[-46.2136,-23.9856],[-46.214,-23.9856],[-46.2148,-23.9856],[-46.2156,-23.9856],[-46.216,-23.9856],[-46.2164,-23.9856],[-46.2168,-23.9856],[-46.2172,-23.9856],[-46.2176,-23.9856],[-46.218,-23.9856],[-46.2184,-23.9856],[-46.2188,-23.9856],[-46.2192,-23.986],[-46.2196,-23.986],[-46.22,-23.986],[-46.2204,-23.986],[-46.2208,-23.986],[-46.2212,-23.9864],[-46.2216,-23.9864],[-46.222,-23.9864],[-46.2232,-23.9868],[-46.224,-23.9868],[-46.2248,-23.9872],[-46.2252,-23.9872],[-46.2256,-23.9876],[-46.2264,-23.9876],[-46.2272,-23.9876],[-46.2284,-23.988],[-46.2288,-23.988],[-46.2292,-23.988],[-46.2304,-23.9884],[-46.2312,-23.9884],[-46.2316,-23.9884],[-46.232,-23.9884],[-46.2324,-23.9888],[-46.2332,-23.9888],[-46.2336,-23.9888],[-46.2348,-23.9892],[-46.2356,-23.9892],[-46.2364,-23.9892],[-46.2368,-23.9896],[-46.2372,-23.9896],[-46.238,-23.9896],[-46.2384,-23.99],[-46.2388,-23.99],[-46.2392,-23.99],[-46.24,-23.9904],[-46.2404,-23.9904],[-46.2416,-23.9908],[-46.2424,-23.9912],[-46.2428,-23.9912],[-46.2436,-23.9916],[-46.2444,-23.9916],[-46.2448,-23.9916],[-46.2456,-23.992],[-46.246,-23.9924],[-46.2468,-23.9928],[-46.2476,-23.9932],[-46.248,-23.9932],[-46.248,-23.9936],[-46.2476,-23.994],[-46.248,-23.9944],[-46.248,-23.9948],[-46.2476,-23.9952],[-46.248,-23.9952],[-46.2484,-23.9956],[-46.2488,-23.9956],[-46.2492,-23.996],[-46.2492,-23.9948],[-46.2492,-23.9944],[-46.25,-23.9936],[-46.25,-23.9932],[-46.2504,-23.9928],[-46.2504,-23.992],[-46.2504,-23.9916],[-46.2504,-23.9908],[-46.2504,-23.9904],[-46.2504,-23.99],[-46.2504,-23.9892],[-46.2504,-23.9888],[-46.2504,-23.9884],[-46.2504,-23.988],[-46.2504,-23.9876],[-46.2512,-23.9872],[-46.2512,-23.9868],[-46.2516,-23.9868],[-46.2524,-23.9864],[-46.2532,-23.986],[-46.2536,-23.9852],[-46.2536,-23.9848],[-46.254,-23.9848],[-46.2544,-23.9844],[-46.2548,-23.984],[-46.2548,-23.9836],[-46.2552,-23.9832],[-46.2556,-23.9828],[-46.2552,-23.9828],[-46.2552,-23.9824],[-46.2544,-23.9824],[-46.2544,-23.982],[-46.254,-23.982],[-46.254,-23.9816],[-46.2528,-23.9816],[-46.2528,-23.9812],[-46.2524,-23.9812],[-46.2512,-23.9792],[-46.2512,-23.978],[-46.2504,-23.976],[-46.25,-23.9756],[-46.2496,-23.9752],[-46.2484,-23.9748],[-46.2468,-23.9748],[-46.246,-23.9748],[-46.246,-23.9744],[-46.2456,-23.9744],[-46.2452,-23.9744],[-46.2452,-23.974],[-46.2444,-23.974],[-46.2444,-23.9736],[-46.244,-23.9736],[-46.244,-23.9732],[-46.2436,-23.9732],[-46.2432,-23.9732],[-46.2432,-23.9724],[-46.2432,-23.972],[-46.2428,-23.972],[-46.2428,-23.9716],[-46.2424,-23.9716],[-46.2424,-23.9712],[-46.242,-23.9712],[-46.2412,-23.9712],[-46.2412,-23.9708],[-46.2408,-23.9708],[-46.2408,-23.9704],[-46.2384,-23.9704],[-46.2384,-23.9708],[-46.238,-23.9708],[-46.238,-23.9712],[-46.2372,-23.9712],[-46.2372,-23.9708],[-46.2368,-23.9708],[-46.2368,-23.9704],[-46.2364,-23.9704],[-46.236,-23.9704],[-46.236,-23.97],[-46.2356,-23.97],[-46.2356,-23.9696],[-46.2352,-23.9696],[-46.2352,-23.9692],[-46.2348,-23.9692],[-46.2348,-23.9688],[-46.2344,-23.9688],[-46.2344,-23.9684],[-46.2344,-23.968],[-46.234,-23.968],[-46.234,-23.9676],[-46.2336,-23.9676],[-46.2336,-23.9672],[-46.2332,-23.9672],[-46.2324,-23.9672],[-46.2324,-23.9668],[-46.232,-23.9668],[-46.232,-23.9664],[-46.2312,-23.9664],[-46.2312,-23.966],[-46.2308,-23.966],[-46.2308,-23.9656],[-46.2304,-23.9656],[-46.2304,-23.9652],[-46.2296,-23.9652],[-46.2292,-23.9652],[-46.2292,-23.9648],[-46.2288,-23.9648],[-46.2288,-23.9644],[-46.2284,-23.9644],[-46.228,-23.9644],[-46.228,-23.964],[-46.2276,-23.964],[-46.2276,-23.9636],[-46.2272,-23.9636],[-46.2272,-23.9632],[-46.2268,-23.9632],[-46.2268,-23.9628],[-46.2264,-23.9628],[-46.2264,-23.9624],[-46.226,-23.9624],[-46.226,-23.962],[-46.2256,-23.962],[-46.2256,-23.9616],[-46.2252,-23.9616],[-46.2252,-23.9612],[-46.2248,-23.9612],[-46.2244,-23.9612],[-46.2244,-23.9604],[-46.2228,-23.9604],[-46.2228,-23.96],[-46.2224,-23.96],[-46.2224,-23.9596],[-46.2224,-23.9592],[-46.222,-23.9592],[-46.222,-23.9588],[-46.2216,-23.9588],[-46.2216,-23.9584],[-46.2212,-23.9584],[-46.2208,-23.9584],[-46.2208,-23.958],[-46.2204,-23.958],[-46.2204,-23.9576],[-46.22,-23.9576],[-46.2196,-23.9576],[-46.2196,-23.9572],[-46.2192,-23.9572],[-46.2192,-23.9568],[-46.2192,-23.956],[-46.2188,-23.956],[-46.2188,-23.9556],[-46.2192,-23.9556],[-46.2192,-23.9552],[-46.2192,-23.9524],[-46.2196,-23.9524],[-46.2196,-23.9516],[-46.22,-23.9516],[-46.2204,-23.9516],[-46.2204,-23.9512],[-46.2204,-23.9508],[-46.2208,-23.9508],[-46.2208,-23.9504],[-46.2212,-23.9504],[-46.2212,-23.9496],[-46.2208,-23.9496],[-46.2204,-23.9496],[-46.2204,-23.9492],[-46.2204,-23.9488],[-46.22,-23.9488],[-46.22,-23.9484],[-46.2196,-23.9484],[-46.2192,-23.9484],[-46.2192,-23.948],[-46.2192,-23.9476],[-46.2188,-23.9476],[-46.2184,-23.9476],[-46.2184,-23.9472],[-46.218,-23.9472],[-46.218,-23.9468],[-46.2172,-23.9468],[-46.2172,-23.9464],[-46.2168,-23.9464],[-46.2164,-23.9464],[-46.2164,-23.946],[-46.2156,-23.946],[-46.2156,-23.9456],[-46.2152,-23.9456],[-46.2152,-23.9452],[-46.2152,-23.9444],[-46.2148,-23.9444],[-46.2148,-23.9436],[-46.2144,-23.9436],[-46.2144,-23.9432],[-46.2144,-23.9428],[-46.214,-23.9428],[-46.214,-23.9424],[-46.2136,-23.9424],[-46.2132,-23.9424],[-46.2132,-23.9416],[-46.2128,-23.9416],[-46.2128,-23.9412],[-46.2124,-23.9412],[-46.2124,-23.9404],[-46.212,-23.9404],[-46.212,-23.94],[-46.2116,-23.94],[-46.2116,-23.9396],[-46.2112,-23.9396],[-46.2112,-23.9392],[-46.2112,-23.9388],[-46.2104,-23.9388],[-46.2104,-23.9384],[-46.21,-23.9384],[-46.21,-23.938],[-46.2092,-23.938],[-46.2092,-23.9376],[-46.2084,-23.9376],[-46.2084,-23.9372],[-46.2084,-23.9368],[-46.2076,-23.9368],[-46.2076,-23.9364],[-46.2072,-23.9364],[-46.2064,-23.9364],[-46.2064,-23.9356],[-46.2064,-23.9348],[-46.206,-23.9348],[-46.206,-23.9344],[-46.2056,-23.9344],[-46.2052,-23.9344],[-46.2052,-23.934],[-46.2052,-23.9336],[-46.2048,-23.9336],[-46.2044,-23.9336],[-46.2044,-23.9328],[-46.2044,-23.9324],[-46.2036,-23.9324],[-46.2036,-23.9308],[-46.2032,-23.9308],[-46.2032,-23.93],[-46.2032,-23.9296],[-46.2028,-23.9296],[-46.2024,-23.9296],[-46.2024,-23.9292],[-46.2024,-23.9288],[-46.202,-23.9288],[-46.202,-23.9284],[-46.2016,-23.9284],[-46.2016,-23.9268],[-46.2012,-23.9268],[-46.2012,-23.9264],[-46.2008,-23.9264],[-46.2008,-23.926],[-46.2004,-23.926],[-46.2004,-23.9256],[-46.1996,-23.9256],[-46.1992,-23.9256],[-46.1992,-23.9252],[-46.1988,-23.9252],[-46.1988,-23.9248],[-46.1984,-23.9248],[-46.1984,-23.9244],[-46.1984,-23.9216],[-46.198,-23.9216],[-46.1976,-23.9216],[-46.1976,-23.9212],[-46.1972,-23.9212],[-46.1972,-23.9208],[-46.1968,-23.9208],[-46.1964,-23.9208],[-46.1964,-23.9204],[-46.196,-23.9204],[-46.196,-23.92],[-46.1956,-23.92],[-46.1956,-23.9196],[-46.1952,-23.9196],[-46.1944,-23.9196],[-46.1944,-23.9192],[-46.1936,-23.9192],[-46.1936,-23.9188],[-46.1924,-23.9188],[-46.1916,-23.9188],[-46.1916,-23.9184],[-46.1912,-23.9184],[-46.1912,-23.9176],[-46.1908,-23.9176],[-46.1908,-23.9168],[-46.1904,-23.9168],[-46.1904,-23.9164],[-46.1896,-23.9164],[-46.1896,-23.916],[-46.1888,-23.916],[-46.1888,-23.9156],[-46.1884,-23.9156],[-46.1884,-23.9152],[-46.188,-23.9152],[-46.188,-23.9148],[-46.1876,-23.9148],[-46.1876,-23.9144],[-46.1872,-23.9144],[-46.1872,-23.9128],[-46.1868,-23.9128],[-46.1868,-23.9116],[-46.1864,-23.9116],[-46.1864,-23.9112],[-46.186,-23.9112],[-46.186,-23.9108],[-46.1856,-23.9108],[-46.1856,-23.9104],[-46.1844,-23.9104]]]}},{"type":"Feature","properties":{"dsubbc":"oceano","nome":"Drenagem direta ao oceano"},"geometry":{"type":"Polygon","coordinates":[[[-46.2216,-23.9104],[-46.2208,-23.9104],[-46.22,-23.9108],[-46.2188,-23.9108],[-46.2176,-23.9116],[-46.2172,-23.912],[-46.2184,-23.914],[-46.2184,-23.9148],[-46.2188,-23.9156],[-46.2192,-23.9168],[-46.2196,-23.9184],[-46.22,-23.9192],[-46.22,-23.9204],[-46.2204,-23.9216],[-46.2204,-23.922],[-46.2208,-23.9232],[-46.2212,-23.924],[-46.2216,-23.9252],[-46.2216,-23.9264],[-46.222,-23.9276],[-46.222,-23.9284],[-46.222,-23.9296],[-46.222,-23.9304],[-46.2216,-23.9308],[-46.2208,-23.9316],[-46.2204,-23.9324],[-46.2196,-23.9332],[-46.2192,-23.934],[-46.2188,-23.9348],[-46.2188,-23.9364],[-46.2184,-23.938],[-46.2188,-23.9388],[-46.2192,-23.9388],[-46.22,-23.9388],[-46.2208,-23.9388],[-46.2212,-23.9384],[-46.2212,-23.938],[-46.2216,-23.9376],[-46.222,-23.9356],[-46.2228,-23.934],[-46.2232,-23.9324],[-46.2236,-23.9304],[-46.2248,-23.9292],[-46.2252,-23.928],[-46.226,-23.9264],[-46.2264,-23.9256],[-46.2264,-23.924],[-46.2268,-23.9224],[-46.2264,-23.9212],[-46.2264,-23.92],[-46.2264,-23.9188],[-46.226,-23.9176],[-46.226,-23.9164],[-46.2256,-23.9148],[-46.2244,-23.9128],[-46.2236,-23.912],[-46.2232,-23.9108],[-46.2228,-23.9096],[-46.2224,-23.91],[-46.2216,-23.9104]]]}},{"type":"Feature","properties":{"dsubbc":"rio cubatao","nome":"Rio Cubatão"},"geometry":{"type":"Polygon","coordinates":[[[-46.4808,-23.9224],[-46.4808,-23.922],[-46.4812,-23.922],[-46.4812,-23.92],[-46.4816,-23.92],[-46.4816,-23.9196],[-46.482,-23.9196],[-46.482,-23.9172],[-46.4824,-23.9172],[-46.4824,-23.9168],[-46.4828,-23.9168],[-46.4828,-23.9164],[-46.4828,-23.916],[-46.4832,-23.916],[-46.4832,-23.9156],[-46.4836,-23.9156],[-46.484,-23.9152],[-46.4844,-23.9148],[-46.4848,-23.9144],[-46.4852,-23.9144],[-46.4856,-23.914],[-46.4856,-23.9136],[-46.486,-23.9132],[-46.4864,-23.9128],[-46.4868,-23.9124],[-46.4872,-23.912],[-46.4872,-23.9116],[-46.4876,-23.9108],[-46.4872,-23.9108],[-46.4868,-23.9108],[-46.4864,-23.9108],[-46.486,-23.9108],[-46.4852,-23.9108],[-46.4848,-23.9108],[-46.4844,-23.9108],[-46.484,-23.9108],[-46.484,-23.9104],[-46.4836,-23.9104],[-46.4836,-23.91],[-46.4832,-23.9096],[-46.4828,-23.91],[-46.4828,-23.9104],[-46.4824,-23.9104],[-46.4824,-23.9108],[-46.4824,-23.9112],[-46.482,-23.9116],[-46.4816,-23.912],[-46.4816,-23.9124],[-46.4816,-23.9128],[-46.4812,-23.9128],[-46.4812,-23.9136],[-46.4812,-23.914],[-46.4808,-23.914],[-46.4808,-23.9204],[-46.4808,-23.9224]]]}},{"type":"Feature","properties":{"dsubbc":"rio cubatao","nome":"Rio Cubatão"},"geometry":{"type":"Polygon","coordinates":[[[-46.4892,-23.9112],[-46.4892,-23.9116],[-46.4896,-23.9116],[-46.4896,-23.912],[-46.49,-23.912],[-46.4904,-23.9128],[-46.4908,-23.9128],[-46.4908,-23.9132],[-46.4912,-23.9132],[-46.4912,-23.9136],[-46.4916,-23.9136],[-46.492,-23.9136],[-46.4924,-23.914],[-46.4928,-23.914],[-46.4932,-23.914],[-46.4936,-23.914],[-46.4944,-23.914],[-46.4948,-23.9144],[-46.4956,-23.9148],[-46.496,-23.9148],[-46.4964,-23.9152],[-46.4968,-23.9148],[-46.4972,-23.9144],[-46.4976,-23.914],[-46.498,-23.9136],[-46.4984,-23.9136],[-46.4988,-23.9132],[-46.4988,-23.9128],[-46.4992,-23.9128],[-46.4992,-23.9124],[-46.4996,-23.9124],[-46.4996,-23.912],[-46.4996,-23.9116],[-46.5,-23.9116],[-46.5004,-23.9116],[-46.5004,-23.9112],[-46.5008,-23.9112],[-46.5008,-23.9108],[-46.5012,-23.9108],[-46.5012,-23.9104],[-46.5016,-23.9104],[-46.5016,-23.91],[-46.5016,-23.9096],[-46.502,-23.9096],[-46.5024,-23.9096],[-46.5024,-23.9092],[-46.5028,-23.9092],[-46.5028,-23.9088],[-46.5028,-23.908],[-46.5032,-23.908],[-46.5032,-23.9076],[-46.5028,-23.9076],[-46.5028,-23.908],[-46.5024,-23.908],[-46.5024,-23.9084],[-46.5016,-23.9084],[-46.5016,-23.9088],[-46.5008,-23.9088],[-46.5,-23.9088],[-46.4996,-23.9088],[-46.4996,-23.9092],[-46.4988,-23.9092],[-46.4988,-23.9096],[-46.498,-23.9096],[-46.498,-23.91],[-46.4976,-23.91],[-46.4976,-23.9104],[-46.4936,-23.9104],[-46.4936,-23.9108],[-46.4928,-23.9108],[-46.492,-23.9108],[-46.4916,-23.9112],[-46.4908,-23.9112],[-46.49,-23.9112],[-46.4896,-23.9112],[-46.4892,-23.9112]]]}},{"type":"Feature","properties":{"dsubbc":"rio cubatao","nome":"Rio Cubatão"},"geometry":{"type":"Polygon","coordinates":[[[-46.4752,-23.9136],[-46.4752,-23.9152],[-46.4756,-23.9152],[-46.4756,-23.9156],[-46.476,-23.9156],[-46.476,-23.916],[-46.4764,-23.916],[-46.4764,-23.9164],[-46.4768,-23.9164],[-46.4768,-23.9168],[-46.4768,-23.9172],[-46.4772,-23.9172],[-46.4772,-23.9176],[-46.4776,-23.9176],[-46.4776,-23.9188],[-46.478,-23.9188],[-46.478,-23.9192],[-46.4784,-23.9192],[-46.4784,-23.9196],[-46.4788,-23.9196],[-46.4788,-23.92],[-46.4792,-23.92],[-46.4792,-23.9204],[-46.4796,-23.9204],[-46.4796,-23.9208],[-46.4796,-23.922],[-46.48,-23.922],[-46.48,-23.9228],[-46.4804,-23.9228],[-46.4808,-23.9228],[-46.4808,-23.9224],[-46.4808,-23.9204],[-46.4808,-23.914],[-46.4812,-23.914],[-46.4812,-23.9136],[-46.4812,-23.9128],[-46.4816,-23.9128],[-46.4816,-23.9124],[-46.4816,-23.912],[-46.482,-23.9116],[-46.4824,-23.9112],[-46.4824,-23.9108],[-46.4824,-23.9104],[-46.4828,-23.9104],[-46.4828,-23.91],[-46.4832,-23.9096],[-46.4828,-23.9096],[-46.4828,-23.9092],[-46.4824,-23.9088],[-46.482,-23.9084],[-46.4816,-23.9076],[-46.4812,-23.9072],[-46.4808,-23.9064],[-46.4804,-23.906],[-46.48,-23.9056],[-46.4796,-23.9056],[-46.4792,-23.9052],[-46.4788,-23.9048],[-46.4788,-23.9056],[-46.4784,-23.9068],[-46.4784,-23.9076],[-46.478,-23.908],[-46.4776,-23.9088],[-46.4776,-23.9096],[-46.4772,-23.91],[-46.4768,-23.9104],[-46.4768,-23.9112],[-46.4768,-23.9116],[-46.4768,-23.9124],[-46.4768,-23.9128],[-46.4764,-23.9128],[-46.476,-23.9128],[-46.476,-23.9132],[-46.4756,-23.9132],[-46.4756,-23.9136],[-46.4752,-23.9136]]]}},{"type":"Feature","properties":{"dsubbc":"rio cubatao","nome":"Rio Cubatão"},"geometry":{"type":"Polygon","coordinates":[[[-46.5032,-23.9076],[-46.5032,-23.908],[-46.5028,-23.908],[-46.5028,-23.9088],[-46.5028,-23.9092],[-46.5024,-23.9092],[-46.5024,-23.9096],[-46.502,-23.9096],[-46.5016,-23.9096],[-46.5016,-23.91],[-46.5016,-23.9104],[-46.5012,-23.9104],[-46.5012,-23.9108],[-46.5008,-23.9108],[-46.5008,-23.9112],[-46.5004,-23.9112],[-46.5004,-23.9116],[-46.5,-23.9116],[-46.4996,-23.9116],[-46.4996,-23.912],[-46.4996,-23.9124],[-46.4992,-23.9124],[-46.4992,-23.9128],[-46.4988,-23.9128],[-46.4988,-23.9132],[-46.4984,-23.9136],[-46.498,-23.9136],[-46.4976,-23.914],[-46.4972,-23.9144],[-46.4968,-23.9148],[-46.4964,-23.9152],[-46.4968,-23.9152],[-46.4972,-23.9156],[-46.498,-23.916],[-46.498,-23.9164],[-46.4988,-23.916],[-46.4992,-23.9156],[-46.4996,-23.9156],[-46.5,-23.9152],[-46.5008,-23.9152],[-46.5008,-23.9148],[-46.5012,-23.9148],[-46.5016,-23.9148],[-46.5016,-23.9144],[-46.5016,-23.914],[-46.502,-23.914],[-46.502,-23.9136],[-46.5028,-23.9136],[-46.5036,-23.9136],[-46.5036,-23.9132],[-46.5048,-23.9132],[-46.5048,-23.9128],[-46.5052,-23.9128],[-46.5052,-23.9124],[-46.5056,-23.9124],[-46.5056,-23.9116],[-46.5056,-23.9108],[-46.506,-23.9108],[-46.5064,-23.9108],[-46.5064,-23.9104],[-46.5068,-23.9104],[-46.5068,-23.91],[-46.5068,-23.9096],[-46.5072,-23.9096],[-46.5072,-23.9088],[-46.5076,-23.9088],[-46.5076,-23.9084],[-46.5076,-23.908],[-46.508,-23.908],[-46.508,-23.9068],[-46.5084,-23.9068],[-46.5084,-23.906],[-46.5088,-23.906],[-46.5088,-23.9056],[-46.5088,-23.9052],[-46.5092,-23.9052],[-46.5092,-23.9048],[-46.5096,-23.9048],[-46.5096,-23.9044],[-46.508,-23.9044],[-46.508,-23.9048],[-46.5072,-23.9048],[-46.5068,-23.9048],[-46.5056,-23.9048],[-46.5056,-23.9052],[-46.5052,-23.9052],[-46.5052,-23.9056],[-46.5048,-23.9056],[-46.5048,-23.906],[-46.5044,-23.906],[-46.5044,-23.9064],[-46.504,-23.9064],[-46.504,-23.9068],[-46.5036,-23.9068],[-46.5036,-23.9072],[-46.5032,-23.9072],[-46.5032,-23.9076]]]}},{"type":"Feature","properties":{"dsubbc":"rio cubatao","nome":"Rio Cubatão"},"geometry":{"type":"Polygon","coordinates":[[[-46.5096,-23.9044],[-46.5096,-23.9048],[-46.5092,-23.9048],[-46.5092,-23.9052],[-46.5088,-23.9052],[-46.5088,-23.9056],[-46.5088,-23.906],[-46.5084,-23.906],[-46.5084,-23.9068],[-46.508,-23.9068],[-46.508,-23.908],[-46.5076,-23.908],[-46.5076,-23.9084],[-46.5076,-23.9088],[-46.5072,-23.9088],[-46.5072,-23.9096],[-46.5068,-23.9096],[-46.5068,-23.91],[-46.5068,-23.9104],[-46.5064,-23.9104],[-46.5064,-23.9108],[-46.506,-23.9108],[-46.5056,-23.9108],[-46.5056,-23.9116],[-46.5056,-23.9124],[-46.5052,-23.9124],[-46.5052,-23.9128],[-46.5048,-23.9128],[-46.5048,-23.9132],[-46.5036,-23.9132],[-46.5036,-23.9136],[-46.5028,-23.9136],[-46.502,-23.9136],[-46.502,-23.914],[-46.5016,-23.914],[-46.5016,-23.9144],[-46.5016,-23.9148],[-46.5012,-23.9148],[-46.5008,-23.9148],[-46.5008,-23.9152],[-46.5,-23.9152],[-46.4996,-23.9156],[-46.4992,-23.9156],[-46.4988,-23.916],[-46.498,-23.9164],[-46.4984,-23.9164],[-46.4988,-23.9168],[-46.4992,-23.9172],[-46.4996,-23.9176],[-46.5,-23.9184],[-46.5,-23.918],[-46.5008,-23.9176],[-46.5012,-23.9172],[-46.5016,-23.9168],[-46.5016,-23.9172],[-46.5016,-23.9168],[-46.5024,-23.9168],[-46.5024,-23.9164],[-46.5028,-23.9164],[-46.5028,-23.916],[-46.5036,-23.916],[-46.5036,-23.9156],[-46.5044,-23.9156],[-46.5048,-23.9156],[-46.5048,-23.9152],[-46.5052,-23.9152],[-46.5052,-23.9148],[-46.5056,-23.9148],[-46.506,-23.9144],[-46.506,-23.9136],[-46.5064,-23.9128],[-46.5064,-23.9124],[-46.5068,-23.912],[-46.5068,-23.9116],[-46.5072,-23.9112],[-46.5076,-23.9108],[-46.5076,-23.9104],[-46.508,-23.9104],[-46.5084,-23.91],[-46.5084,-23.9096],[-46.5088,-23.9092],[-46.5088,-23.9088],[-46.5092,-23.9084],[-46.5092,-23.908],[-46.5096,-23.9072],[-46.5096,-23.9068],[-46.51,-23.9068],[-46.51,-23.9064],[-46.51,-23.906],[-46.5104,-23.906],[-46.5108,-23.9056],[-46.5108,-23.9052],[-46.5112,-23.9048],[-46.5112,-23.9044],[-46.5096,-23.9044]]]}},{"type":"Feature","properties":{"dsubbc":"oceano","nome":"Drenagem direta ao oceano"},"geometry":{"type":"Polygon","coordinates":[[[-46.172,-23.9044],[-46.172,-23.9048],[-46.1716,-23.9048],[-46.1716,-23.9052],[-46.1716,-23.9056],[-46.1712,-23.9056],[-46.1712,-23.906],[-46.1708,-23.906],[-46.1708,-23.9064],[-46.1704,-23.9064],[-46.1704,-23.9068],[-46.1704,-23.9072],[-46.17,-23.9072],[-46.17,-23.9076],[-46.1696,-23.9076],[-46.1696,-23.908],[-46.1696,-23.9088],[-46.1692,-23.9088],[-46.1692,-23.91],[-46.1688,-23.91],[-46.1688,-23.9104],[-46.1684,-23.9104],[-46.1684,-23.9108],[-46.1724,-23.9108],[-46.1724,-23.9112],[-46.1728,-23.9112],[-46.1728,-23.9116],[-46.1752,-23.9116],[-46.1756,-23.9116],[-46.1756,-23.912],[-46.1764,-23.912],[-46.1764,-23.9124],[-46.1768,-23.9124],[-46.1768,-23.9128],[-46.1772,-23.9128],[-46.1776,-23.9128],[-46.1776,-23.9132],[-46.1796,-23.9132],[-46.1796,-23.9128],[-46.18,-23.9128],[-46.1804,-23.9128],[-46.1804,-23.912],[-46.1804,-23.9116],[-46.1808,-23.9116],[-46.1808,-23.9112],[-46.1812,-23.9112],[-46.1812,-23.9108],[-46.1808,-23.9108],[-46.1808,-23.91],[-46.1804,-23.91],[-46.1804,-23.9096],[-46.18,-23.9096],[-46.18,-23.908],[-46.1796,-23.908],[-46.1796,-23.9076],[-46.1792,-23.9076],[-46.1792,-23.9072],[-46.1768,-23.9072],[-46.1768,-23.9068],[-46.1764,-23.9068],[-46.1756,-23.9068],[-46.1756,-23.9064],[-46.1752,-23.9064],[-46.1752,-23.9056],[-46.1748,-23.9056],[-46.1748,-23.9048],[-46.1744,-23.9048],[-46.1744,-23.904],[-46.1724,-23.904],[-46.1724,-23.9044],[-46.172,-23.9044]]]}},{"type":"Feature","properties":{"dsubbc":"rio cubatao","nome":"Rio Cubatão"},"geometry":{"type":"Polygon","coordinates":[[[-46.4728,-23.9096],[-46.4728,-23.9104],[-46.4732,-23.9104],[-46.4732,-23.9108],[-46.4736,-23.9108],[-46.474,-23.9108],[-46.474,-23.9112],[-46.474,-23.9116],[-46.4744,-23.9116],[-46.4744,-23.912],[-46.4748,-23.912],[-46.4748,-23.9128],[-46.4748,-23.9132],[-46.4752,-23.9132],[-46.4752,-23.9136],[-46.4756,-23.9136],[-46.4756,-23.9132],[-46.476,-23.9132],[-46.476,-23.9128],[-46.4764,-23.9128],[-46.4768,-23.9128],[-46.4768,-23.9124],[-46.4768,-23.9116],[-46.4768,-23.9112],[-46.4768,-23.9104],[-46.4772,-23.91],[-46.4776,-23.9096],[-46.4776,-23.9088],[-46.478,-23.908],[-46.4784,-23.9076],[-46.4784,-23.9068],[-46.4788,-23.9056],[-46.4788,-23.9048],[-46.478,-23.9044],[-46.4776,-23.904],[-46.4772,-23.904],[-46.4768,-23.9036],[-46.4764,-23.9032],[-46.476,-23.904],[-46.476,-23.9044],[-46.4756,-23.9052],[-46.4752,-23.9056],[-46.4752,-23.9064],[-46.4748,-23.9068],[-46.4748,-23.9072],[-46.4744,-23.9076],[-46.4744,-23.908],[-46.474,-23.908],[-46.474,-23.9084],[-46.474,-23.9088],[-46.4736,-23.9088],[-46.4736,-23.9092],[-46.4732,-23.9092],[-46.4732,-23.9096],[-46.4728,-23.9096]]]}},{"type":"Feature","properties":{"dsubbc":"rio cubatao","nome":"Rio Cubatão"},"geometry":{"type":"Polygon","coordinates":[[[-46.5112,-23.9044],[-46.5112,-23.9048],[-46.5108,-23.9052],[-46.5108,-23.9056],[-46.5104,-23.906],[-46.51,-23.906],[-46.51,-23.9064],[-46.51,-23.9068],[-46.5096,-23.9068],[-46.5096,-23.9072],[-46.5092,-23.908],[-46.5092,-23.9084],[-46.5088,-23.9088],[-46.5088,-23.9092],[-46.5084,-23.9096],[-46.5084,-23.91],[-46.508,-23.9104],[-46.5076,-23.9104],[-46.5076,-23.9108],[-46.5072,-23.9112],[-46.5068,-23.9116],[-46.5068,-23.912],[-46.5064,-23.9124],[-46.5064,-23.9128],[-46.506,-23.9136],[-46.506,-23.9144],[-46.5056,-23.9148],[-46.5052,-23.9148],[-46.5052,-23.9152],[-46.5048,-23.9152],[-46.5048,-23.9156],[-46.5044,-23.9156],[-46.5036,-23.9156],[-46.5036,-23.916],[-46.5028,-23.916],[-46.5028,-23.9164],[-46.5024,-23.9164],[-46.5024,-23.9168],[-46.5016,-23.9168],[-46.5016,-23.9172],[-46.5016,-23.9168],[-46.5012,-23.9172],[-46.5008,-23.9176],[-46.5,-23.918],[-46.5,-23.9184],[-46.5,-23.9188],[-46.5,-23.9192],[-46.5004,-23.9196],[-46.5004,-23.92],[-46.5004,-23.9204],[-46.5004,-23.9208],[-46.5004,-23.9212],[-46.5008,-23.9212],[-46.5012,-23.9216],[-46.5016,-23.9216],[-46.5024,-23.9212],[-46.5028,-23.9212],[-46.5032,-23.9212],[-46.5036,-23.9212],[-46.5044,-23.9212],[-46.5052,-23.9212],[-46.5052,-23.9216],[-46.5064,-23.9212],[-46.5064,-23.9208],[-46.5072,-23.9208],[-46.5076,-23.9208],[-46.508,-23.9208],[-46.5092,-23.9204],[-46.5096,-23.92],[-46.51,-23.92],[-46.5104,-23.9196],[-46.5104,-23.9192],[-46.5108,-23.9192],[-46.5108,-23.9188],[-46.5112,-23.9188],[-46.5112,-23.9184],[-46.5116,-23.9184],[-46.5116,-23.918],[-46.5116,-23.9176],[-46.512,-23.9176],[-46.5124,-23.9176],[-46.5124,-23.9172],[-46.5128,-23.9172],[-46.5128,-23.9168],[-46.5132,-23.9168],[-46.5136,-23.9168],[-46.514,-23.9168],[-46.514,-23.9164],[-46.5144,-23.9164],[-46.5144,-23.916],[-46.5144,-23.9156],[-46.5148,-23.9156],[-46.5152,-23.9156],[-46.5152,-23.9152],[-46.5156,-23.9152],[-46.5156,-23.9148],[-46.516,-23.9148],[-46.516,-23.9144],[-46.5168,-23.9144],[-46.5168,-23.914],[-46.5176,-23.914],[-46.5176,-23.9136],[-46.518,-23.9136],[-46.5188,-23.9136],[-46.5188,-23.9132],[-46.5196,-23.9132],[-46.5196,-23.9128],[-46.5204,-23.9128],[-46.5208,-23.9128],[-46.5208,-23.9124],[-46.5212,-23.9124],[-46.5212,-23.912],[-46.5216,-23.912],[-46.5216,-23.9116],[-46.5224,-23.9116],[-46.5224,-23.912],[-46.5252,-23.912],[-46.5252,-23.9116],[-46.5256,-23.9116],[-46.5256,-23.9112],[-46.5264,-23.9112],[-46.5264,-23.9116],[-46.5268,-23.9116],[-46.5272,-23.9116],[-46.5272,-23.912],[-46.5276,-23.912],[-46.5276,-23.9128],[-46.528,-23.9128],[-46.5296,-23.9128],[-46.5296,-23.9124],[-46.53,-23.9124],[-46.53,-23.9108],[-46.5304,-23.9108],[-46.5304,-23.9104],[-46.53,-23.9104],[-46.53,-23.91],[-46.5296,-23.91],[-46.5296,-23.9096],[-46.5296,-23.9092],[-46.5268,-23.9092],[-46.5268,-23.9088],[-46.5264,-23.9088],[-46.5264,-23.908],[-46.5264,-23.9076],[-46.526,-23.9076],[-46.5256,-23.9076],[-46.5256,-23.9072],[-46.5256,-23.9068],[-46.5252,-23.9068],[-46.5252,-23.9064],[-46.5232,-23.9064],[-46.5232,-23.906],[-46.5228,-23.906],[-46.5228,-23.9056],[-46.5224,-23.9056],[-46.5224,-23.9052],[-46.5224,-23.9048],[-46.5216,-23.9048],[-46.5212,-23.9048],[-46.5212,-23.9044],[-46.5204,-23.9044],[-46.5204,-23.904],[-46.5204,-23.9036],[-46.52,-23.9036],[-46.5196,-23.9036],[-46.5196,-23.9032],[-46.5196,-23.9036],[-46.5188,-23.9036],[-46.5176,-23.9036],[-46.5172,-23.9036],[-46.5172,-23.904],[-46.5168,-23.904],[-46.5168,-23.9044],[-46.5164,-23.9044],[-46.5164,-23.9048],[-46.516,-23.9048],[-46.516,-23.9052],[-46.5156,-23.9052],[-46.5156,-23.9056],[-46.5152,-23.9056],[-46.5152,-23.9052],[-46.5144,-23.9052],[-46.5144,-23.9048],[-46.5136,-23.9048],[-46.5124,-23.9048],[-46.5124,-23.9044],[-46.512,-23.9044],[-46.512,-23.904],[-46.5116,-23.904],[-46.5116,-23.9044],[-46.5112,-23.9044]]]}},{"type":"Feature","properties":{"dsubbc":"rio cubatao","nome":"Rio Cubatão"},"geometry":{"type":"Polygon","coordinates":[[[-46.47,-23.9084],[-46.47,-23.9088],[-46.4704,-23.9088],[-46.4708,-23.9088],[-46.4708,-23.9092],[-46.4716,-23.9092],[-46.4716,-23.9096],[-46.4724,-23.9096],[-46.4728,-23.9096],[-46.4732,-23.9096],[-46.4732,-23.9092],[-46.4736,-23.9092],[-46.4736,-23.9088],[-46.474,-23.9088],[-46.474,-23.9084],[-46.474,-23.908],[-46.4744,-23.908],[-46.4744,-23.9076],[-46.4748,-23.9072],[-46.4748,-23.9068],[-46.4752,-23.9064],[-46.4752,-23.9056],[-46.4756,-23.9052],[-46.476,-23.9044],[-46.476,-23.904],[-46.4764,-23.9032],[-46.476,-23.9028],[-46.4756,-23.9024],[-46.4752,-23.9024],[-46.4748,-23.902],[-46.4744,-23.902],[-46.474,-23.9028],[-46.4728,-23.9036],[-46.472,-23.9044],[-46.472,-23.9052],[-46.4712,-23.9056],[-46.4708,-23.9064],[-46.4708,-23.9068],[-46.4704,-23.9072],[-46.47,-23.9076],[-46.47,-23.9084]]]}},{"type":"Feature","properties":{"dsubbc":"rio cubatao","nome":"Rio Cubatão"},"geometry":{"type":"Polygon","coordinates":[[[-46.4676,-23.9056],[-46.468,-23.9056],[-46.468,-23.9068],[-46.4684,-23.9068],[-46.4684,-23.9076],[-46.4688,-23.9076],[-46.4696,-23.9076],[-46.4696,-23.908],[-46.47,-23.908],[-46.47,-23.9084],[-46.47,-23.9076],[-46.4704,-23.9072],[-46.4708,-23.9068],[-46.4708,-23.9064],[-46.4712,-23.9056],[-46.472,-23.9052],[-46.472,-23.9044],[-46.4728,-23.9036],[-46.474,-23.9028],[-46.4744,-23.902],[-46.4744,-23.9016],[-46.474,-23.9016],[-46.4736,-23.9016],[-46.4736,-23.9012],[-46.4724,-23.9008],[-46.472,-23.9008],[-46.4716,-23.9008],[-46.4708,-23.9016],[-46.4704,-23.9024],[-46.47,-23.9032],[-46.4692,-23.9036],[-46.4688,-23.904],[-46.4684,-23.9052],[-46.468,-23.9052],[-46.4676,-23.9056]]]}},{"type":"Feature","properties":{"dsubbc":"oceano","nome":"Drenagem direta ao oceano"},"geometry":{"type":"Polygon","coordinates":[[[-46.1532,-23.9012],[-46.1532,-23.9016],[-46.1528,-23.9024],[-46.1528,-23.9028],[-46.1524,-23.904],[-46.1516,-23.9052],[-46.1512,-23.9056],[-46.1508,-23.9056],[-46.1504,-23.9056],[-46.15,-23.9056],[-46.1496,-23.9052],[-46.1492,-23.9052],[-46.1488,-23.9052],[-46.1488,-23.9048],[-46.1484,-23.9048],[-46.148,-23.9048],[-46.1476,-23.9048],[-46.1472,-23.9048],[-46.1468,-23.9048],[-46.1464,-23.9048],[-46.146,-23.9048],[-46.146,-23.9052],[-46.146,-23.9056],[-46.1464,-23.9056],[-46.1464,-23.906],[-46.1468,-23.906],[-46.1468,-23.9064],[-46.1472,-23.9064],[-46.1476,-23.9064],[-46.148,-23.9064],[-46.1484,-23.9064],[-46.1488,-23.9064],[-46.1492,-23.9068],[-46.1492,-23.9072],[-46.1496,-23.9076],[-46.15,-23.9076],[-46.1504,-23.908],[-46.1508,-23.908],[-46.1516,-23.908],[-46.1524,-23.908],[-46.1528,-23.908],[-46.1532,-23.9084],[-46.1536,-23.9084],[-46.154,-23.9088],[-46.1544,-23.9088],[-46.1548,-23.9092],[-46.1552,-23.9092],[-46.1556,-23.9092],[-46.156,-23.9092],[-46.1564,-23.9092],[-46.1568,-23.9088],[-46.1568,-23.9084],[-46.1564,-23.9084],[-46.1564,-23.908],[-46.1564,-23.9076],[-46.1564,-23.9072],[-46.1568,-23.9068],[-46.1572,-23.9068],[-46.1572,-23.9072],[-46.1576,-23.9072],[-46.158,-23.9072],[-46.1588,-23.9072],[-46.1592,-23.9072],[-46.1596,-23.9068],[-46.16,-23.9068],[-46.16,-23.9064],[-46.1604,-23.9064],[-46.1608,-23.9064],[-46.1612,-23.9064],[-46.1616,-23.9064],[-46.162,-23.9068],[-46.1624,-23.9068],[-46.1628,-23.9072],[-46.1632,-23.9076],[-46.1636,-23.908],[-46.164,-23.9084],[-46.1644,-23.9084],[-46.1652,-23.9088],[-46.1656,-23.9092],[-46.1664,-23.9096],[-46.1668,-23.91],[-46.1672,-23.9104],[-46.1676,-23.9108],[-46.168,-23.9112],[-46.1684,-23.9112],[-46.1684,-23.9108],[-46.1684,-23.9104],[-46.1688,-23.9104],[-46.1688,-23.91],[-46.1692,-23.91],[-46.1692,-23.9088],[-46.1696,-23.9088],[-46.1696,-23.908],[-46.1696,-23.9076],[-46.17,-23.9076],[-46.17,-23.9072],[-46.1704,-23.9072],[-46.1704,-23.9068],[-46.1704,-23.9064],[-46.1708,-23.9064],[-46.1708,-23.906],[-46.1712,-23.906],[-46.1712,-23.9056],[-46.1716,-23.9056],[-46.1716,-23.9052],[-46.1716,-23.9048],[-46.172,-23.9048],[-46.172,-23.9044],[-46.172,-23.904],[-46.1716,-23.904],[-46.1716,-23.9036],[-46.1712,-23.9036],[-46.17,-23.9036],[-46.17,-23.9032],[-46.1688,-23.9032],[-46.1688,-23.9028],[-46.1676,-23.9028],[-46.1648,-23.9028],[-46.1648,-23.904],[-46.1624,-23.904],[-46.1624,-23.9036],[-46.162,-23.9036],[-46.1616,-23.9036],[-46.1616,-23.9032],[-46.1616,-23.9028],[-46.1612,-23.9028],[-46.1604,-23.9028],[-46.1596,-23.9028],[-46.1596,-23.9032],[-46.1592,-23.9032],[-46.1592,-23.9028],[-46.1584,-23.9028],[-46.1576,-23.9028],[-46.1576,-23.9024],[-46.1576,-23.902],[-46.1572,-23.902],[-46.1572,-23.9016],[-46.1568,-23.9016],[-46.1568,-23.9012],[-46.1568,-23.9008],[-46.1564,-23.9008],[-46.1564,-23.9004],[-46.1556,-23.9004],[-46.1536,-23.9012],[-46.1532,-23.9012]]]}},{"type":"Feature","properties":{"dsubbc":"rio cubatao","nome":"Rio Cubatão"},"geometry":{"type":"Polygon","coordinates":[[[-46.4568,-23.8968],[-46.4568,-23.8976],[-46.4572,-23.8976],[-46.4572,-23.8984],[-46.4576,-23.8984],[-46.4576,-23.8988],[-46.458,-23.8988],[-46.458,-23.8992],[-46.4584,-23.8992],[-46.4584,-23.8996],[-46.4588,-23.8996],[-46.4588,-23.9],[-46.4596,-23.9],[-46.4596,-23.9004],[-46.462,-23.9004],[-46.462,-23.9008],[-46.4624,-23.9008],[-46.4624,-23.9016],[-46.4628,-23.9016],[-46.4628,-23.9024],[-46.4632,-23.9024],[-46.4632,-23.9028],[-46.4636,-23.9028],[-46.464,-23.9028],[-46.464,-23.9032],[-46.464,-23.9036],[-46.4644,-23.9036],[-46.4648,-23.9036],[-46.4648,-23.904],[-46.4648,-23.9044],[-46.4664,-23.9044],[-46.4664,-23.9048],[-46.4668,-23.9048],[-46.4672,-23.9048],[-46.4672,-23.9052],[-46.4676,-23.9052],[-46.4676,-23.9056],[-46.468,-23.9052],[-46.4684,-23.9052],[-46.4688,-23.904],[-46.4692,-23.9036],[-46.47,-23.9032],[-46.4704,-23.9024],[-46.4708,-23.9016],[-46.4716,-23.9008],[-46.4708,-23.9004],[-46.4704,-23.9004],[-46.4692,-23.9004],[-46.4688,-23.9004],[-46.4684,-23.9004],[-46.468,-23.9004],[-46.4672,-23.9],[-46.4664,-23.9],[-46.466,-23.8996],[-46.4652,-23.8992],[-46.4648,-23.8992],[-46.4644,-23.8988],[-46.464,-23.8984],[-46.4636,-23.898],[-46.4636,-23.8976],[-46.4636,-23.8972],[-46.4636,-23.8968],[-46.4632,-23.8968],[-46.4632,-23.8964],[-46.4628,-23.8964],[-46.4624,-23.896],[-46.4616,-23.896],[-46.4612,-23.896],[-46.4608,-23.896],[-46.4604,-23.896],[-46.4604,-23.8956],[-46.46,-23.8956],[-46.4596,-23.8952],[-46.458,-23.8976],[-46.4568,-23.8968]]]}},{"type":"Feature","properties":{"dsubbc":"rio cubatao","nome":"Rio Cubatão"},"geometry":{"type":"Polygon","coordinates":[[[-46.48,-23.9056],[-46.4804,-23.906],[-46.4808,-23.9064],[-46.4812,-23.9072],[-46.4816,-23.9076],[-46.482,-23.9084],[-46.4824,-23.9088],[-46.4828,-23.9092],[-46.4828,-23.9096],[-46.4832,-23.9096],[-46.4836,-23.91],[-46.4836,-23.9104],[-46.484,-23.9104],[-46.484,-23.9108],[-46.4844,-23.9108],[-46.4848,-23.9096],[-46.4848,-23.9092],[-46.4852,-23.9084],[-46.4852,-23.908],[-46.4852,-23.9076],[-46.4852,-23.9068],[-46.4852,-23.906],[-46.4856,-23.9052],[-46.4856,-23.9044],[-46.4856,-23.904],[-46.486,-23.9032],[-46.486,-23.9028],[-46.486,-23.9024],[-46.4864,-23.9016],[-46.4868,-23.9008],[-46.4868,-23.9],[-46.4868,-23.8996],[-46.4868,-23.8988],[-46.4868,-23.8984],[-46.4872,-23.898],[-46.4872,-23.8976],[-46.4868,-23.8972],[-46.4868,-23.8964],[-46.4864,-23.8956],[-46.4868,-23.8956],[-46.4864,-23.8952],[-46.4864,-23.8948],[-46.4864,-23.8944],[-46.4864,-23.8936],[-46.486,-23.8936],[-46.486,-23.894],[-46.4856,-23.894],[-46.4856,-23.8944],[-46.4856,-23.8948],[-46.4852,-23.8948],[-46.4848,-23.8948],[-46.4848,-23.8952],[-46.4848,-23.8956],[-46.4844,-23.8956],[-46.484,-23.8956],[-46.484,-23.8968],[-46.4836,-23.8968],[-46.4836,-23.8976],[-46.4832,-23.8976],[-46.4832,-23.8988],[-46.4828,-23.8988],[-46.4828,-23.8992],[-46.4828,-23.9],[-46.4824,-23.9],[-46.4824,-23.9008],[-46.482,-23.9008],[-46.482,-23.9016],[-46.4816,-23.9016],[-46.4816,-23.9028],[-46.4812,-23.9028],[-46.4812,-23.9048],[-46.4808,-23.9052],[-46.48,-23.9056]]]}},{"type":"Feature","properties":{"dsubbc":"rio cubatao","nome":"Rio Cubatão"},"geometry":{"type":"Polygon","coordinates":[[[-46.478,-23.9044],[-46.4788,-23.9048],[-46.4792,-23.9052],[-46.4796,-23.9056],[-46.48,-23.9056],[-46.4808,-23.9052],[-46.4812,-23.9048],[-46.4812,-23.9028],[-46.4816,-23.9028],[-46.4816,-23.9016],[-46.482,-23.9016],[-46.482,-23.9008],[-46.4824,-23.9008],[-46.4824,-23.9],[-46.4828,-23.9],[-46.4828,-23.8992],[-46.4828,-23.8988],[-46.4832,-23.8988],[-46.4832,-23.8976],[-46.4836,-23.8976],[-46.4836,-23.8968],[-46.484,-23.8968],[-46.484,-23.8956],[-46.4844,-23.8956],[-46.4848,-23.8956],[-46.4848,-23.8952],[-46.4848,-23.8948],[-46.4852,-23.8948],[-46.4856,-23.8948],[-46.4856,-23.8944],[-46.4856,-23.894],[-46.486,-23.894],[-46.486,-23.8936],[-46.4864,-23.8936],[-46.486,-23.8936],[-46.486,-23.8928],[-46.4856,-23.8928],[-46.4856,-23.8924],[-46.4852,-23.8924],[-46.4852,-23.892],[-46.4848,-23.892],[-46.4848,-23.8916],[-46.4844,-23.8916],[-46.484,-23.8916],[-46.484,-23.8912],[-46.4836,-23.8912],[-46.4836,-23.8908],[-46.4836,-23.8912],[-46.4832,-23.8912],[-46.4832,-23.8916],[-46.4828,-23.8916],[-46.4828,-23.892],[-46.4824,-23.892],[-46.4824,-23.8924],[-46.482,-23.8924],[-46.482,-23.8928],[-46.4816,-23.8928],[-46.4816,-23.8932],[-46.4812,-23.8932],[-46.4812,-23.8936],[-46.4808,-23.8936],[-46.4808,-23.894],[-46.4804,-23.894],[-46.4804,-23.896],[-46.48,-23.896],[-46.48,-23.8964],[-46.4796,-23.8964],[-46.4796,-23.8972],[-46.4796,-23.8988],[-46.4792,-23.8988],[-46.4788,-23.8988],[-46.4788,-23.9],[-46.4788,-23.9008],[-46.4784,-23.9012],[-46.4784,-23.9016],[-46.4784,-23.902],[-46.4784,-23.9024],[-46.4784,-23.9028],[-46.4784,-23.9032],[-46.4784,-23.9036],[-46.478,-23.9044]]]}},{"type":"Feature","properties":{"dsubbc":"rio cubatao","nome":"Rio Cubatão"},"geometry":{"type":"Polygon","coordinates":[[[-46.4836,-23.8908],[-46.4832,-23.8908],[-46.4828,-23.8908],[-46.4828,-23.8912],[-46.4828,-23.8916],[-46.4824,-23.8916],[-46.482,-23.8916],[-46.482,-23.892],[-46.4816,-23.892],[-46.4816,-23.8924],[-46.4816,-23.8928],[-46.4812,-23.8928],[-46.4808,-23.8928],[-46.4808,-23.8932],[-46.4808,-23.8936],[-46.4804,-23.8936],[-46.48,-23.8936],[-46.48,-23.894],[-46.4796,-23.894],[-46.4796,-23.8944],[-46.4796,-23.8948],[-46.4792,-23.8948],[-46.4788,-23.8948],[-46.4788,-23.8952],[-46.4788,-23.8956],[-46.4784,-23.8956],[-46.478,-23.8956],[-46.478,-23.896],[-46.4776,-23.896],[-46.4776,-23.8964],[-46.4772,-23.8964],[-46.4772,-23.8968],[-46.4768,-23.8968],[-46.4768,-23.8972],[-46.476,-23.8972],[-46.476,-23.8976],[-46.4756,-23.8976],[-46.4756,-23.898],[-46.4752,-23.898],[-46.4752,-23.8984],[-46.4748,-23.8984],[-46.4748,-23.8988],[-46.4748,-23.8992],[-46.4744,-23.8996],[-46.4744,-23.9],[-46.4744,-23.9004],[-46.4744,-23.9008],[-46.4744,-23.9012],[-46.474,-23.9012],[-46.474,-23.9016],[-46.4744,-23.9016],[-46.4744,-23.902],[-46.4748,-23.902],[-46.4752,-23.9024],[-46.4756,-23.9024],[-46.476,-23.9028],[-46.4764,-23.9032],[-46.4768,-23.9036],[-46.4772,-23.904],[-46.4776,-23.904],[-46.478,-23.9044],[-46.4784,-23.9036],[-46.4784,-23.9032],[-46.4784,-23.9028],[-46.4784,-23.9024],[-46.4784,-23.902],[-46.4784,-23.9016],[-46.4784,-23.9012],[-46.4788,-23.9008],[-46.4788,-23.9],[-46.4788,-23.8988],[-46.4792,-23.8988],[-46.4796,-23.8988],[-46.4796,-23.8972],[-46.4796,-23.8964],[-46.48,-23.8964],[-46.48,-23.896],[-46.4804,-23.896],[-46.4804,-23.894],[-46.4808,-23.894],[-46.4808,-23.8936],[-46.4812,-23.8936],[-46.4812,-23.8932],[-46.4816,-23.8932],[-46.4816,-23.8928],[-46.482,-23.8928],[-46.482,-23.8924],[-46.4824,-23.8924],[-46.4824,-23.892],[-46.4828,-23.892],[-46.4828,-23.8916],[-46.4832,-23.8916],[-46.4832,-23.8912],[-46.4836,-23.8912],[-46.4836,-23.8908]]]}},{"type":"Feature","properties":{"dsubbc":"oceano","nome":"Drenagem direta ao oceano"},"geometry":{"type":"Polygon","coordinates":[[[-46.4028,-23.9216],[-46.4028,-23.922],[-46.4024,-23.9224],[-46.4016,-23.9232],[-46.3996,-23.924],[-46.3988,-23.9244],[-46.3952,-23.926],[-46.3924,-23.9272],[-46.3916,-23.9276],[-46.3912,-23.928],[-46.3888,-23.93],[-46.3872,-23.9312],[-46.3868,-23.932],[-46.3868,-23.9328],[-46.3872,-23.9332],[-46.388,-23.934],[-46.3904,-23.9348],[-46.3916,-23.9352],[-46.3936,-23.9356],[-46.396,-23.936],[-46.4,-23.9364],[-46.4032,-23.936],[-46.4076,-23.936],[-46.408,-23.936],[-46.4084,-23.936],[-46.4096,-23.936],[-46.4112,-23.936],[-46.4136,-23.9356],[-46.416,-23.9352],[-46.4184,-23.9344],[-46.4196,-23.9344],[-46.4216,-23.9344],[-46.4232,-23.9348],[-46.4236,-23.9352],[-46.4256,-23.936],[-46.43,-23.9384],[-46.4296,-23.9388],[-46.4288,-23.94],[-46.4264,-23.9448],[-46.4252,-23.9464],[-46.422,-23.9512],[-46.42,-23.9548],[-46.4184,-23.958],[-46.4172,-23.9608],[-46.4172,-23.962],[-46.4176,-23.9636],[-46.4184,-23.966],[-46.4192,-23.97],[-46.4192,-23.9708],[-46.42,-23.9732],[-46.424,-23.9744],[-46.4252,-23.9716],[-46.4264,-23.97],[-46.4284,-23.9692],[-46.4312,-23.9704],[-46.4332,-23.9728],[-46.4352,-23.976],[-46.4372,-23.9792],[-46.4404,-23.98],[-46.4444,-23.9796],[-46.448,-23.9808],[-46.4504,-23.9816],[-46.4544,-23.9816],[-46.4564,-23.9824],[-46.4612,-23.9844],[-46.4672,-23.9856],[-46.4704,-23.9884],[-46.4776,-23.9888],[-46.4824,-23.9892],[-46.4872,-23.9892],[-46.49,-23.9916],[-46.4924,-23.994],[-46.496,-23.9944],[-46.4972,-23.9956],[-46.4968,-24.0004],[-46.4964,-24.006],[-46.4972,-24.0076],[-46.4992,-24.0092],[-46.5004,-24.0132],[-46.4984,-24.018],[-46.4936,-24.018],[-46.49,-24.0172],[-46.4864,-24.016],[-46.4832,-24.0148],[-46.48,-24.0148],[-46.4748,-24.0172],[-46.47,-24.018],[-46.4676,-24.0164],[-46.4656,-24.016],[-46.4612,-24.0152],[-46.458,-24.014],[-46.4568,-24.0128],[-46.456,-24.0112],[-46.4552,-24.0096],[-46.452,-24.0084],[-46.4488,-24.0084],[-46.4436,-24.0076],[-46.44,-24.0064],[-46.4368,-24.0064],[-46.4328,-24.0072],[-46.4312,-24.0084],[-46.4288,-24.0132],[-46.4276,-24.0156],[-46.4288,-24.016],[-46.43,-24.0164],[-46.4304,-24.0164],[-46.4316,-24.0168],[-46.4332,-24.0172],[-46.4348,-24.0176],[-46.4352,-24.0176],[-46.4356,-24.0176],[-46.436,-24.018],[-46.4364,-24.018],[-46.4368,-24.0184],[-46.4376,-24.0184],[-46.438,-24.0188],[-46.4388,-24.0188],[-46.4396,-24.0192],[-46.4408,-24.0196],[-46.4412,-24.0196],[-46.4428,-24.02],[-46.4436,-24.0204],[-46.4452,-24.0208],[-46.4464,-24.0212],[-46.4484,-24.022],[-46.4504,-24.0224],[-46.4512,-24.0228],[-46.4516,-24.0228],[-46.452,-24.0228],[-46.4524,-24.0232],[-46.4528,-24.0232],[-46.4532,-24.0232],[-46.4536,-24.0232],[-46.454,-24.0236],[-46.4544,-24.0236],[-46.4548,-24.024],[-46.4556,-24.024],[-46.4556,-24.0244],[-46.456,-24.0244],[-46.4564,-24.0244],[-46.4568,-24.0244],[-46.4568,-24.0248],[-46.4576,-24.0248],[-46.458,-24.0252],[-46.4588,-24.0252],[-46.4592,-24.0256],[-46.4596,-24.0256],[-46.4604,-24.0256],[-46.4608,-24.0256],[-46.4612,-24.026],[-46.4616,-24.026],[-46.462,-24.0264],[-46.4624,-24.0264],[-46.4628,-24.0264],[-46.4628,-24.0268],[-46.4632,-24.0268],[-46.464,-24.0272],[-46.4644,-24.0276],[-46.4652,-24.0276],[-46.466,-24.028],[-46.4668,-24.0284],[-46.4676,-24.0288],[-46.4688,-24.0292],[-46.4696,-24.0292],[-46.47,-24.0296],[-46.4708,-24.03],[-46.472,-24.0304],[-46.4724,-24.0304],[-46.4732,-24.0308],[-46.4748,-24.0312],[-46.4752,-24.0316],[-46.4756,-24.0316],[-46.476,-24.032],[-46.4772,-24.032],[-46.4784,-24.0328],[-46.4796,-24.0332],[-46.4808,-24.0336],[-46.4812,-24.0336],[-46.482,-24.034],[-46.4828,-24.0344],[-46.4832,-24.0344],[-46.484,-24.0348],[-46.4844,-24.0348],[-46.4848,-24.0352],[-46.4852,-24.0352],[-46.4856,-24.0356],[-46.486,-24.0356],[-46.4864,-24.036],[-46.4868,-24.036],[-46.4876,-24.0364],[-46.488,-24.0364],[-46.4888,-24.0368],[-46.4896,-24.0372],[-46.4908,-24.0376],[-46.4912,-24.0376],[-46.492,-24.038],[-46.4924,-24.0384],[-46.4932,-24.0384],[-46.4936,-24.0388],[-46.494,-24.0392],[-46.4944,-24.0392],[-46.4948,-24.0396],[-46.4952,-24.0396],[-46.4956,-24.0396],[-46.496,-24.04],[-46.4964,-24.04],[-46.4968,-24.0404],[-46.4972,-24.0404],[-46.498,-24.0404],[-46.498,-24.0408],[-46.4984,-24.0408],[-46.4988,-24.0408],[-46.4996,-24.0408],[-46.5004,-24.0412],[-46.5012,-24.0412],[-46.5016,-24.0416],[-46.5028,-24.042],[-46.5032,-24.042],[-46.504,-24.0424],[-46.5048,-24.0428],[-46.5056,-24.0428],[-46.506,-24.0432],[-46.5068,-24.0436],[-46.5076,-24.044],[-46.5084,-24.044],[-46.5088,-24.0444],[-46.5092,-24.0444],[-46.51,-24.0448],[-46.5108,-24.0452],[-46.5116,-24.0456],[-46.5128,-24.046],[-46.5144,-24.0468],[-46.5156,-24.0476],[-46.5168,-24.048],[-46.5184,-24.0488],[-46.5188,-24.0488],[-46.5192,-24.0488],[-46.5196,-24.0492],[-46.52,-24.0492],[-46.5208,-24.0496],[-46.5212,-24.0496],[-46.5216,-24.05],[-46.522,-24.05],[-46.5224,-24.0504],[-46.5228,-24.0504],[-46.5236,-24.0508],[-46.524,-24.0508],[-46.5244,-24.0512],[-46.5252,-24.0516],[-46.5256,-24.0516],[-46.5264,-24.052],[-46.5272,-24.0524],[-46.5276,-24.0528],[-46.5292,-24.0532],[-46.53,-24.0536],[-46.5308,-24.054],[-46.532,-24.0544],[-46.5324,-24.0548],[-46.5328,-24.0548],[-46.5336,-24.0552],[-46.5344,-24.0556],[-46.5356,-24.056],[-46.5368,-24.0568],[-46.538,-24.0572],[-46.5388,-24.0576],[-46.5392,-24.058],[-46.5404,-24.0584],[-46.5412,-24.0588],[-46.542,-24.0588],[-46.5428,-24.0596],[-46.5444,-24.06],[-46.5452,-24.0608],[-46.546,-24.0612],[-46.5468,-24.0612],[-46.5488,-24.0624],[-46.55,-24.0628],[-46.5512,-24.0632],[-46.552,-24.0636],[-46.5532,-24.0644],[-46.5544,-24.0648],[-46.5552,-24.0652],[-46.5564,-24.0656],[-46.5572,-24.066],[-46.5576,-24.0664],[-46.5592,-24.0672],[-46.5604,-24.0676],[-46.5608,-24.068],[-46.562,-24.0688],[-46.5632,-24.0692],[-46.5644,-24.0696],[-46.5652,-24.07],[-46.5656,-24.07],[-46.566,-24.0704],[-46.5664,-24.0704],[-46.5676,-24.0712],[-46.568,-24.0712],[-46.5692,-24.072],[-46.57,-24.0724],[-46.5708,-24.0724],[-46.5716,-24.0732],[-46.572,-24.0732],[-46.5736,-24.0716],[-46.5744,-24.0704],[-46.5752,-24.0696],[-46.5764,-24.0684],[-46.5772,-24.0676],[-46.5776,-24.0672],[-46.5788,-24.0664],[-46.5796,-24.0652],[-46.5804,-24.0644],[-46.5816,-24.0636],[-46.5828,-24.0628],[-46.5836,-24.0616],[-46.5852,-24.0608],[-46.586,-24.0596],[-46.5864,-24.0588],[-46.5868,-24.058],[-46.5872,-24.0576],[-46.5876,-24.0576],[-46.5876,-24.0572],[-46.5884,-24.0564],[-46.5888,-24.0564],[-46.5892,-24.056],[-46.59,-24.0556],[-46.5904,-24.0552],[-46.5908,-24.0552],[-46.5916,-24.0548],[-46.592,-24.0552],[-46.5924,-24.0548],[-46.5928,-24.0552],[-46.5932,-24.0548],[-46.594,-24.0548],[-46.5944,-24.0544],[-46.5948,-24.0544],[-46.5952,-24.0544],[-46.596,-24.0544],[-46.5964,-24.0544],[-46.5968,-24.0544],[-46.5972,-24.0544],[-46.598,-24.0544],[-46.598,-24.054],[-46.598,-24.0532],[-46.5984,-24.0532],[-46.5984,-24.0528],[-46.5988,-24.0528],[-46.5988,-24.0508],[-46.5992,-24.0508],[-46.5992,-24.0504],[-46.5996,-24.0504],[-46.5996,-24.05],[-46.6,-24.05],[-46.6,-24.0488],[-46.6004,-24.0488],[-46.6004,-24.0484],[-46.6008,-24.0484],[-46.6008,-24.0472],[-46.6008,-24.0468],[-46.6004,-24.0468],[-46.6004,-24.0464],[-46.6,-24.0464],[-46.6,-24.046],[-46.6,-24.0456],[-46.5996,-24.0456],[-46.5996,-24.0452],[-46.6,-24.0452],[-46.6,-24.0448],[-46.6004,-24.0448],[-46.6004,-24.0444],[-46.6012,-24.0444],[-46.6012,-24.044],[-46.6012,-24.0436],[-46.6016,-24.0436],[-46.6016,-24.0432],[-46.602,-24.0432],[-46.602,-24.0428],[-46.6036,-24.0428],[-46.6044,-24.0428],[-46.6044,-24.0424],[-46.6052,-24.0424],[-46.6052,-24.042],[-46.6056,-24.042],[-46.606,-24.042],[-46.606,-24.0416],[-46.606,-24.0408],[-46.6064,-24.0408],[-46.6064,-24.0404],[-46.6068,-24.0404],[-46.6068,-24.04],[-46.6072,-24.04],[-46.6072,-24.0396],[-46.6072,-24.0392],[-46.6076,-24.0392],[-46.6076,-24.0388],[-46.608,-24.0388],[-46.608,-24.0384],[-46.6084,-24.0384],[-46.6084,-24.038],[-46.6088,-24.038],[-46.6092,-24.038],[-46.6092,-24.0376],[-46.6084,-24.0376],[-46.6084,-24.0372],[-46.608,-24.0372],[-46.608,-24.0368],[-46.608,-24.0364],[-46.6076,-24.0364],[-46.6076,-24.036],[-46.6072,-24.036],[-46.6072,-24.0356],[-46.6072,-24.0348],[-46.6068,-24.0348],[-46.6068,-24.034],[-46.6064,-24.034],[-46.6064,-24.0336],[-46.606,-24.0336],[-46.606,-24.0332],[-46.606,-24.0328],[-46.6056,-24.0328],[-46.6056,-24.0324],[-46.6052,-24.0324],[-46.6052,-24.032],[-46.6048,-24.032],[-46.6048,-24.0316],[-46.6044,-24.0316],[-46.6044,-24.0308],[-46.604,-24.0308],[-46.604,-24.0288],[-46.604,-24.0284],[-46.6036,-24.0284],[-46.6036,-24.028],[-46.604,-24.028],[-46.604,-24.0268],[-46.604,-24.0264],[-46.6044,-24.0264],[-46.6044,-24.026],[-46.6048,-24.026],[-46.6048,-24.0244],[-46.6048,-24.024],[-46.6044,-24.024],[-46.6044,-24.0236],[-46.604,-24.0236],[-46.604,-24.0232],[-46.6036,-24.0232],[-46.6036,-24.0228],[-46.6032,-24.0228],[-46.6032,-24.0224],[-46.6028,-24.0224],[-46.6028,-24.022],[-46.6024,-24.022],[-46.602,-24.022],[-46.602,-24.0216],[-46.6016,-24.0216],[-46.6016,-24.0212],[-46.6012,-24.0212],[-46.6012,-24.0208],[-46.6008,-24.0208],[-46.6008,-24.02],[-46.6004,-24.02],[-46.6,-24.02],[-46.6,-24.0196],[-46.5996,-24.0196],[-46.5996,-24.0192],[-46.5992,-24.0192],[-46.5992,-24.0184],[-46.5992,-24.018],[-46.5988,-24.018],[-46.598,-24.018],[-46.598,-24.0176],[-46.598,-24.0172],[-46.5976,-24.0172],[-46.5972,-24.0172],[-46.5972,-24.0168],[-46.5972,-24.0164],[-46.5968,-24.0164],[-46.5968,-24.016],[-46.5964,-24.016],[-46.5964,-24.0156],[-46.596,-24.0156],[-46.596,-24.0152],[-46.5956,-24.0152],[-46.5956,-24.0148],[-46.5952,-24.0148],[-46.5952,-24.0144],[-46.5952,-24.014],[-46.5944,-24.014],[-46.5944,-24.0136],[-46.594,-24.0136],[-46.594,-24.0132],[-46.5936,-24.0132],[-46.5932,-24.0132],[-46.5932,-24.0128],[-46.5932,-24.0124],[-46.5924,-24.0124],[-46.5924,-24.012],[-46.592,-24.012],[-46.5916,-24.012],[-46.5916,-24.0116],[-46.5912,-24.0116],[-46.5912,-24.0112],[-46.5908,-24.0112],[-46.5904,-24.0112],[-46.5904,-24.0108],[-46.59,-24.0108],[-46.59,-24.0104],[-46.59,-24.01],[-46.5896,-24.01],[-46.5892,-24.01],[-46.5892,-24.0096],[-46.5892,-24.0092],[-46.5896,-24.0092],[-46.5896,-24.0076],[-46.59,-24.0076],[-46.59,-24.0072],[-46.5904,-24.0072],[-46.5904,-24.0068],[-46.5912,-24.0068],[-46.5912,-24.0064],[-46.5912,-24.006],[-46.5916,-24.006],[-46.5916,-24.0052],[-46.592,-24.0052],[-46.592,-24.0048],[-46.592,-24.0028],[-46.592,-24.0024],[-46.5916,-24.0024],[-46.5916,-24.002],[-46.5912,-24.002],[-46.5912,-24.0004],[-46.5912,-24.0],[-46.5916,-24.0],[-46.5916,-23.9996],[-46.592,-23.9996],[-46.592,-23.9992],[-46.592,-23.9984],[-46.5924,-23.9984],[-46.5924,-23.998],[-46.5928,-23.998],[-46.5932,-23.998],[-46.5932,-23.9976],[-46.5932,-23.9972],[-46.5932,-23.9968],[-46.5936,-23.9968],[-46.5936,-23.9964],[-46.5932,-23.9964],[-46.5932,-23.996],[-46.5928,-23.996],[-46.5928,-23.9956],[-46.5928,-23.994],[-46.5924,-23.994],[-46.5924,-23.9936],[-46.5924,-23.9932],[-46.592,-23.9932],[-46.592,-23.9928],[-46.5916,-23.9928],[-46.5916,-23.9924],[-46.5912,-23.9924],[-46.5912,-23.992],[-46.5904,-23.992],[-46.59,-23.992],[-46.59,-23.9916],[-46.59,-23.9912],[-46.5896,-23.9912],[-46.5896,-23.9908],[-46.5892,-23.9908],[-46.5892,-23.9904],[-46.5892,-23.99],[-46.5888,-23.99],[-46.5888,-23.9888],[-46.588,-23.9888],[-46.588,-23.9884],[-46.5872,-23.9884],[-46.5864,-23.9884],[-46.5864,-23.988],[-46.586,-23.988],[-46.586,-23.9876],[-46.5856,-23.9876],[-46.5856,-23.9872],[-46.5852,-23.9872],[-46.5852,-23.9868],[-46.5848,-23.9868],[-46.5848,-23.9864],[-46.5816,-23.9864],[-46.5812,-23.9864],[-46.5812,-23.986],[-46.5808,-23.986],[-46.5808,-23.9856],[-46.5804,-23.9856],[-46.5804,-23.9852],[-46.58,-23.9852],[-46.5788,-23.9852],[-46.578,-23.9852],[-46.578,-23.9848],[-46.5776,-23.9848],[-46.5776,-23.9844],[-46.5772,-23.9844],[-46.5772,-23.9836],[-46.5764,-23.9836],[-46.5764,-23.9832],[-46.576,-23.9832],[-46.576,-23.98],[-46.5752,-23.98],[-46.5752,-23.9804],[-46.5748,-23.9804],[-46.5748,-23.98],[-46.5736,-23.98],[-46.5736,-23.9772],[-46.5732,-23.9772],[-46.5732,-23.9768],[-46.5732,-23.9752],[-46.5728,-23.9752],[-46.5724,-23.9752],[-46.5724,-23.9748],[-46.572,-23.9748],[-46.572,-23.9744],[-46.5716,-23.9744],[-46.5716,-23.974],[-46.5712,-23.974],[-46.5712,-23.9736],[-46.5712,-23.9732],[-46.5708,-23.9732],[-46.5704,-23.9732],[-46.5704,-23.9728],[-46.5704,-23.9712],[-46.57,-23.9712],[-46.5696,-23.9712],[-46.5696,-23.9708],[-46.5692,-23.9708],[-46.5692,-23.9704],[-46.5688,-23.9704],[-46.5688,-23.97],[-46.5684,-23.97],[-46.5684,-23.9696],[-46.5672,-23.9696],[-46.5672,-23.9692],[-46.5664,-23.9692],[-46.5652,-23.9692],[-46.5652,-23.9688],[-46.5652,-23.9684],[-46.5648,-23.9684],[-46.5648,-23.968],[-46.5644,-23.968],[-46.5644,-23.9676],[-46.564,-23.9676],[-46.5636,-23.9676],[-46.5636,-23.9672],[-46.5628,-23.9672],[-46.5612,-23.9672],[-46.5608,-23.9672],[-46.5608,-23.9668],[-46.5596,-23.9668],[-46.5596,-23.9664],[-46.5588,-23.9664],[-46.5588,-23.9668],[-46.558,-23.9668],[-46.558,-23.9664],[-46.5576,-23.9664],[-46.5572,-23.9664],[-46.5572,-23.966],[-46.5572,-23.9652],[-46.5568,-23.9652],[-46.5564,-23.9652],[-46.5564,-23.9648],[-46.5564,-23.9644],[-46.556,-23.9644],[-46.5556,-23.9644],[-46.5556,-23.964],[-46.5552,-23.964],[-46.5552,-23.9636],[-46.5552,-23.9632],[-46.5548,-23.9632],[-46.5544,-23.9632],[-46.5544,-23.9628],[-46.5544,-23.9624],[-46.554,-23.9624],[-46.5536,-23.9624],[-46.5532,-23.9624],[-46.5532,-23.962],[-46.5528,-23.962],[-46.5528,-23.9616],[-46.5524,-23.9616],[-46.5524,-23.9612],[-46.552,-23.9612],[-46.552,-23.9608],[-46.5516,-23.9608],[-46.5516,-23.9604],[-46.5512,-23.9604],[-46.5512,-23.96],[-46.5508,-23.96],[-46.5508,-23.9592],[-46.5504,-23.9592],[-46.5504,-23.9584],[-46.55,-23.9584],[-46.5496,-23.9584],[-46.5496,-23.958],[-46.5492,-23.958],[-46.5492,-23.9576],[-46.5492,-23.9572],[-46.5488,-23.9572],[-46.5488,-23.9568],[-46.5484,-23.9568],[-46.5484,-23.9564],[-46.548,-23.9564],[-46.5472,-23.9564],[-46.5472,-23.956],[-46.5452,-23.956],[-46.5452,-23.9556],[-46.5424,-23.9556],[-46.5416,-23.9556],[-46.5416,-23.9552],[-46.5412,-23.9552],[-46.5412,-23.9548],[-46.5408,-23.9548],[-46.5408,-23.9544],[-46.5404,-23.9544],[-46.5404,-23.954],[-46.5396,-23.954],[-46.5396,-23.9536],[-46.5396,-23.9532],[-46.5392,-23.9532],[-46.5392,-23.9528],[-46.5388,-23.9528],[-46.5388,-23.9524],[-46.5384,-23.9524],[-46.5376,-23.9524],[-46.5376,-23.952],[-46.5376,-23.9516],[-46.5364,-23.9516],[-46.5356,-23.9516],[-46.5356,-23.9512],[-46.5356,-23.9508],[-46.5352,-23.9508],[-46.5352,-23.9504],[-46.5344,-23.9504],[-46.5344,-23.95],[-46.534,-23.95],[-46.534,-23.9496],[-46.5336,-23.9496],[-46.5332,-23.9496],[-46.5332,-23.9492],[-46.5324,-23.9492],[-46.5324,-23.9488],[-46.5316,-23.9488],[-46.5316,-23.9484],[-46.5304,-23.9484],[-46.53,-23.9484],[-46.53,-23.948],[-46.5296,-23.948],[-46.5296,-23.9476],[-46.5268,-23.9476],[-46.5268,-23.948],[-46.5264,-23.948],[-46.5264,-23.9484],[-46.5236,-23.9484],[-46.5236,-23.948],[-46.522,-23.948],[-46.522,-23.9484],[-46.5204,-23.9484],[-46.5196,-23.9484],[-46.5196,-23.9488],[-46.5192,-23.9488],[-46.5192,-23.9492],[-46.5188,-23.9492],[-46.5188,-23.9484],[-46.5184,-23.9484],[-46.5184,-23.948],[-46.518,-23.948],[-46.518,-23.9476],[-46.5176,-23.9476],[-46.5176,-23.9472],[-46.5176,-23.9468],[-46.5172,-23.9468],[-46.5172,-23.9464],[-46.5168,-23.9464],[-46.5164,-23.9464],[-46.5164,-23.946],[-46.516,-23.946],[-46.516,-23.9456],[-46.5156,-23.9456],[-46.5152,-23.9456],[-46.5152,-23.9452],[-46.5144,-23.9452],[-46.5144,-23.9448],[-46.514,-23.9448],[-46.514,-23.9444],[-46.5136,-23.9444],[-46.5128,-23.9444],[-46.5128,-23.944],[-46.5124,-23.944],[-46.5124,-23.9436],[-46.512,-23.9436],[-46.5116,-23.9436],[-46.5116,-23.9432],[-46.5116,-23.9428],[-46.5112,-23.9428],[-46.5108,-23.9428],[-46.5108,-23.9424],[-46.51,-23.9424],[-46.5096,-23.9424],[-46.5096,-23.942],[-46.5096,-23.9416],[-46.5092,-23.9416],[-46.5088,-23.9416],[-46.5088,-23.9412],[-46.5084,-23.9412],[-46.5084,-23.9408],[-46.5076,-23.9408],[-46.5064,-23.9408],[-46.5064,-23.9404],[-46.506,-23.9404],[-46.506,-23.9396],[-46.5056,-23.9396],[-46.5056,-23.9384],[-46.5052,-23.9384],[-46.5052,-23.938],[-46.5048,-23.938],[-46.5048,-23.9376],[-46.5044,-23.9376],[-46.5044,-23.9372],[-46.504,-23.9372],[-46.504,-23.9368],[-46.5036,-23.9368],[-46.5036,-23.9364],[-46.5036,-23.9356],[-46.5032,-23.9356],[-46.5028,-23.9356],[-46.5028,-23.9348],[-46.5028,-23.9344],[-46.5024,-23.9344],[-46.5024,-23.934],[-46.502,-23.934],[-46.502,-23.9336],[-46.5016,-23.9336],[-46.5012,-23.9336],[-46.5012,-23.9332],[-46.5008,-23.9332],[-46.5008,-23.9328],[-46.5,-23.9328],[-46.5,-23.9324],[-46.4996,-23.9324],[-46.4996,-23.932],[-46.4988,-23.932],[-46.4988,-23.9316],[-46.4984,-23.9316],[-46.4984,-23.9312],[-46.498,-23.9312],[-46.498,-23.9308],[-46.4976,-23.9308],[-46.4976,-23.9304],[-46.4976,-23.93],[-46.4972,-23.93],[-46.4972,-23.9296],[-46.4968,-23.9296],[-46.496,-23.9296],[-46.496,-23.9292],[-46.4956,-23.9292],[-46.4956,-23.9288],[-46.4956,-23.9284],[-46.4948,-23.9284],[-46.4936,-23.9284],[-46.4936,-23.928],[-46.4928,-23.928],[-46.4928,-23.9276],[-46.4924,-23.9276],[-46.492,-23.9276],[-46.4916,-23.9276],[-46.4916,-23.9272],[-46.4908,-23.9272],[-46.4908,-23.9268],[-46.4904,-23.9268],[-46.4904,-23.9264],[-46.4896,-23.9264],[-46.4896,-23.926],[-46.4888,-23.926],[-46.4888,-23.9256],[-46.4884,-23.9256],[-46.488,-23.9256],[-46.488,-23.9252],[-46.4876,-23.9252],[-46.4876,-23.9248],[-46.4872,-23.9248],[-46.4872,-23.9244],[-46.4868,-23.9244],[-46.4868,-23.924],[-46.4864,-23.924],[-46.4864,-23.9236],[-46.486,-23.9236],[-46.4856,-23.9236],[-46.4856,-23.9232],[-46.4852,-23.9232],[-46.4852,-23.9228],[-46.4848,-23.9228],[-46.4824,-23.9228],[-46.482,-23.9228],[-46.4816,-23.9228],[-46.4816,-23.9232],[-46.4812,-23.9232],[-46.4808,-23.9232],[-46.4808,-23.9228],[-46.4804,-23.9228],[-46.48,-23.9228],[-46.48,-23.922],[-46.4796,-23.922],[-46.4796,-23.9208],[-46.4796,-23.9204],[-46.4792,-23.9204],[-46.4792,-23.92],[-46.4788,-23.92],[-46.4788,-23.9196],[-46.4784,-23.9196],[-46.4784,-23.9192],[-46.478,-23.9192],[-46.478,-23.9188],[-46.4776,-23.9188],[-46.4776,-23.9176],[-46.4772,-23.9176],[-46.4772,-23.9172],[-46.4768,-23.9172],[-46.4768,-23.9168],[-46.4768,-23.9164],[-46.4764,-23.9164],[-46.4764,-23.916],[-46.476,-23.916],[-46.476,-23.9156],[-46.4756,-23.9156],[-46.4756,-23.9152],[-46.4752,-23.9152],[-46.4752,-23.9136],[-46.4752,-23.9132],[-46.4748,-23.9132],[-46.4748,-23.9128],[-46.4748,-23.912],[-46.4744,-23.912],[-46.4744,-23.9116],[-46.474,-23.9116],[-46.474,-23.9112],[-46.474,-23.9108],[-46.4736,-23.9108],[-46.4732,-23.9108],[-46.4732,-23.9104],[-46.4728,-23.9104],[-46.4728,-23.9096],[-46.4724,-23.9096],[-46.4716,-23.9096],[-46.4716,-23.9092],[-46.4708,-23.9092],[-46.4708,-23.9088],[-46.4704,-23.9088],[-46.47,-23.9088],[-46.47,-23.9084],[-46.47,-23.908],[-46.4696,-23.908],[-46.4696,-23.9076],[-46.4688,-23.9076],[-46.4684,-23.9076],[-46.4684,-23.9068],[-46.468,-23.9068],[-46.468,-23.9056],[-46.4676,-23.9056],[-46.4676,-23.9052],[-46.4672,-23.9052],[-46.4672,-23.9048],[-46.4668,-23.9048],[-46.4664,-23.9048],[-46.4664,-23.9044],[-46.4648,-23.9044],[-46.4648,-23.904],[-46.4648,-23.9036],[-46.4644,-23.9036],[-46.464,-23.9036],[-46.464,-23.9032],[-46.464,-23.9028],[-46.4636,-23.9028],[-46.4632,-23.9028],[-46.4632,-23.9024],[-46.4628,-23.9024],[-46.4628,-23.9016],[-46.4624,-23.9016],[-46.4624,-23.9008],[-46.462,-23.9008],[-46.462,-23.9004],[-46.4596,-23.9004],[-46.4596,-23.9],[-46.4588,-23.9],[-46.4588,-23.8996],[-46.4584,-23.8996],[-46.4584,-23.8992],[-46.458,-23.8992],[-46.458,-23.8988],[-46.4576,-23.8988],[-46.4576,-23.8984],[-46.4572,-23.8984],[-46.4572,-23.8976],[-46.4568,-23.8976],[-46.4568,-23.8968],[-46.4572,-23.8968],[-46.4556,-23.8956],[-46.4544,-23.8956],[-46.4528,-23.8944],[-46.452,-23.894],[-46.4508,-23.8936],[-46.4492,-23.8928],[-46.4484,-23.8924],[-46.4472,-23.8924],[-46.446,-23.8936],[-46.4456,-23.8944],[-46.4428,-23.8944],[-46.442,-23.8944],[-46.4416,-23.8936],[-46.4412,-23.8928],[-46.4408,-23.8916],[-46.44,-23.89],[-46.4388,-23.8896],[-46.436,-23.8896],[-46.4336,-23.8908],[-46.432,-23.8928],[-46.4312,-23.8948],[-46.4304,-23.8972],[-46.43,-23.8992],[-46.4296,-23.9004],[-46.4296,-23.902],[-46.4312,-23.9032],[-46.4324,-23.9032],[-46.4332,-23.9048],[-46.4332,-23.9068],[-46.4316,-23.9096],[-46.4296,-23.912],[-46.4272,-23.9136],[-46.4248,-23.9144],[-46.4224,-23.9144],[-46.4208,-23.9152],[-46.42,-23.916],[-46.4172,-23.9184],[-46.4148,-23.9188],[-46.4124,-23.9196],[-46.4104,-23.9204],[-46.4072,-23.9212],[-46.4056,-23.9212],[-46.4028,-23.9216]]]}},{"type":"Feature","properties":{"dsubbc":"oceano","nome":"Drenagem direta ao oceano"},"geometry":{"type":"Polygon","coordinates":[[[-46.2044,-23.9132],[-46.2052,-23.914],[-46.2064,-23.9148],[-46.2076,-23.916],[-46.2084,-23.9164],[-46.21,-23.9164],[-46.2108,-23.916],[-46.2112,-23.916],[-46.212,-23.916],[-46.2128,-23.9156],[-46.2136,-23.9148],[-46.2152,-23.914],[-46.2168,-23.9124],[-46.2172,-23.912],[-46.2176,-23.9116],[-46.2188,-23.9108],[-46.22,-23.9108],[-46.2208,-23.9104],[-46.2216,-23.9104],[-46.22,-23.9084],[-46.2196,-23.9064],[-46.22,-23.9048],[-46.2204,-23.9028],[-46.22,-23.9008],[-46.22,-23.8996],[-46.22,-23.898],[-46.22,-23.8972],[-46.2188,-23.8944],[-46.2176,-23.8924],[-46.2176,-23.8908],[-46.2176,-23.8884],[-46.2172,-23.888],[-46.2164,-23.8888],[-46.216,-23.8892],[-46.2152,-23.8896],[-46.2144,-23.89],[-46.2136,-23.8908],[-46.2128,-23.8912],[-46.212,-23.8924],[-46.2108,-23.8928],[-46.2104,-23.8936],[-46.2096,-23.8948],[-46.2096,-23.896],[-46.2096,-23.8972],[-46.2096,-23.8976],[-46.2092,-23.8984],[-46.2088,-23.8992],[-46.2088,-23.9],[-46.2088,-23.9008],[-46.208,-23.9016],[-46.208,-23.9028],[-46.2076,-23.9036],[-46.2076,-23.9044],[-46.2076,-23.9052],[-46.2072,-23.906],[-46.2072,-23.9068],[-46.2068,-23.9072],[-46.2068,-23.9084],[-46.2064,-23.9092],[-46.206,-23.91],[-46.2056,-23.9112],[-46.2052,-23.9124],[-46.2044,-23.9132]]]}},{"type":"Feature","properties":{"dsubbc":"oceano","nome":"Drenagem direta ao oceano"},"geometry":{"type":"Polygon","coordinates":[[[-46.1844,-23.9104],[-46.1856,-23.9104],[-46.1856,-23.9108],[-46.186,-23.9108],[-46.186,-23.9112],[-46.1864,-23.9112],[-46.1864,-23.9116],[-46.1868,-23.9116],[-46.1868,-23.9128],[-46.1872,-23.9128],[-46.1872,-23.9144],[-46.1876,-23.9144],[-46.1876,-23.9148],[-46.188,-23.9148],[-46.188,-23.9152],[-46.1884,-23.9152],[-46.1884,-23.9156],[-46.1888,-23.9156],[-46.1888,-23.916],[-46.1896,-23.916],[-46.1896,-23.9164],[-46.1904,-23.9164],[-46.1904,-23.9168],[-46.1908,-23.9168],[-46.1908,-23.9176],[-46.1912,-23.9176],[-46.1912,-23.9184],[-46.1916,-23.9184],[-46.1916,-23.9188],[-46.1924,-23.9188],[-46.1936,-23.9188],[-46.1936,-23.9192],[-46.1944,-23.9192],[-46.1944,-23.9196],[-46.1952,-23.9196],[-46.1956,-23.9196],[-46.1956,-23.92],[-46.196,-23.92],[-46.196,-23.9204],[-46.1964,-23.9204],[-46.1964,-23.9208],[-46.1968,-23.9208],[-46.1972,-23.9208],[-46.1972,-23.9212],[-46.1976,-23.9212],[-46.1976,-23.9216],[-46.198,-23.9216],[-46.1984,-23.9216],[-46.1984,-23.9244],[-46.1984,-23.9248],[-46.1988,-23.9248],[-46.1988,-23.9252],[-46.1992,-23.9252],[-46.1992,-23.9256],[-46.1996,-23.9256],[-46.2004,-23.9256],[-46.2004,-23.926],[-46.2008,-23.926],[-46.2008,-23.9264],[-46.2012,-23.9264],[-46.2012,-23.9268],[-46.2016,-23.9268],[-46.2016,-23.9284],[-46.202,-23.9284],[-46.202,-23.9288],[-46.2024,-23.9288],[-46.2024,-23.9292],[-46.2024,-23.9296],[-46.2028,-23.9296],[-46.2032,-23.9296],[-46.2032,-23.93],[-46.2032,-23.9308],[-46.2036,-23.9308],[-46.2036,-23.9324],[-46.2044,-23.9324],[-46.2044,-23.9328],[-46.2044,-23.9336],[-46.2048,-23.9336],[-46.2052,-23.9336],[-46.2052,-23.934],[-46.2052,-23.9344],[-46.2056,-23.9344],[-46.206,-23.9344],[-46.206,-23.9348],[-46.2064,-23.9348],[-46.2064,-23.9356],[-46.2064,-23.9364],[-46.2072,-23.9364],[-46.2076,-23.9364],[-46.2076,-23.9368],[-46.2084,-23.9368],[-46.2084,-23.9372],[-46.2084,-23.9376],[-46.2092,-23.9376],[-46.2092,-23.938],[-46.21,-23.938],[-46.21,-23.9384],[-46.2104,-23.9384],[-46.2104,-23.9388],[-46.2112,-23.9388],[-46.2112,-23.9392],[-46.2112,-23.9396],[-46.2116,-23.9396],[-46.2116,-23.94],[-46.212,-23.94],[-46.212,-23.9404],[-46.2124,-23.9404],[-46.2124,-23.9412],[-46.2128,-23.9412],[-46.2128,-23.9416],[-46.2132,-23.9416],[-46.2132,-23.9424],[-46.2136,-23.9424],[-46.214,-23.9424],[-46.214,-23.9428],[-46.214,-23.9424],[-46.214,-23.9408],[-46.2136,-23.94],[-46.2136,-23.9392],[-46.2136,-23.938],[-46.2136,-23.9368],[-46.2136,-23.9356],[-46.2136,-23.9348],[-46.2136,-23.9344],[-46.2136,-23.934],[-46.2136,-23.9336],[-46.2136,-23.9332],[-46.2136,-23.9328],[-46.2136,-23.932],[-46.2136,-23.9312],[-46.214,-23.9308],[-46.2136,-23.9304],[-46.2136,-23.93],[-46.2132,-23.9296],[-46.2132,-23.9292],[-46.2128,-23.9292],[-46.2124,-23.9288],[-46.2124,-23.9284],[-46.212,-23.9276],[-46.212,-23.9268],[-46.2128,-23.926],[-46.2132,-23.9252],[-46.2132,-23.9236],[-46.2136,-23.9216],[-46.2136,-23.9208],[-46.2136,-23.9188],[-46.2136,-23.9176],[-46.2136,-23.9168],[-46.2136,-23.916],[-46.2136,-23.9148],[-46.2128,-23.9156],[-46.212,-23.916],[-46.2112,-23.916],[-46.2108,-23.916],[-46.21,-23.9164],[-46.2084,-23.9164],[-46.2076,-23.916],[-46.2064,-23.9148],[-46.2052,-23.914],[-46.2044,-23.9132],[-46.204,-23.9128],[-46.2024,-23.912],[-46.2012,-23.9104],[-46.1996,-23.91],[-46.1976,-23.9088],[-46.1952,-23.9072],[-46.1936,-23.9056],[-46.1932,-23.9048],[-46.1932,-23.904],[-46.1928,-23.9028],[-46.1932,-23.9016],[-46.1928,-23.8992],[-46.1928,-23.8972],[-46.1924,-23.8968],[-46.1916,-23.8952],[-46.1904,-23.894],[-46.1896,-23.8932],[-46.1876,-23.892],[-46.1856,-23.8908],[-46.184,-23.8904],[-46.1828,-23.89],[-46.1784,-23.8888],[-46.176,-23.888],[-46.1732,-23.8872],[-46.1732,-23.8892],[-46.1736,-23.8892],[-46.1736,-23.8896],[-46.174,-23.8896],[-46.174,-23.89],[-46.1744,-23.89],[-46.1744,-23.8904],[-46.1748,-23.8904],[-46.1748,-23.8908],[-46.1752,-23.8908],[-46.1752,-23.8912],[-46.1756,-23.8912],[-46.1756,-23.8916],[-46.1756,-23.892],[-46.176,-23.892],[-46.176,-23.8928],[-46.1764,-23.8928],[-46.1764,-23.8936],[-46.1764,-23.894],[-46.1768,-23.894],[-46.1768,-23.8944],[-46.1772,-23.8944],[-46.1772,-23.8948],[-46.1776,-23.8948],[-46.178,-23.8948],[-46.178,-23.8952],[-46.1784,-23.8952],[-46.1784,-23.8956],[-46.1788,-23.8956],[-46.1792,-23.8956],[-46.1792,-23.896],[-46.1796,-23.896],[-46.1796,-23.8964],[-46.18,-23.8964],[-46.18,-23.8968],[-46.1804,-23.8968],[-46.1804,-23.8976],[-46.1804,-23.8984],[-46.1808,-23.8984],[-46.1808,-23.8992],[-46.1812,-23.8992],[-46.1812,-23.8996],[-46.1816,-23.8996],[-46.1824,-23.8996],[-46.1824,-23.9],[-46.1828,-23.9],[-46.1828,-23.9004],[-46.1836,-23.9004],[-46.1836,-23.9008],[-46.1832,-23.9008],[-46.1832,-23.9028],[-46.1836,-23.9028],[-46.1836,-23.9032],[-46.1836,-23.9036],[-46.184,-23.9036],[-46.1836,-23.9036],[-46.1836,-23.904],[-46.1836,-23.9044],[-46.1832,-23.9044],[-46.1832,-23.9048],[-46.1828,-23.9048],[-46.1824,-23.9048],[-46.1824,-23.9052],[-46.182,-23.9052],[-46.182,-23.9064],[-46.1824,-23.9064],[-46.1824,-23.9076],[-46.1824,-23.908],[-46.1828,-23.908],[-46.1828,-23.9088],[-46.1832,-23.9088],[-46.1836,-23.9088],[-46.1836,-23.9092],[-46.1836,-23.9096],[-46.184,-23.9096],[-46.184,-23.91],[-46.1844,-23.91],[-46.1844,-23.9104]]]}},{"type":"Feature","properties":{"dsubbc":"oceano","nome":"Drenagem direta ao oceano"},"geometry":{"type":"Polygon","coordinates":[[[-46.1664,-23.8908],[-46.1664,-23.8912],[-46.1668,-23.8912],[-46.1668,-23.892],[-46.1668,-23.8928],[-46.1672,-23.8928],[-46.1672,-23.8936],[-46.1676,-23.8936],[-46.1676,-23.894],[-46.1716,-23.894],[-46.1716,-23.8944],[-46.1716,-23.8948],[-46.1724,-23.8948],[-46.1728,-23.8948],[-46.1728,-23.8952],[-46.1732,-23.8952],[-46.1732,-23.8956],[-46.1736,-23.8956],[-46.1744,-23.8956],[-46.1744,-23.896],[-46.1744,-23.8964],[-46.1748,-23.8964],[-46.1748,-23.8976],[-46.1744,-23.8976],[-46.1744,-23.898],[-46.1744,-23.8984],[-46.174,-23.8984],[-46.174,-23.8988],[-46.1736,-23.8988],[-46.1736,-23.9008],[-46.1744,-23.9008],[-46.1744,-23.9016],[-46.1744,-23.9028],[-46.1748,-23.9028],[-46.1748,-23.904],[-46.1744,-23.904],[-46.1744,-23.9048],[-46.1748,-23.9048],[-46.1748,-23.9056],[-46.1752,-23.9056],[-46.1752,-23.9064],[-46.1756,-23.9064],[-46.1756,-23.9068],[-46.1764,-23.9068],[-46.1768,-23.9068],[-46.1768,-23.9072],[-46.1792,-23.9072],[-46.1792,-23.9076],[-46.1796,-23.9076],[-46.1796,-23.908],[-46.18,-23.908],[-46.18,-23.9096],[-46.1804,-23.9096],[-46.1804,-23.91],[-46.1808,-23.91],[-46.1808,-23.9108],[-46.1812,-23.9108],[-46.1812,-23.9112],[-46.1808,-23.9112],[-46.1808,-23.9116],[-46.1828,-23.9116],[-46.1828,-23.9112],[-46.1836,-23.9112],[-46.1836,-23.9108],[-46.184,-23.9108],[-46.1844,-23.9108],[-46.1844,-23.9104],[-46.1844,-23.91],[-46.184,-23.91],[-46.184,-23.9096],[-46.1836,-23.9096],[-46.1836,-23.9092],[-46.1836,-23.9088],[-46.1832,-23.9088],[-46.1828,-23.9088],[-46.1828,-23.908],[-46.1824,-23.908],[-46.1824,-23.9076],[-46.1824,-23.9064],[-46.182,-23.9064],[-46.182,-23.9052],[-46.1824,-23.9052],[-46.1824,-23.9048],[-46.1828,-23.9048],[-46.1832,-23.9048],[-46.1832,-23.9044],[-46.1836,-23.9044],[-46.1836,-23.904],[-46.1836,-23.9036],[-46.184,-23.9036],[-46.1836,-23.9036],[-46.1836,-23.9032],[-46.1836,-23.9028],[-46.1832,-23.9028],[-46.1832,-23.9008],[-46.1836,-23.9008],[-46.1836,-23.9004],[-46.1828,-23.9004],[-46.1828,-23.9],[-46.1824,-23.9],[-46.1824,-23.8996],[-46.1816,-23.8996],[-46.1812,-23.8996],[-46.1812,-23.8992],[-46.1808,-23.8992],[-46.1808,-23.8984],[-46.1804,-23.8984],[-46.1804,-23.8976],[-46.1804,-23.8968],[-46.18,-23.8968],[-46.18,-23.8964],[-46.1796,-23.8964],[-46.1796,-23.896],[-46.1792,-23.896],[-46.1792,-23.8956],[-46.1788,-23.8956],[-46.1784,-23.8956],[-46.1784,-23.8952],[-46.178,-23.8952],[-46.178,-23.8948],[-46.1776,-23.8948],[-46.1772,-23.8948],[-46.1772,-23.8944],[-46.1768,-23.8944],[-46.1768,-23.894],[-46.1764,-23.894],[-46.1764,-23.8936],[-46.1764,-23.8928],[-46.176,-23.8928],[-46.176,-23.892],[-46.1756,-23.892],[-46.1756,-23.8916],[-46.1756,-23.8912],[-46.1752,-23.8912],[-46.1752,-23.8908],[-46.1748,-23.8908],[-46.1748,-23.8904],[-46.1744,-23.8904],[-46.1744,-23.89],[-46.174,-23.89],[-46.174,-23.8896],[-46.1736,-23.8896],[-46.1736,-23.8892],[-46.1732,-23.8892],[-46.1732,-23.8872],[-46.1724,-23.8872],[-46.1724,-23.8876],[-46.1724,-23.888],[-46.172,-23.888],[-46.172,-23.8884],[-46.1716,-23.8884],[-46.1716,-23.8888],[-46.1712,-23.8888],[-46.1704,-23.8888],[-46.1704,-23.8892],[-46.17,-23.8892],[-46.17,-23.8896],[-46.1696,-23.8896],[-46.1696,-23.89],[-46.1688,-23.89],[-46.1684,-23.89],[-46.1684,-23.8904],[-46.1684,-23.8908],[-46.1664,-23.8908]]]}},{"type":"Feature","properties":{"dsubbc":"rio cubatao","nome":"Rio Cubatão"},"geometry":{"type":"Polygon","coordinates":[[[-46.3492,-23.9144],[-46.3532,-23.914],[-46.3576,-23.9136],[-46.3584,-23.9136],[-46.3636,-23.9132],[-46.368,-23.9132],[-46.3696,-23.9132],[-46.368,-23.9084],[-46.3676,-23.9036],[-46.3624,-23.8956],[-46.3596,-23.8932],[-46.3516,-23.8884],[-46.3488,-23.8872],[-46.3488,-23.888],[-46.3488,-23.8888],[-46.3488,-23.8896],[-46.3484,-23.8904],[-46.348,-23.8912],[-46.3488,-23.8916],[-46.3488,-23.892],[-46.3492,-23.8928],[-46.3496,-23.8936],[-46.3496,-23.8948],[-46.3496,-23.8964],[-46.3496,-23.8968],[-46.3496,-23.8972],[-46.3496,-23.898],[-46.3496,-23.8988],[-46.3496,-23.8996],[-46.3492,-23.9004],[-46.3492,-23.9012],[-46.3492,-23.9016],[-46.3488,-23.902],[-46.3488,-23.9024],[-46.3488,-23.9032],[-46.3488,-23.9044],[-46.3488,-23.9052],[-46.3484,-23.9064],[-46.3488,-23.9076],[-46.3488,-23.9084],[-46.3488,-23.9096],[-46.3488,-23.9108],[-46.3488,-23.912],[-46.3488,-23.9128],[-46.3492,-23.9144]]]}},{"type":"Feature","properties":{"dsubbc":"oceano","nome":"Drenagem direta ao oceano"},"geometry":{"type":"Polygon","coordinates":[[[-46.1616,-23.8868],[-46.1616,-23.8884],[-46.1612,-23.8884],[-46.1612,-23.8888],[-46.1608,-23.8888],[-46.16,-23.8888],[-46.16,-23.8892],[-46.1596,-23.8892],[-46.1596,-23.8896],[-46.1592,-23.8896],[-46.1592,-23.89],[-46.158,-23.89],[-46.158,-23.8896],[-46.1572,-23.8896],[-46.1572,-23.8892],[-46.1568,-23.8892],[-46.1568,-23.8888],[-46.156,-23.8888],[-46.1556,-23.8888],[-46.1556,-23.8884],[-46.1548,-23.8884],[-46.1548,-23.888],[-46.1544,-23.888],[-46.154,-23.888],[-46.154,-23.8888],[-46.1536,-23.8888],[-46.1536,-23.8892],[-46.1536,-23.89],[-46.1532,-23.89],[-46.1528,-23.89],[-46.1528,-23.8904],[-46.1528,-23.8908],[-46.1532,-23.8908],[-46.1532,-23.8916],[-46.1536,-23.8916],[-46.1536,-23.8924],[-46.1536,-23.8928],[-46.154,-23.8928],[-46.154,-23.8936],[-46.1544,-23.8936],[-46.1544,-23.8948],[-46.1548,-23.8948],[-46.1548,-23.8952],[-46.1532,-23.8964],[-46.152,-23.8972],[-46.1524,-23.8976],[-46.152,-23.8976],[-46.152,-23.898],[-46.1516,-23.898],[-46.1516,-23.8984],[-46.152,-23.8984],[-46.152,-23.8988],[-46.1524,-23.8988],[-46.1528,-23.8992],[-46.1532,-23.8996],[-46.1532,-23.9],[-46.1532,-23.9008],[-46.1532,-23.9012],[-46.1536,-23.9012],[-46.1556,-23.9004],[-46.1564,-23.9004],[-46.1564,-23.9008],[-46.1568,-23.9008],[-46.1568,-23.9012],[-46.1568,-23.9016],[-46.1572,-23.9016],[-46.1572,-23.902],[-46.1576,-23.902],[-46.1576,-23.9024],[-46.1576,-23.9028],[-46.1584,-23.9028],[-46.1592,-23.9028],[-46.1592,-23.9032],[-46.1596,-23.9032],[-46.1596,-23.9028],[-46.1604,-23.9028],[-46.1612,-23.9028],[-46.1616,-23.9028],[-46.1616,-23.9032],[-46.1616,-23.9036],[-46.162,-23.9036],[-46.1624,-23.9036],[-46.1624,-23.904],[-46.1648,-23.904],[-46.1648,-23.9028],[-46.1676,-23.9028],[-46.1688,-23.9028],[-46.1688,-23.9032],[-46.17,-23.9032],[-46.17,-23.9036],[-46.1712,-23.9036],[-46.1716,-23.9036],[-46.1716,-23.904],[-46.172,-23.904],[-46.172,-23.9044],[-46.1724,-23.9044],[-46.1724,-23.904],[-46.1744,-23.904],[-46.1748,-23.904],[-46.1748,-23.9028],[-46.1744,-23.9028],[-46.1744,-23.9016],[-46.1744,-23.9008],[-46.1736,-23.9008],[-46.1736,-23.8988],[-46.174,-23.8988],[-46.174,-23.8984],[-46.1744,-23.8984],[-46.1744,-23.898],[-46.1744,-23.8976],[-46.1748,-23.8976],[-46.1748,-23.8964],[-46.1744,-23.8964],[-46.1744,-23.896],[-46.1744,-23.8956],[-46.1736,-23.8956],[-46.1732,-23.8956],[-46.1732,-23.8952],[-46.1728,-23.8952],[-46.1728,-23.8948],[-46.1724,-23.8948],[-46.1716,-23.8948],[-46.1716,-23.8944],[-46.1716,-23.894],[-46.1676,-23.894],[-46.1676,-23.8936],[-46.1672,-23.8936],[-46.1672,-23.8928],[-46.1668,-23.8928],[-46.1668,-23.892],[-46.1668,-23.8912],[-46.1664,-23.8912],[-46.1664,-23.8908],[-46.166,-23.8908],[-46.166,-23.8904],[-46.1656,-23.8904],[-46.1656,-23.89],[-46.1648,-23.89],[-46.164,-23.89],[-46.164,-23.888],[-46.1636,-23.888],[-46.1636,-23.8876],[-46.1632,-23.8876],[-46.1632,-23.8872],[-46.1628,-23.8872],[-46.1628,-23.8868],[-46.162,-23.8868],[-46.1616,-23.8868]]]}},{"type":"Feature","properties":{"dsubbc":"rio cubatao","nome":"Rio Cubatão"},"geometry":{"type":"Polygon","coordinates":[[[-46.4628,-23.8964],[-46.4632,-23.8964],[-46.4632,-23.8968],[-46.4636,-23.8968],[-46.4636,-23.8972],[-46.4636,-23.8976],[-46.4636,-23.898],[-46.464,-23.8984],[-46.4644,-23.8988],[-46.4648,-23.8992],[-46.4652,-23.8992],[-46.466,-23.8996],[-46.4664,-23.9],[-46.4672,-23.9],[-46.468,-23.9004],[-46.4684,-23.8996],[-46.4684,-23.8992],[-46.4688,-23.8988],[-46.4688,-23.898],[-46.4692,-23.8976],[-46.4696,-23.8968],[-46.4696,-23.8964],[-46.4696,-23.896],[-46.4696,-23.8944],[-46.47,-23.8944],[-46.47,-23.894],[-46.47,-23.8936],[-46.4704,-23.8936],[-46.4708,-23.8936],[-46.4708,-23.8932],[-46.4708,-23.8928],[-46.4712,-23.8928],[-46.4716,-23.8928],[-46.4716,-23.8924],[-46.472,-23.8924],[-46.472,-23.892],[-46.472,-23.8916],[-46.4724,-23.8916],[-46.4728,-23.8916],[-46.4728,-23.8912],[-46.4728,-23.8908],[-46.4732,-23.8908],[-46.4736,-23.8908],[-46.4736,-23.8904],[-46.474,-23.8904],[-46.474,-23.89],[-46.474,-23.8896],[-46.4744,-23.8896],[-46.4748,-23.8896],[-46.4748,-23.8892],[-46.4748,-23.8888],[-46.4752,-23.8888],[-46.4756,-23.8888],[-46.4756,-23.8884],[-46.4756,-23.888],[-46.476,-23.888],[-46.4764,-23.888],[-46.4764,-23.8876],[-46.4768,-23.8876],[-46.4768,-23.8872],[-46.4768,-23.8868],[-46.4772,-23.8868],[-46.4764,-23.8868],[-46.4748,-23.8868],[-46.4748,-23.8872],[-46.4748,-23.8876],[-46.4744,-23.8876],[-46.4744,-23.888],[-46.474,-23.888],[-46.4732,-23.888],[-46.4732,-23.8884],[-46.4728,-23.8884],[-46.4728,-23.8888],[-46.4724,-23.8888],[-46.4724,-23.8892],[-46.472,-23.8892],[-46.472,-23.8896],[-46.4712,-23.8896],[-46.4712,-23.89],[-46.4708,-23.89],[-46.4708,-23.8904],[-46.47,-23.8904],[-46.47,-23.8908],[-46.4696,-23.8908],[-46.4696,-23.8912],[-46.4692,-23.8912],[-46.4688,-23.8912],[-46.4688,-23.8916],[-46.4684,-23.8916],[-46.4684,-23.892],[-46.4668,-23.892],[-46.4668,-23.8924],[-46.4664,-23.8924],[-46.4664,-23.8928],[-46.466,-23.8928],[-46.466,-23.8932],[-46.4656,-23.8932],[-46.4656,-23.8936],[-46.4652,-23.8936],[-46.4648,-23.8936],[-46.4648,-23.894],[-46.4644,-23.894],[-46.464,-23.8944],[-46.4636,-23.8948],[-46.4636,-23.8952],[-46.4632,-23.896],[-46.4628,-23.8964]]]}},{"type":"Feature","properties":{"dsubbc":"rio cubatao","nome":"Rio Cubatão"},"geometry":{"type":"Polygon","coordinates":[[[-46.454,-23.8856],[-46.454,-23.886],[-46.454,-23.8864],[-46.454,-23.8868],[-46.4536,-23.8868],[-46.4536,-23.8872],[-46.4536,-23.8876],[-46.4532,-23.888],[-46.4536,-23.8884],[-46.454,-23.8888],[-46.454,-23.8892],[-46.4544,-23.8892],[-46.4552,-23.89],[-46.4556,-23.8904],[-46.456,-23.8904],[-46.4564,-23.8912],[-46.4572,-23.892],[-46.4576,-23.8928],[-46.458,-23.8928],[-46.458,-23.8932],[-46.4588,-23.8936],[-46.4592,-23.8944],[-46.4596,-23.8952],[-46.46,-23.8956],[-46.4604,-23.8956],[-46.4604,-23.896],[-46.4612,-23.8948],[-46.462,-23.894],[-46.462,-23.8936],[-46.4628,-23.8928],[-46.4628,-23.8924],[-46.4632,-23.8916],[-46.4632,-23.8912],[-46.4636,-23.89],[-46.464,-23.89],[-46.464,-23.8896],[-46.4644,-23.8892],[-46.4644,-23.8888],[-46.4648,-23.888],[-46.4652,-23.8876],[-46.466,-23.8868],[-46.466,-23.8864],[-46.4652,-23.886],[-46.4644,-23.886],[-46.464,-23.886],[-46.4636,-23.8856],[-46.4628,-23.886],[-46.4624,-23.886],[-46.4616,-23.8856],[-46.4612,-23.886],[-46.4604,-23.886],[-46.46,-23.886],[-46.4592,-23.886],[-46.4588,-23.8856],[-46.458,-23.8856],[-46.4576,-23.8856],[-46.4572,-23.8856],[-46.4564,-23.886],[-46.4556,-23.8856],[-46.4552,-23.886],[-46.4548,-23.8856],[-46.4544,-23.8856],[-46.454,-23.8856]]]}},{"type":"Feature","properties":{"dsubbc":"rio cubatao","nome":"Rio Cubatão"},"geometry":{"type":"Polygon","coordinates":[[[-46.452,-23.884],[-46.4524,-23.884],[-46.4528,-23.8848],[-46.4532,-23.8848],[-46.4536,-23.8852],[-46.4536,-23.8856],[-46.454,-23.8856],[-46.4544,-23.8856],[-46.4548,-23.8856],[-46.4552,-23.886],[-46.4556,-23.8856],[-46.4564,-23.886],[-46.4572,-23.8856],[-46.4576,-23.8856],[-46.458,-23.8856],[-46.4588,-23.8856],[-46.4592,-23.886],[-46.46,-23.886],[-46.4604,-23.886],[-46.4612,-23.886],[-46.4616,-23.8856],[-46.4624,-23.886],[-46.4628,-23.886],[-46.4636,-23.8856],[-46.464,-23.886],[-46.4644,-23.886],[-46.4652,-23.886],[-46.466,-23.8864],[-46.4664,-23.8864],[-46.4668,-23.886],[-46.4668,-23.8856],[-46.4668,-23.8852],[-46.468,-23.8852],[-46.468,-23.8848],[-46.4684,-23.8848],[-46.4688,-23.8848],[-46.4688,-23.8844],[-46.4688,-23.884],[-46.4692,-23.884],[-46.4696,-23.884],[-46.4696,-23.8836],[-46.47,-23.8836],[-46.47,-23.8832],[-46.47,-23.8828],[-46.4704,-23.8828],[-46.4636,-23.8828],[-46.4636,-23.8824],[-46.4628,-23.8824],[-46.4616,-23.8824],[-46.4616,-23.882],[-46.4608,-23.882],[-46.4604,-23.882],[-46.46,-23.8824],[-46.4596,-23.8824],[-46.4592,-23.8824],[-46.4588,-23.8824],[-46.4588,-23.8828],[-46.4584,-23.8828],[-46.458,-23.8832],[-46.4576,-23.8832],[-46.4572,-23.8832],[-46.4568,-23.8832],[-46.456,-23.8832],[-46.4552,-23.8828],[-46.4548,-23.8828],[-46.4544,-23.8832],[-46.454,-23.8832],[-46.4536,-23.8832],[-46.4528,-23.8836],[-46.4524,-23.8836],[-46.452,-23.884]]]}},{"type":"Feature","properties":{"dsubbc":"rio cubatao","nome":"Rio Cubatão"},"geometry":{"type":"Polygon","coordinates":[[[-46.4772,-23.8868],[-46.4768,-23.8868],[-46.4768,-23.8872],[-46.4768,-23.8876],[-46.4764,-23.8876],[-46.4764,-23.888],[-46.476,-23.888],[-46.4756,-23.888],[-46.4756,-23.8884],[-46.4756,-23.8888],[-46.4752,-23.8888],[-46.4748,-23.8888],[-46.4748,-23.8892],[-46.4748,-23.8896],[-46.4744,-23.8896],[-46.474,-23.8896],[-46.474,-23.89],[-46.474,-23.8904],[-46.4736,-23.8904],[-46.4736,-23.8908],[-46.4732,-23.8908],[-46.4728,-23.8908],[-46.4728,-23.8912],[-46.4728,-23.8916],[-46.4724,-23.8916],[-46.472,-23.8916],[-46.472,-23.892],[-46.472,-23.8924],[-46.4716,-23.8924],[-46.4716,-23.8928],[-46.4712,-23.8928],[-46.4708,-23.8928],[-46.4708,-23.8932],[-46.4708,-23.8936],[-46.4704,-23.8936],[-46.47,-23.8936],[-46.47,-23.894],[-46.47,-23.8944],[-46.4696,-23.8944],[-46.4696,-23.896],[-46.4696,-23.8964],[-46.4696,-23.8968],[-46.4692,-23.8976],[-46.4688,-23.898],[-46.4688,-23.8988],[-46.4684,-23.8992],[-46.4684,-23.8996],[-46.468,-23.9004],[-46.4684,-23.9004],[-46.4688,-23.9004],[-46.4692,-23.9004],[-46.4704,-23.9004],[-46.4708,-23.9004],[-46.4716,-23.9008],[-46.472,-23.9008],[-46.4724,-23.9008],[-46.4736,-23.9012],[-46.4736,-23.9016],[-46.474,-23.9016],[-46.474,-23.9012],[-46.4744,-23.9012],[-46.4744,-23.9008],[-46.4744,-23.9004],[-46.4744,-23.9],[-46.4744,-23.8996],[-46.4748,-23.8992],[-46.4748,-23.8988],[-46.4748,-23.8984],[-46.4752,-23.8984],[-46.4752,-23.898],[-46.4756,-23.898],[-46.4756,-23.8976],[-46.476,-23.8976],[-46.476,-23.8972],[-46.4768,-23.8972],[-46.4768,-23.8968],[-46.4772,-23.8968],[-46.4772,-23.8964],[-46.4776,-23.8964],[-46.4776,-23.896],[-46.478,-23.896],[-46.478,-23.8956],[-46.4784,-23.8956],[-46.4788,-23.8956],[-46.4788,-23.8952],[-46.4788,-23.8948],[-46.4792,-23.8948],[-46.4796,-23.8948],[-46.4796,-23.8944],[-46.4796,-23.894],[-46.48,-23.894],[-46.48,-23.8936],[-46.4804,-23.8936],[-46.4808,-23.8936],[-46.4808,-23.8932],[-46.4808,-23.8928],[-46.4812,-23.8928],[-46.4816,-23.8928],[-46.4816,-23.8924],[-46.4816,-23.892],[-46.482,-23.892],[-46.482,-23.8916],[-46.4824,-23.8916],[-46.4828,-23.8916],[-46.4828,-23.8912],[-46.4828,-23.8908],[-46.4832,-23.8908],[-46.4836,-23.8908],[-46.4836,-23.8904],[-46.4832,-23.8904],[-46.4832,-23.89],[-46.4828,-23.89],[-46.4828,-23.8892],[-46.4828,-23.8884],[-46.4824,-23.8884],[-46.4824,-23.8868],[-46.4828,-23.8868],[-46.4828,-23.886],[-46.4828,-23.8856],[-46.4832,-23.8856],[-46.4832,-23.8852],[-46.4832,-23.8848],[-46.4828,-23.8848],[-46.4828,-23.884],[-46.4824,-23.884],[-46.4824,-23.8836],[-46.482,-23.8836],[-46.482,-23.8832],[-46.4816,-23.8832],[-46.4816,-23.8824],[-46.4816,-23.882],[-46.4812,-23.882],[-46.4808,-23.882],[-46.4808,-23.8824],[-46.4804,-23.8824],[-46.4804,-23.8828],[-46.48,-23.8828],[-46.4796,-23.8828],[-46.4796,-23.8832],[-46.4796,-23.8836],[-46.4792,-23.8836],[-46.4792,-23.884],[-46.4788,-23.884],[-46.4788,-23.8844],[-46.4784,-23.8844],[-46.4784,-23.8848],[-46.478,-23.8848],[-46.4776,-23.8848],[-46.4776,-23.886],[-46.4776,-23.8864],[-46.4772,-23.8864],[-46.4772,-23.8868]]]}},{"type":"Feature","properties":{"dsubbc":"oceano","nome":"Drenagem direta ao oceano"},"geometry":{"type":"Polygon","coordinates":[[[-46.1856,-23.8908],[-46.1876,-23.892],[-46.1896,-23.8932],[-46.1904,-23.894],[-46.1916,-23.8952],[-46.1948,-23.8936],[-46.196,-23.8924],[-46.1976,-23.892],[-46.1992,-23.8912],[-46.2,-23.89],[-46.2016,-23.8884],[-46.2036,-23.8864],[-46.204,-23.8844],[-46.2036,-23.8836],[-46.2032,-23.8824],[-46.204,-23.8816],[-46.2032,-23.8816],[-46.2028,-23.8816],[-46.2024,-23.8816],[-46.202,-23.8816],[-46.2016,-23.8816],[-46.2012,-23.8816],[-46.2004,-23.882],[-46.2,-23.882],[-46.1988,-23.8816],[-46.1984,-23.882],[-46.1976,-23.882],[-46.1972,-23.882],[-46.1964,-23.8824],[-46.196,-23.8824],[-46.1948,-23.8828],[-46.194,-23.8828],[-46.1932,-23.8832],[-46.1924,-23.8844],[-46.1916,-23.8848],[-46.1904,-23.886],[-46.1896,-23.8868],[-46.1888,-23.8876],[-46.1876,-23.8888],[-46.1864,-23.89],[-46.1856,-23.8908]]]}},{"type":"Feature","properties":{"dsubbc":"oceano","nome":"Drenagem direta ao oceano"},"geometry":{"type":"Polygon","coordinates":[[[-46.6124,-23.9084],[-46.6124,-23.9092],[-46.612,-23.9092],[-46.612,-23.9104],[-46.612,-23.9108],[-46.612,-23.9112],[-46.612,-23.9116],[-46.6116,-23.9116],[-46.6116,-23.9128],[-46.612,-23.9128],[-46.612,-23.9136],[-46.6116,-23.9136],[-46.6116,-23.914],[-46.6104,-23.914],[-46.6104,-23.9144],[-46.6092,-23.9144],[-46.6092,-23.916],[-46.6092,-23.9168],[-46.6096,-23.9168],[-46.61,-23.9168],[-46.61,-23.9184],[-46.61,-23.9192],[-46.6104,-23.9192],[-46.6104,-23.9196],[-46.6108,-23.9196],[-46.6108,-23.9208],[-46.6112,-23.9208],[-46.6112,-23.9212],[-46.6112,-23.9216],[-46.6108,-23.9216],[-46.6108,-23.922],[-46.6104,-23.922],[-46.6104,-23.9224],[-46.61,-23.9224],[-46.61,-23.9228],[-46.61,-23.9236],[-46.61,-23.9244],[-46.6104,-23.9244],[-46.61,-23.9244],[-46.61,-23.9248],[-46.61,-23.9252],[-46.6096,-23.9252],[-46.6096,-23.9264],[-46.6092,-23.9264],[-46.6092,-23.9272],[-46.612,-23.9272],[-46.612,-23.9292],[-46.612,-23.9296],[-46.6128,-23.9296],[-46.6128,-23.9312],[-46.6128,-23.932],[-46.6132,-23.932],[-46.6132,-23.9324],[-46.6136,-23.9324],[-46.614,-23.9324],[-46.614,-23.9328],[-46.614,-23.9332],[-46.614,-23.9336],[-46.6136,-23.9336],[-46.6132,-23.9336],[-46.6132,-23.934],[-46.6128,-23.934],[-46.6128,-23.9344],[-46.6128,-23.9348],[-46.6124,-23.9348],[-46.6124,-23.9352],[-46.612,-23.9352],[-46.612,-23.9356],[-46.6116,-23.9356],[-46.6116,-23.936],[-46.61,-23.936],[-46.6096,-23.936],[-46.6096,-23.9356],[-46.6092,-23.9356],[-46.6092,-23.9376],[-46.6092,-23.9384],[-46.6088,-23.9384],[-46.6092,-23.9384],[-46.6092,-23.9388],[-46.6092,-23.9412],[-46.6096,-23.9412],[-46.6096,-23.9416],[-46.61,-23.9416],[-46.61,-23.942],[-46.6084,-23.942],[-46.6084,-23.9424],[-46.608,-23.9424],[-46.608,-23.9428],[-46.6076,-23.9428],[-46.6076,-23.9432],[-46.6072,-23.9432],[-46.6072,-23.9436],[-46.6072,-23.9444],[-46.6072,-23.9456],[-46.6072,-23.9464],[-46.6076,-23.9464],[-46.6076,-23.9476],[-46.608,-23.9476],[-46.608,-23.948],[-46.6084,-23.948],[-46.6088,-23.948],[-46.6088,-23.9484],[-46.6092,-23.9484],[-46.6096,-23.9484],[-46.6096,-23.9488],[-46.61,-23.9488],[-46.61,-23.9492],[-46.6104,-23.9492],[-46.6104,-23.9496],[-46.6108,-23.9496],[-46.6108,-23.9508],[-46.6104,-23.9508],[-46.6104,-23.9516],[-46.61,-23.9516],[-46.61,-23.9524],[-46.6104,-23.9524],[-46.6108,-23.9524],[-46.6108,-23.9536],[-46.6112,-23.9536],[-46.6112,-23.954],[-46.6112,-23.9536],[-46.614,-23.9536],[-46.614,-23.954],[-46.6148,-23.954],[-46.6148,-23.9544],[-46.6152,-23.9544],[-46.6152,-23.9548],[-46.6156,-23.9548],[-46.6156,-23.9552],[-46.616,-23.9552],[-46.616,-23.9556],[-46.6156,-23.9556],[-46.6156,-23.956],[-46.6152,-23.956],[-46.6152,-23.9564],[-46.6148,-23.9564],[-46.6148,-23.9572],[-46.6144,-23.9572],[-46.614,-23.9572],[-46.614,-23.9576],[-46.614,-23.9592],[-46.6136,-23.9592],[-46.6132,-23.9592],[-46.6132,-23.9596],[-46.612,-23.9596],[-46.612,-23.96],[-46.612,-23.9604],[-46.6116,-23.9604],[-46.6112,-23.9604],[-46.6112,-23.9608],[-46.6112,-23.9616],[-46.6108,-23.9616],[-46.6108,-23.9624],[-46.6104,-23.9624],[-46.61,-23.9624],[-46.61,-23.9628],[-46.61,-23.9632],[-46.6096,-23.9632],[-46.6092,-23.9632],[-46.6092,-23.9636],[-46.6092,-23.964],[-46.6092,-23.9644],[-46.61,-23.9644],[-46.61,-23.966],[-46.61,-23.9664],[-46.6096,-23.9664],[-46.6092,-23.9664],[-46.6092,-23.9668],[-46.608,-23.9668],[-46.608,-23.9664],[-46.6076,-23.9664],[-46.6072,-23.9664],[-46.6072,-23.966],[-46.6064,-23.966],[-46.6064,-23.9656],[-46.6056,-23.9656],[-46.6056,-23.9652],[-46.6052,-23.9652],[-46.604,-23.9652],[-46.6032,-23.9652],[-46.6032,-23.9656],[-46.602,-23.9656],[-46.602,-23.9652],[-46.5992,-23.9652],[-46.5984,-23.9652],[-46.5984,-23.9648],[-46.598,-23.9648],[-46.598,-23.9644],[-46.5976,-23.9644],[-46.5976,-23.964],[-46.5972,-23.964],[-46.5972,-23.9636],[-46.5972,-23.9632],[-46.5968,-23.9632],[-46.5968,-23.9636],[-46.5964,-23.9636],[-46.5964,-23.9648],[-46.596,-23.9648],[-46.596,-23.9652],[-46.5952,-23.9652],[-46.5948,-23.9652],[-46.5948,-23.966],[-46.5948,-23.9676],[-46.5948,-23.9684],[-46.5944,-23.9688],[-46.594,-23.9696],[-46.5936,-23.97],[-46.5936,-23.9716],[-46.5932,-23.9716],[-46.5932,-23.972],[-46.594,-23.972],[-46.594,-23.9724],[-46.5944,-23.9724],[-46.5944,-23.9728],[-46.5948,-23.9728],[-46.5948,-23.9732],[-46.5952,-23.9732],[-46.5952,-23.9752],[-46.5952,-23.9756],[-46.5956,-23.9756],[-46.5956,-23.976],[-46.596,-23.976],[-46.596,-23.9764],[-46.5964,-23.9764],[-46.5964,-23.9772],[-46.5968,-23.9772],[-46.5972,-23.9772],[-46.5972,-23.98],[-46.5968,-23.98],[-46.5968,-23.9812],[-46.5964,-23.9812],[-46.596,-23.9812],[-46.596,-23.9816],[-46.596,-23.982],[-46.5956,-23.982],[-46.5956,-23.9824],[-46.5952,-23.9824],[-46.5952,-23.982],[-46.5944,-23.982],[-46.594,-23.982],[-46.594,-23.9824],[-46.5932,-23.9824],[-46.5924,-23.9824],[-46.5916,-23.9824],[-46.5912,-23.9824],[-46.5912,-23.9864],[-46.5916,-23.9864],[-46.592,-23.9864],[-46.592,-23.9868],[-46.5936,-23.9868],[-46.5936,-23.9872],[-46.594,-23.9872],[-46.5944,-23.9872],[-46.5944,-23.9876],[-46.5948,-23.9876],[-46.5948,-23.988],[-46.5952,-23.988],[-46.5952,-23.9884],[-46.5952,-23.9904],[-46.5952,-23.9908],[-46.5948,-23.9908],[-46.5948,-23.9912],[-46.5944,-23.9912],[-46.594,-23.9912],[-46.594,-23.992],[-46.5936,-23.992],[-46.5936,-23.9928],[-46.5932,-23.9928],[-46.5932,-23.9932],[-46.5928,-23.9932],[-46.5928,-23.9936],[-46.5924,-23.9936],[-46.5924,-23.994],[-46.5928,-23.994],[-46.5928,-23.9956],[-46.5928,-23.996],[-46.5932,-23.996],[-46.5932,-23.9964],[-46.5936,-23.9964],[-46.5936,-23.9968],[-46.5932,-23.9968],[-46.5932,-23.9972],[-46.5932,-23.9976],[-46.596,-23.9968],[-46.604,-23.996],[-46.6096,-23.9984],[-46.6168,-24.0032],[-46.6256,-24.0076],[-46.6316,-24.01],[-46.6356,-24.0092],[-46.6408,-24.0084],[-46.648,-24.0108],[-46.662,-24.0176],[-46.6796,-24.0244],[-46.6868,-24.0284],[-46.6912,-24.0312],[-46.6976,-24.0356],[-46.7016,-24.044],[-46.7044,-24.0436],[-46.7116,-24.0452],[-46.718,-24.0468],[-46.7244,-24.0496],[-46.7292,-24.0524],[-46.736,-24.0584],[-46.7436,-24.0648],[-46.7468,-24.0692],[-46.7492,-24.078],[-46.7544,-24.0792],[-46.7556,-24.078],[-46.7588,-24.0768],[-46.7624,-24.076],[-46.766,-24.076],[-46.7696,-24.0776],[-46.7724,-24.0792],[-46.7768,-24.082],[-46.7844,-24.082],[-46.7872,-24.0808],[-46.7924,-24.0808],[-46.796,-24.0784],[-46.7972,-24.0796],[-46.7984,-24.0824],[-46.8024,-24.0844],[-46.8056,-24.0896],[-46.81,-24.0912],[-46.8104,-24.0912],[-46.8108,-24.0912],[-46.8108,-24.0908],[-46.8108,-24.0904],[-46.8104,-24.09],[-46.81,-24.09],[-46.8092,-24.0892],[-46.8092,-24.0888],[-46.8088,-24.0888],[-46.8088,-24.0884],[-46.8092,-24.0884],[-46.8096,-24.0884],[-46.8104,-24.088],[-46.8108,-24.088],[-46.8112,-24.0876],[-46.8112,-24.0872],[-46.8112,-24.0868],[-46.8108,-24.0852],[-46.8104,-24.0852],[-46.8104,-24.0848],[-46.8104,-24.0844],[-46.8108,-24.084],[-46.8108,-24.0836],[-46.8112,-24.0836],[-46.8116,-24.0836],[-46.812,-24.084],[-46.8124,-24.0844],[-46.8128,-24.0844],[-46.8132,-24.084],[-46.8152,-24.0824],[-46.8156,-24.0824],[-46.816,-24.0824],[-46.8164,-24.0828],[-46.8164,-24.0832],[-46.816,-24.0836],[-46.8156,-24.0844],[-46.816,-24.0848],[-46.8164,-24.0848],[-46.8168,-24.0844],[-46.8172,-24.084],[-46.8172,-24.0836],[-46.8176,-24.0836],[-46.818,-24.0836],[-46.8184,-24.0836],[-46.8188,-24.0832],[-46.8192,-24.0828],[-46.8192,-24.0824],[-46.8196,-24.082],[-46.8196,-24.0812],[-46.82,-24.0812],[-46.82,-24.0808],[-46.8204,-24.0804],[-46.8208,-24.08],[-46.8212,-24.08],[-46.8216,-24.0796],[-46.8216,-24.0788],[-46.8216,-24.0784],[-46.8216,-24.0776],[-46.8216,-24.0768],[-46.8216,-24.0764],[-46.8208,-24.0748],[-46.8208,-24.0744],[-46.8164,-24.0728],[-46.8124,-24.064],[-46.8124,-24.0604],[-46.8164,-24.0572],[-46.8184,-24.054],[-46.8184,-24.0512],[-46.818,-24.048],[-46.8164,-24.0444],[-46.812,-24.042],[-46.8088,-24.0368],[-46.8076,-24.0328],[-46.8072,-24.0316],[-46.8036,-24.03],[-46.7988,-24.0284],[-46.7936,-24.026],[-46.7892,-24.0236],[-46.784,-24.0204],[-46.7788,-24.0184],[-46.7732,-24.0164],[-46.768,-24.0144],[-46.7648,-24.0128],[-46.7656,-24.01],[-46.7672,-24.0076],[-46.768,-24.006],[-46.7668,-24.006],[-46.7632,-24.0036],[-46.758,-24.002],[-46.7532,-23.9976],[-46.75,-23.9948],[-46.7472,-23.992],[-46.7444,-23.9852],[-46.7432,-23.9736],[-46.7436,-23.9624],[-46.7452,-23.9536],[-46.748,-23.9468],[-46.754,-23.9384],[-46.7576,-23.9308],[-46.76,-23.9232],[-46.7604,-23.9112],[-46.7624,-23.9052],[-46.7636,-23.9024],[-46.7612,-23.8972],[-46.756,-23.8944],[-46.7516,-23.892],[-46.75,-23.8888],[-46.7496,-23.8888],[-46.7484,-23.8888],[-46.7484,-23.8884],[-46.748,-23.8884],[-46.748,-23.888],[-46.7472,-23.888],[-46.7472,-23.8876],[-46.7472,-23.888],[-46.746,-23.888],[-46.746,-23.8888],[-46.7456,-23.8888],[-46.7456,-23.8892],[-46.7452,-23.8892],[-46.7452,-23.8896],[-46.7448,-23.8896],[-46.7448,-23.89],[-46.744,-23.89],[-46.7436,-23.89],[-46.7436,-23.8904],[-46.7432,-23.8904],[-46.7432,-23.8912],[-46.74,-23.8912],[-46.74,-23.8904],[-46.74,-23.89],[-46.7384,-23.89],[-46.7384,-23.8896],[-46.738,-23.8896],[-46.738,-23.8892],[-46.738,-23.888],[-46.7376,-23.888],[-46.7376,-23.8876],[-46.7344,-23.8876],[-46.7344,-23.888],[-46.734,-23.888],[-46.734,-23.8884],[-46.734,-23.8888],[-46.7332,-23.8888],[-46.7332,-23.8892],[-46.7332,-23.8904],[-46.7332,-23.8912],[-46.7308,-23.8912],[-46.7308,-23.8916],[-46.7304,-23.8916],[-46.7304,-23.8908],[-46.7304,-23.8904],[-46.73,-23.8904],[-46.73,-23.89],[-46.7288,-23.89],[-46.7276,-23.89],[-46.7276,-23.8896],[-46.7272,-23.8896],[-46.7272,-23.89],[-46.7252,-23.89],[-46.7244,-23.89],[-46.7244,-23.8896],[-46.7244,-23.8892],[-46.724,-23.8892],[-46.724,-23.8888],[-46.7232,-23.8888],[-46.722,-23.8888],[-46.7216,-23.8888],[-46.7216,-23.89],[-46.7212,-23.89],[-46.7212,-23.8908],[-46.7196,-23.8908],[-46.7196,-23.8912],[-46.7192,-23.8912],[-46.7192,-23.8908],[-46.7184,-23.8908],[-46.718,-23.8908],[-46.7172,-23.8908],[-46.7152,-23.8908],[-46.7152,-23.89],[-46.7148,-23.89],[-46.7148,-23.8896],[-46.7144,-23.8896],[-46.7144,-23.8892],[-46.7144,-23.888],[-46.714,-23.888],[-46.714,-23.8872],[-46.7136,-23.888],[-46.7124,-23.8888],[-46.712,-23.8896],[-46.7112,-23.8888],[-46.7104,-23.888],[-46.7096,-23.8872],[-46.7088,-23.8864],[-46.7084,-23.8868],[-46.7072,-23.8872],[-46.7052,-23.8872],[-46.7032,-23.8868],[-46.6996,-23.886],[-46.698,-23.8852],[-46.6964,-23.8856],[-46.6956,-23.8852],[-46.6936,-23.8852],[-46.6924,-23.886],[-46.6908,-23.886],[-46.6896,-23.8868],[-46.6884,-23.8868],[-46.688,-23.886],[-46.6872,-23.8844],[-46.6856,-23.8848],[-46.6836,-23.886],[-46.6812,-23.8888],[-46.6784,-23.8908],[-46.6768,-23.8916],[-46.676,-23.892],[-46.6756,-23.8916],[-46.6748,-23.8908],[-46.674,-23.8908],[-46.6736,-23.892],[-46.6736,-23.8936],[-46.6724,-23.8944],[-46.6716,-23.894],[-46.6712,-23.8932],[-46.6712,-23.8916],[-46.6708,-23.8908],[-46.6696,-23.89],[-46.6684,-23.8908],[-46.6664,-23.892],[-46.6648,-23.8928],[-46.6632,-23.8928],[-46.662,-23.892],[-46.6616,-23.8908],[-46.6616,-23.8892],[-46.662,-23.8876],[-46.6616,-23.8872],[-46.6604,-23.8868],[-46.6592,-23.8868],[-46.6588,-23.886],[-46.658,-23.884],[-46.6572,-23.8824],[-46.6568,-23.882],[-46.6564,-23.882],[-46.6564,-23.8824],[-46.6556,-23.8824],[-46.6556,-23.8828],[-46.654,-23.8828],[-46.6536,-23.8828],[-46.6536,-23.8832],[-46.6532,-23.8832],[-46.6532,-23.8828],[-46.6524,-23.8828],[-46.652,-23.8828],[-46.652,-23.8824],[-46.6508,-23.8824],[-46.6508,-23.882],[-46.6488,-23.882],[-46.6468,-23.882],[-46.6468,-23.8816],[-46.6468,-23.8812],[-46.644,-23.8812],[-46.6436,-23.8812],[-46.6436,-23.8816],[-46.6436,-23.882],[-46.6432,-23.882],[-46.6428,-23.882],[-46.6428,-23.8824],[-46.6428,-23.8828],[-46.6424,-23.8828],[-46.642,-23.8828],[-46.642,-23.8832],[-46.6416,-23.8832],[-46.6416,-23.884],[-46.6412,-23.884],[-46.6412,-23.8848],[-46.6408,-23.8848],[-46.6408,-23.886],[-46.6404,-23.886],[-46.6404,-23.8864],[-46.64,-23.8864],[-46.64,-23.8868],[-46.6392,-23.8868],[-46.6388,-23.8868],[-46.6388,-23.8872],[-46.6388,-23.8868],[-46.6384,-23.8868],[-46.6384,-23.8864],[-46.638,-23.8864],[-46.638,-23.886],[-46.6376,-23.886],[-46.6376,-23.8856],[-46.6376,-23.8852],[-46.6372,-23.8852],[-46.6372,-23.8848],[-46.6368,-23.8848],[-46.6368,-23.884],[-46.6368,-23.8836],[-46.6364,-23.8836],[-46.6356,-23.8836],[-46.6356,-23.884],[-46.6352,-23.884],[-46.634,-23.884],[-46.634,-23.8844],[-46.6336,-23.8844],[-46.6336,-23.8848],[-46.6328,-23.8848],[-46.6328,-23.8844],[-46.6328,-23.8848],[-46.6324,-23.8848],[-46.63,-23.8848],[-46.63,-23.8852],[-46.6304,-23.8852],[-46.6304,-23.8856],[-46.6308,-23.8856],[-46.6308,-23.886],[-46.6312,-23.886],[-46.6312,-23.8868],[-46.6308,-23.8868],[-46.6308,-23.8888],[-46.6308,-23.8896],[-46.6304,-23.8896],[-46.6304,-23.89],[-46.63,-23.89],[-46.6296,-23.89],[-46.6296,-23.8904],[-46.6296,-23.8912],[-46.6292,-23.8912],[-46.6292,-23.892],[-46.6288,-23.892],[-46.6288,-23.8928],[-46.6284,-23.8928],[-46.628,-23.8928],[-46.628,-23.8932],[-46.628,-23.8936],[-46.6276,-23.8936],[-46.6276,-23.894],[-46.6272,-23.894],[-46.6272,-23.8944],[-46.6268,-23.8944],[-46.6268,-23.8948],[-46.6268,-23.8952],[-46.6264,-23.8952],[-46.6264,-23.896],[-46.626,-23.896],[-46.626,-23.8968],[-46.6256,-23.8968],[-46.6256,-23.8972],[-46.6252,-23.8972],[-46.6252,-23.8976],[-46.6248,-23.8976],[-46.6248,-23.8972],[-46.6244,-23.8972],[-46.6244,-23.8968],[-46.624,-23.8968],[-46.624,-23.8972],[-46.624,-23.898],[-46.6236,-23.898],[-46.6236,-23.8992],[-46.624,-23.8992],[-46.624,-23.9],[-46.6236,-23.9],[-46.6232,-23.9],[-46.6232,-23.9004],[-46.6228,-23.9004],[-46.6228,-23.9008],[-46.6228,-23.9012],[-46.6212,-23.9012],[-46.6212,-23.9016],[-46.6216,-23.9016],[-46.6216,-23.9032],[-46.6216,-23.9036],[-46.62,-23.9036],[-46.62,-23.904],[-46.6188,-23.904],[-46.618,-23.904],[-46.618,-23.9044],[-46.618,-23.9048],[-46.6176,-23.9048],[-46.6176,-23.906],[-46.6172,-23.906],[-46.6172,-23.9064],[-46.6168,-23.9064],[-46.6168,-23.906],[-46.6148,-23.906],[-46.6148,-23.9064],[-46.6144,-23.9064],[-46.6144,-23.9068],[-46.614,-23.9068],[-46.614,-23.9072],[-46.614,-23.9076],[-46.6136,-23.9076],[-46.6136,-23.908],[-46.6132,-23.908],[-46.6132,-23.9084],[-46.6124,-23.9084]]]}},{"type":"Feature","properties":{"dsubbc":"oceano","nome":"Drenagem direta ao oceano"},"geometry":{"type":"Polygon","coordinates":[[[-46.152,-23.8972],[-46.1532,-23.8964],[-46.1548,-23.8952],[-46.1548,-23.8948],[-46.1544,-23.8948],[-46.1544,-23.8936],[-46.154,-23.8936],[-46.154,-23.8928],[-46.1536,-23.8928],[-46.1536,-23.8924],[-46.1536,-23.8916],[-46.1532,-23.8916],[-46.1532,-23.8908],[-46.1528,-23.8908],[-46.1528,-23.8904],[-46.1528,-23.89],[-46.1532,-23.89],[-46.1536,-23.89],[-46.1536,-23.8892],[-46.1536,-23.8888],[-46.154,-23.8888],[-46.154,-23.888],[-46.1544,-23.888],[-46.154,-23.888],[-46.154,-23.8876],[-46.1536,-23.8876],[-46.1536,-23.8872],[-46.1536,-23.8868],[-46.1532,-23.8868],[-46.1528,-23.8868],[-46.1528,-23.886],[-46.1524,-23.886],[-46.1524,-23.8856],[-46.152,-23.8856],[-46.152,-23.8848],[-46.1516,-23.8848],[-46.1512,-23.8848],[-46.1512,-23.8844],[-46.1508,-23.8844],[-46.1508,-23.884],[-46.1504,-23.884],[-46.1504,-23.8836],[-46.1492,-23.8836],[-46.1492,-23.8832],[-46.1488,-23.8832],[-46.1488,-23.8828],[-46.1484,-23.8828],[-46.148,-23.8828],[-46.148,-23.8824],[-46.1476,-23.8824],[-46.1476,-23.882],[-46.1472,-23.882],[-46.1472,-23.8816],[-46.1468,-23.8816],[-46.1468,-23.8812],[-46.1468,-23.8808],[-46.1412,-23.8808],[-46.1412,-23.8812],[-46.1412,-23.8816],[-46.1408,-23.8824],[-46.1404,-23.8828],[-46.14,-23.8828],[-46.1396,-23.8828],[-46.1392,-23.8828],[-46.1392,-23.8832],[-46.1396,-23.8832],[-46.1396,-23.8836],[-46.1396,-23.884],[-46.14,-23.884],[-46.1396,-23.8844],[-46.1392,-23.8844],[-46.1392,-23.8848],[-46.1388,-23.8848],[-46.1384,-23.8848],[-46.138,-23.8848],[-46.1376,-23.8848],[-46.1376,-23.8852],[-46.1376,-23.8856],[-46.138,-23.8856],[-46.138,-23.886],[-46.138,-23.8864],[-46.138,-23.8868],[-46.138,-23.8872],[-46.1384,-23.8876],[-46.1384,-23.888],[-46.1384,-23.8884],[-46.1384,-23.8888],[-46.1384,-23.8892],[-46.1384,-23.8896],[-46.1384,-23.89],[-46.1388,-23.8904],[-46.1392,-23.8908],[-46.1392,-23.8912],[-46.14,-23.8916],[-46.1404,-23.8916],[-46.1404,-23.892],[-46.1412,-23.892],[-46.1416,-23.892],[-46.1424,-23.8924],[-46.1428,-23.8924],[-46.1432,-23.8928],[-46.1436,-23.8928],[-46.144,-23.8928],[-46.1448,-23.8928],[-46.1456,-23.8932],[-46.146,-23.8932],[-46.1464,-23.8932],[-46.1468,-23.8932],[-46.1476,-23.8932],[-46.1476,-23.8936],[-46.148,-23.8936],[-46.1488,-23.8936],[-46.1488,-23.894],[-46.1492,-23.894],[-46.15,-23.8944],[-46.1504,-23.8948],[-46.1508,-23.8952],[-46.1512,-23.8956],[-46.1516,-23.896],[-46.152,-23.8968],[-46.152,-23.8972]]]}},{"type":"Feature","properties":{"dsubbc":"rio cubatao","nome":"Rio Cubatão"},"geometry":{"type":"Polygon","coordinates":[[[-46.4504,-23.8828],[-46.4508,-23.8832],[-46.4512,-23.8832],[-46.4516,-23.8836],[-46.452,-23.884],[-46.4524,-23.8836],[-46.4528,-23.8836],[-46.4536,-23.8832],[-46.454,-23.8832],[-46.4544,-23.8832],[-46.4548,-23.8828],[-46.4552,-23.8828],[-46.456,-23.8832],[-46.4568,-23.8832],[-46.4572,-23.8832],[-46.4576,-23.8832],[-46.458,-23.8832],[-46.4584,-23.8828],[-46.4588,-23.8828],[-46.4588,-23.8824],[-46.4592,-23.8824],[-46.4596,-23.8824],[-46.46,-23.8824],[-46.4604,-23.882],[-46.4608,-23.882],[-46.4616,-23.882],[-46.4616,-23.8824],[-46.4628,-23.8824],[-46.4628,-23.882],[-46.462,-23.882],[-46.4616,-23.882],[-46.4616,-23.8816],[-46.4612,-23.8816],[-46.4612,-23.8812],[-46.4576,-23.8812],[-46.4576,-23.8808],[-46.456,-23.8808],[-46.4548,-23.8808],[-46.4544,-23.8808],[-46.4544,-23.8812],[-46.454,-23.8812],[-46.454,-23.8816],[-46.4528,-23.8816],[-46.4524,-23.8816],[-46.452,-23.882],[-46.4516,-23.882],[-46.4516,-23.8824],[-46.4512,-23.8824],[-46.4508,-23.8824],[-46.4504,-23.8824],[-46.4504,-23.8828]]]}},{"type":"Feature","properties":{"dsubbc":"rio cubatao","nome":"Rio Cubatão"},"geometry":{"type":"Polygon","coordinates":[[[-46.476,-23.878],[-46.476,-23.8788],[-46.4756,-23.8788],[-46.4756,-23.8792],[-46.4752,-23.8792],[-46.4752,-23.8796],[-46.4748,-23.8796],[-46.4748,-23.88],[-46.4744,-23.88],[-46.4744,-23.8808],[-46.474,-23.8808],[-46.474,-23.8812],[-46.4736,-23.8812],[-46.4736,-23.8816],[-46.4732,-23.8816],[-46.4732,-23.882],[-46.4728,-23.882],[-46.4724,-23.882],[-46.4724,-23.8824],[-46.472,-23.8824],[-46.472,-23.8828],[-46.4708,-23.8828],[-46.4704,-23.8828],[-46.47,-23.8828],[-46.47,-23.8832],[-46.47,-23.8836],[-46.4696,-23.8836],[-46.4696,-23.884],[-46.4692,-23.884],[-46.4688,-23.884],[-46.4688,-23.8844],[-46.4688,-23.8848],[-46.4684,-23.8848],[-46.468,-23.8848],[-46.468,-23.8852],[-46.4668,-23.8852],[-46.4668,-23.8856],[-46.4668,-23.886],[-46.4664,-23.8864],[-46.466,-23.8864],[-46.466,-23.8868],[-46.4652,-23.8876],[-46.4648,-23.888],[-46.4644,-23.8888],[-46.4644,-23.8892],[-46.464,-23.8896],[-46.464,-23.89],[-46.4636,-23.89],[-46.4632,-23.8912],[-46.4632,-23.8916],[-46.4628,-23.8924],[-46.4628,-23.8928],[-46.462,-23.8936],[-46.462,-23.894],[-46.4612,-23.8948],[-46.4604,-23.896],[-46.4608,-23.896],[-46.4612,-23.896],[-46.4616,-23.896],[-46.4624,-23.896],[-46.4628,-23.8964],[-46.4632,-23.896],[-46.4636,-23.8952],[-46.4636,-23.8948],[-46.464,-23.8944],[-46.4644,-23.894],[-46.4648,-23.894],[-46.4648,-23.8936],[-46.4652,-23.8936],[-46.4656,-23.8936],[-46.4656,-23.8932],[-46.466,-23.8932],[-46.466,-23.8928],[-46.4664,-23.8928],[-46.4664,-23.8924],[-46.4668,-23.8924],[-46.4668,-23.892],[-46.4684,-23.892],[-46.4684,-23.8916],[-46.4688,-23.8916],[-46.4688,-23.8912],[-46.4692,-23.8912],[-46.4696,-23.8912],[-46.4696,-23.8908],[-46.47,-23.8908],[-46.47,-23.8904],[-46.4708,-23.8904],[-46.4708,-23.89],[-46.4712,-23.89],[-46.4712,-23.8896],[-46.472,-23.8896],[-46.472,-23.8892],[-46.4724,-23.8892],[-46.4724,-23.8888],[-46.4728,-23.8888],[-46.4728,-23.8884],[-46.4732,-23.8884],[-46.4732,-23.888],[-46.474,-23.888],[-46.4744,-23.888],[-46.4744,-23.8876],[-46.4748,-23.8876],[-46.4748,-23.8872],[-46.4748,-23.8868],[-46.4764,-23.8868],[-46.4772,-23.8868],[-46.4772,-23.8864],[-46.4776,-23.8864],[-46.4776,-23.886],[-46.4776,-23.8848],[-46.478,-23.8848],[-46.4784,-23.8848],[-46.4784,-23.8844],[-46.4788,-23.8844],[-46.4788,-23.884],[-46.4792,-23.884],[-46.4792,-23.8836],[-46.4796,-23.8836],[-46.4796,-23.8832],[-46.4796,-23.8828],[-46.48,-23.8828],[-46.4804,-23.8828],[-46.4804,-23.8824],[-46.4808,-23.8824],[-46.4808,-23.882],[-46.4812,-23.882],[-46.4812,-23.8816],[-46.4808,-23.8816],[-46.4808,-23.8808],[-46.4804,-23.8808],[-46.4804,-23.88],[-46.48,-23.88],[-46.48,-23.8796],[-46.4796,-23.8796],[-46.4796,-23.8792],[-46.4796,-23.8788],[-46.4792,-23.8788],[-46.4792,-23.878],[-46.4788,-23.878],[-46.4772,-23.878],[-46.476,-23.878]]]}},{"type":"Feature","properties":{"dsubbc":"oceano","nome":"Drenagem direta ao oceano"},"geometry":{"type":"Polygon","coordinates":[[[-46.204,-23.8816],[-46.2032,-23.8824],[-46.2036,-23.8836],[-46.204,-23.8844],[-46.2036,-23.8864],[-46.2016,-23.8884],[-46.2,-23.89],[-46.1992,-23.8912],[-46.1976,-23.892],[-46.196,-23.8924],[-46.1948,-23.8936],[-46.1916,-23.8952],[-46.1924,-23.8968],[-46.1928,-23.8972],[-46.1928,-23.8992],[-46.1932,-23.9016],[-46.1928,-23.9028],[-46.1932,-23.904],[-46.1932,-23.9048],[-46.1936,-23.9056],[-46.1952,-23.9072],[-46.1976,-23.9088],[-46.1996,-23.91],[-46.2012,-23.9104],[-46.2024,-23.912],[-46.204,-23.9128],[-46.2044,-23.9132],[-46.2052,-23.9124],[-46.2056,-23.9112],[-46.206,-23.91],[-46.2064,-23.9092],[-46.2068,-23.9084],[-46.2068,-23.9072],[-46.2072,-23.9068],[-46.2072,-23.906],[-46.2076,-23.9052],[-46.2076,-23.9044],[-46.2076,-23.9036],[-46.208,-23.9028],[-46.208,-23.9016],[-46.2088,-23.9008],[-46.2088,-23.9],[-46.2088,-23.8992],[-46.2092,-23.8984],[-46.2096,-23.8976],[-46.2096,-23.8972],[-46.2096,-23.896],[-46.2096,-23.8948],[-46.2104,-23.8936],[-46.2108,-23.8928],[-46.212,-23.8924],[-46.2128,-23.8912],[-46.2136,-23.8908],[-46.2144,-23.89],[-46.2152,-23.8896],[-46.216,-23.8892],[-46.2164,-23.8888],[-46.2172,-23.888],[-46.2168,-23.8872],[-46.2176,-23.8848],[-46.22,-23.882],[-46.2204,-23.8812],[-46.2204,-23.8804],[-46.2204,-23.8796],[-46.2204,-23.8776],[-46.2184,-23.878],[-46.2164,-23.8784],[-46.2144,-23.878],[-46.212,-23.878],[-46.2104,-23.8776],[-46.2088,-23.878],[-46.2068,-23.8788],[-46.2052,-23.8804],[-46.204,-23.8812],[-46.204,-23.8816]]]}},{"type":"Feature","properties":{"dsubbc":"rio cubatao","nome":"Rio Cubatão"},"geometry":{"type":"Polygon","coordinates":[[[-46.4224,-23.8808],[-46.4228,-23.8808],[-46.4228,-23.8812],[-46.4232,-23.8812],[-46.4236,-23.8816],[-46.424,-23.8812],[-46.4244,-23.8812],[-46.4248,-23.8812],[-46.426,-23.8808],[-46.4272,-23.88],[-46.4276,-23.88],[-46.428,-23.8796],[-46.4284,-23.8796],[-46.4288,-23.8796],[-46.4292,-23.8796],[-46.4292,-23.8788],[-46.4292,-23.8776],[-46.4288,-23.8772],[-46.4284,-23.876],[-46.4284,-23.8756],[-46.4276,-23.8768],[-46.4268,-23.8776],[-46.426,-23.8788],[-46.4244,-23.8796],[-46.4236,-23.8804],[-46.4224,-23.8808]]]}},{"type":"Feature","properties":{"dsubbc":"rio cubatao","nome":"Rio Cubatão"},"geometry":{"type":"Polygon","coordinates":[[[-46.4292,-23.8752],[-46.4288,-23.876],[-46.4284,-23.876],[-46.4288,-23.8772],[-46.4292,-23.8776],[-46.4292,-23.8788],[-46.4292,-23.8796],[-46.4296,-23.8796],[-46.43,-23.8796],[-46.4304,-23.8796],[-46.4312,-23.8796],[-46.4316,-23.8796],[-46.432,-23.8792],[-46.4324,-23.8792],[-46.4328,-23.8792],[-46.4332,-23.8788],[-46.4336,-23.8784],[-46.434,-23.8784],[-46.4344,-23.8784],[-46.4348,-23.8788],[-46.4348,-23.8776],[-46.4352,-23.8768],[-46.4344,-23.8756],[-46.434,-23.8752],[-46.4332,-23.8748],[-46.432,-23.8744],[-46.4316,-23.8744],[-46.4308,-23.8744],[-46.4304,-23.8744],[-46.4296,-23.8744],[-46.4292,-23.8752]]]}},{"type":"Feature","properties":{"dsubbc":"rio cubatao","nome":"Rio Cubatão"},"geometry":{"type":"Polygon","coordinates":[[[-46.3872,-23.9176],[-46.3876,-23.9176],[-46.39,-23.9184],[-46.3908,-23.9188],[-46.3932,-23.9184],[-46.3952,-23.9188],[-46.3968,-23.9184],[-46.3988,-23.9184],[-46.4004,-23.9184],[-46.4008,-23.9184],[-46.402,-23.9192],[-46.4028,-23.92],[-46.4028,-23.9204],[-46.4032,-23.9212],[-46.4028,-23.9216],[-46.4056,-23.9212],[-46.4072,-23.9212],[-46.4104,-23.9204],[-46.4124,-23.9196],[-46.4148,-23.9188],[-46.4172,-23.9184],[-46.42,-23.916],[-46.4208,-23.9152],[-46.4224,-23.9144],[-46.4248,-23.9144],[-46.4272,-23.9136],[-46.4296,-23.912],[-46.4316,-23.9096],[-46.4332,-23.9068],[-46.4332,-23.9048],[-46.4324,-23.9032],[-46.4312,-23.9032],[-46.4296,-23.902],[-46.4296,-23.9004],[-46.43,-23.8992],[-46.4304,-23.8972],[-46.4312,-23.8948],[-46.432,-23.8928],[-46.4336,-23.8908],[-46.436,-23.8896],[-46.4388,-23.8896],[-46.44,-23.89],[-46.4408,-23.8916],[-46.4412,-23.8928],[-46.4416,-23.8936],[-46.442,-23.8944],[-46.4428,-23.8944],[-46.4456,-23.8944],[-46.446,-23.8936],[-46.4472,-23.8924],[-46.4484,-23.8924],[-46.4492,-23.8928],[-46.4508,-23.8936],[-46.452,-23.894],[-46.4528,-23.8944],[-46.4544,-23.8956],[-46.4556,-23.8956],[-46.4572,-23.8968],[-46.4568,-23.8968],[-46.458,-23.8976],[-46.4596,-23.8952],[-46.4592,-23.8944],[-46.4588,-23.8936],[-46.458,-23.8932],[-46.458,-23.8928],[-46.4576,-23.8928],[-46.4572,-23.892],[-46.4564,-23.8912],[-46.456,-23.8904],[-46.4556,-23.8904],[-46.4552,-23.89],[-46.4544,-23.8892],[-46.454,-23.8892],[-46.454,-23.8888],[-46.4536,-23.8884],[-46.4532,-23.888],[-46.4536,-23.8876],[-46.4536,-23.8872],[-46.4536,-23.8868],[-46.454,-23.8868],[-46.454,-23.8864],[-46.454,-23.886],[-46.454,-23.8856],[-46.4536,-23.8856],[-46.4536,-23.8852],[-46.4532,-23.8848],[-46.4528,-23.8848],[-46.4524,-23.884],[-46.452,-23.884],[-46.4516,-23.8836],[-46.4512,-23.8832],[-46.4508,-23.8832],[-46.4504,-23.8828],[-46.45,-23.8828],[-46.45,-23.8824],[-46.4492,-23.8816],[-46.4484,-23.8812],[-46.448,-23.8808],[-46.4476,-23.8808],[-46.4472,-23.8808],[-46.4464,-23.8808],[-46.446,-23.8808],[-46.4452,-23.8812],[-46.4444,-23.8812],[-46.444,-23.8812],[-46.4432,-23.8812],[-46.4428,-23.8812],[-46.442,-23.8808],[-46.4416,-23.8808],[-46.4408,-23.8804],[-46.44,-23.88],[-46.4392,-23.8796],[-46.4388,-23.8796],[-46.4384,-23.8796],[-46.4376,-23.8792],[-46.4372,-23.8792],[-46.4364,-23.8788],[-46.4356,-23.8788],[-46.4348,-23.8788],[-46.4344,-23.8784],[-46.434,-23.8784],[-46.4336,-23.8784],[-46.4332,-23.8788],[-46.4328,-23.8792],[-46.4324,-23.8792],[-46.432,-23.8792],[-46.4316,-23.8796],[-46.4312,-23.8796],[-46.4304,-23.8796],[-46.43,-23.8796],[-46.4296,-23.8796],[-46.4292,-23.8796],[-46.4288,-23.8796],[-46.4284,-23.8796],[-46.428,-23.8796],[-46.4276,-23.88],[-46.4272,-23.88],[-46.426,-23.8808],[-46.4248,-23.8812],[-46.4244,-23.8812],[-46.424,-23.8812],[-46.4236,-23.8816],[-46.4232,-23.8812],[-46.4228,-23.8812],[-46.4228,-23.8808],[-46.4224,-23.8808],[-46.4224,-23.8804],[-46.422,-23.8796],[-46.422,-23.8792],[-46.422,-23.8788],[-46.4216,-23.8784],[-46.4212,-23.878],[-46.4208,-23.8776],[-46.42,-23.8772],[-46.4196,-23.8768],[-46.4192,-23.8764],[-46.4188,-23.876],[-46.418,-23.8756],[-46.4176,-23.8752],[-46.4172,-23.8748],[-46.4164,-23.8744],[-46.4156,-23.874],[-46.4152,-23.874],[-46.4144,-23.874],[-46.414,-23.874],[-46.4136,-23.874],[-46.4132,-23.8744],[-46.4132,-23.8748],[-46.4124,-23.8764],[-46.412,-23.8776],[-46.412,-23.878],[-46.4116,-23.8788],[-46.412,-23.8796],[-46.412,-23.88],[-46.412,-23.8804],[-46.4116,-23.8808],[-46.4116,-23.8812],[-46.4108,-23.8816],[-46.4108,-23.882],[-46.41,-23.8824],[-46.41,-23.8828],[-46.4096,-23.8832],[-46.4088,-23.8832],[-46.408,-23.8832],[-46.4064,-23.8836],[-46.4056,-23.8836],[-46.4052,-23.8836],[-46.4048,-23.8844],[-46.4044,-23.8848],[-46.404,-23.8852],[-46.4036,-23.886],[-46.4032,-23.8864],[-46.4032,-23.8868],[-46.4028,-23.8876],[-46.4028,-23.888],[-46.4028,-23.8884],[-46.4028,-23.8888],[-46.4028,-23.8896],[-46.4028,-23.89],[-46.4028,-23.8904],[-46.4028,-23.8908],[-46.4024,-23.8912],[-46.4016,-23.8912],[-46.4012,-23.8916],[-46.4008,-23.892],[-46.4008,-23.8928],[-46.4008,-23.8936],[-46.4008,-23.894],[-46.4008,-23.8956],[-46.4008,-23.8964],[-46.4008,-23.8968],[-46.4004,-23.8968],[-46.4004,-23.8972],[-46.4,-23.8976],[-46.3992,-23.898],[-46.3988,-23.8984],[-46.3988,-23.8988],[-46.3984,-23.8992],[-46.3984,-23.9],[-46.3984,-23.9008],[-46.3984,-23.9012],[-46.3988,-23.9012],[-46.3992,-23.9016],[-46.4,-23.902],[-46.4008,-23.9024],[-46.4008,-23.9028],[-46.4012,-23.9028],[-46.4016,-23.9032],[-46.402,-23.904],[-46.4024,-23.9044],[-46.4024,-23.9048],[-46.4024,-23.9052],[-46.4024,-23.906],[-46.402,-23.9068],[-46.4012,-23.908],[-46.4008,-23.9088],[-46.4004,-23.9088],[-46.4,-23.9088],[-46.3988,-23.9088],[-46.3984,-23.9084],[-46.3968,-23.9076],[-46.396,-23.9072],[-46.3944,-23.906],[-46.3936,-23.9052],[-46.3932,-23.9048],[-46.3928,-23.9048],[-46.3924,-23.9048],[-46.392,-23.9048],[-46.3904,-23.9064],[-46.3888,-23.9076],[-46.3888,-23.908],[-46.3884,-23.9088],[-46.388,-23.9092],[-46.388,-23.91],[-46.3884,-23.9104],[-46.3888,-23.9112],[-46.3896,-23.912],[-46.3904,-23.9128],[-46.3908,-23.914],[-46.3908,-23.9144],[-46.3908,-23.9156],[-46.3908,-23.916],[-46.3904,-23.9168],[-46.3892,-23.9172],[-46.3876,-23.9176],[-46.3872,-23.9176]]]}},{"type":"Feature","properties":{"dsubbc":"rio itapanhau","nome":"Rio Itapanhaú"},"geometry":{"type":"Polygon","coordinates":[[[-46.1468,-23.8732],[-46.1468,-23.8736],[-46.1464,-23.8736],[-46.1464,-23.874],[-46.146,-23.874],[-46.1456,-23.874],[-46.1456,-23.8744],[-46.1456,-23.8748],[-46.1452,-23.8748],[-46.1448,-23.8748],[-46.1448,-23.8756],[-46.1448,-23.876],[-46.1444,-23.876],[-46.1444,-23.8764],[-46.144,-23.8764],[-46.144,-23.8768],[-46.1436,-23.8768],[-46.1436,-23.8772],[-46.1432,-23.8772],[-46.1432,-23.8776],[-46.1428,-23.8776],[-46.1428,-23.878],[-46.1424,-23.878],[-46.142,-23.878],[-46.1416,-23.878],[-46.1412,-23.878],[-46.1408,-23.8784],[-46.1404,-23.8784],[-46.14,-23.8784],[-46.1396,-23.8784],[-46.1392,-23.8784],[-46.1396,-23.8788],[-46.14,-23.8788],[-46.1404,-23.8792],[-46.1408,-23.8792],[-46.1408,-23.8796],[-46.1412,-23.88],[-46.1412,-23.8804],[-46.1412,-23.8808],[-46.1468,-23.8808],[-46.1468,-23.8812],[-46.1468,-23.8816],[-46.1472,-23.8816],[-46.1472,-23.882],[-46.1476,-23.882],[-46.1476,-23.8824],[-46.148,-23.8824],[-46.148,-23.8828],[-46.1484,-23.8828],[-46.1488,-23.8828],[-46.1488,-23.8832],[-46.1492,-23.8832],[-46.1492,-23.8836],[-46.1504,-23.8836],[-46.1504,-23.884],[-46.1508,-23.884],[-46.1508,-23.8844],[-46.1512,-23.8844],[-46.1512,-23.8848],[-46.1516,-23.8848],[-46.152,-23.8848],[-46.152,-23.8856],[-46.1524,-23.8856],[-46.1524,-23.886],[-46.1528,-23.886],[-46.1528,-23.8868],[-46.1532,-23.8868],[-46.1536,-23.8868],[-46.1536,-23.8872],[-46.1536,-23.8876],[-46.154,-23.8876],[-46.154,-23.888],[-46.1544,-23.888],[-46.1548,-23.888],[-46.1548,-23.8884],[-46.1556,-23.8884],[-46.1556,-23.8888],[-46.156,-23.8888],[-46.1568,-23.8888],[-46.1568,-23.8892],[-46.1572,-23.8892],[-46.1572,-23.8896],[-46.158,-23.8896],[-46.158,-23.89],[-46.1592,-23.89],[-46.1592,-23.8896],[-46.1596,-23.8896],[-46.1596,-23.8892],[-46.16,-23.8892],[-46.16,-23.8888],[-46.1608,-23.8888],[-46.1612,-23.8888],[-46.1612,-23.8884],[-46.1616,-23.8884],[-46.1616,-23.8868],[-46.1616,-23.8864],[-46.1612,-23.8864],[-46.1608,-23.8864],[-46.1608,-23.886],[-46.1604,-23.886],[-46.1604,-23.8856],[-46.16,-23.8856],[-46.16,-23.8852],[-46.1596,-23.8852],[-46.1596,-23.8848],[-46.1596,-23.8844],[-46.1592,-23.8844],[-46.1592,-23.884],[-46.1588,-23.884],[-46.1588,-23.8836],[-46.1588,-23.8832],[-46.1584,-23.8832],[-46.1584,-23.8828],[-46.158,-23.8828],[-46.158,-23.8824],[-46.1576,-23.8824],[-46.1576,-23.882],[-46.1576,-23.8812],[-46.1572,-23.8812],[-46.1572,-23.8808],[-46.1568,-23.8808],[-46.1568,-23.8804],[-46.1568,-23.88],[-46.1564,-23.88],[-46.1564,-23.8796],[-46.156,-23.8796],[-46.156,-23.8792],[-46.1556,-23.8792],[-46.1556,-23.8788],[-46.1552,-23.8788],[-46.1552,-23.8784],[-46.1548,-23.8784],[-46.1548,-23.878],[-46.1548,-23.8768],[-46.154,-23.8768],[-46.1528,-23.8768],[-46.1528,-23.8764],[-46.1508,-23.8764],[-46.1508,-23.876],[-46.15,-23.876],[-46.15,-23.8756],[-46.1496,-23.8756],[-46.1496,-23.8752],[-46.1496,-23.8748],[-46.1488,-23.8748],[-46.1488,-23.8744],[-46.1484,-23.8744],[-46.1484,-23.874],[-46.148,-23.874],[-46.1476,-23.874],[-46.1476,-23.8736],[-46.1468,-23.8736],[-46.1468,-23.8732]]]}},{"type":"Feature","properties":{"dsubbc":"rio cubatao","nome":"Rio Cubatão"},"geometry":{"type":"Polygon","coordinates":[[[-46.4484,-23.8812],[-46.4492,-23.8816],[-46.45,-23.8824],[-46.45,-23.8828],[-46.4504,-23.8828],[-46.4504,-23.8824],[-46.4508,-23.8824],[-46.4512,-23.8824],[-46.4516,-23.8824],[-46.4516,-23.882],[-46.452,-23.882],[-46.4524,-23.8816],[-46.4528,-23.8816],[-46.454,-23.8816],[-46.454,-23.8812],[-46.4544,-23.8812],[-46.4544,-23.8808],[-46.4548,-23.8808],[-46.456,-23.8808],[-46.4576,-23.8808],[-46.4576,-23.8812],[-46.4612,-23.8812],[-46.4612,-23.8816],[-46.4616,-23.8816],[-46.4616,-23.882],[-46.462,-23.882],[-46.4628,-23.882],[-46.4628,-23.8824],[-46.4636,-23.8824],[-46.4636,-23.8828],[-46.4704,-23.8828],[-46.4708,-23.8828],[-46.472,-23.8828],[-46.472,-23.8824],[-46.4724,-23.8824],[-46.4724,-23.882],[-46.4728,-23.882],[-46.4732,-23.882],[-46.4732,-23.8816],[-46.4736,-23.8816],[-46.4736,-23.8812],[-46.474,-23.8812],[-46.474,-23.8808],[-46.4744,-23.8808],[-46.4744,-23.88],[-46.4748,-23.88],[-46.4748,-23.8796],[-46.4752,-23.8796],[-46.4752,-23.8792],[-46.4756,-23.8792],[-46.4756,-23.8788],[-46.476,-23.8788],[-46.476,-23.878],[-46.476,-23.8768],[-46.4756,-23.8768],[-46.4756,-23.876],[-46.4752,-23.876],[-46.4748,-23.876],[-46.4748,-23.8756],[-46.474,-23.8744],[-46.4736,-23.874],[-46.4728,-23.874],[-46.4724,-23.8732],[-46.4724,-23.8724],[-46.4708,-23.8724],[-46.4708,-23.872],[-46.4704,-23.872],[-46.47,-23.872],[-46.4692,-23.872],[-46.4692,-23.8724],[-46.4688,-23.8724],[-46.4688,-23.8728],[-46.4684,-23.8728],[-46.4684,-23.8732],[-46.468,-23.8732],[-46.468,-23.8736],[-46.4668,-23.8736],[-46.4668,-23.874],[-46.4664,-23.874],[-46.466,-23.874],[-46.466,-23.8744],[-46.466,-23.8748],[-46.4656,-23.8748],[-46.4648,-23.8748],[-46.4644,-23.8752],[-46.464,-23.8752],[-46.4636,-23.8756],[-46.4632,-23.8752],[-46.4628,-23.8752],[-46.4628,-23.8756],[-46.4624,-23.8756],[-46.462,-23.8756],[-46.4616,-23.876],[-46.4612,-23.876],[-46.4608,-23.8764],[-46.4604,-23.8768],[-46.46,-23.8768],[-46.4592,-23.8768],[-46.4588,-23.8768],[-46.4588,-23.8772],[-46.4588,-23.8776],[-46.458,-23.8776],[-46.458,-23.878],[-46.456,-23.878],[-46.4552,-23.878],[-46.4552,-23.8784],[-46.4536,-23.8784],[-46.4532,-23.8784],[-46.4528,-23.8784],[-46.452,-23.8788],[-46.4516,-23.8792],[-46.4512,-23.8792],[-46.4508,-23.8796],[-46.4504,-23.88],[-46.45,-23.88],[-46.4496,-23.8804],[-46.4488,-23.8808],[-46.4484,-23.8812]]]}},{"type":"Feature","properties":{"dsubbc":"rio cubatao","nome":"Rio Cubatão"},"geometry":{"type":"Polygon","coordinates":[[[-46.4292,-23.8752],[-46.4296,-23.8744],[-46.4304,-23.8744],[-46.4308,-23.8744],[-46.4316,-23.8744],[-46.432,-23.8744],[-46.4332,-23.8748],[-46.434,-23.8752],[-46.4344,-23.8756],[-46.4352,-23.8768],[-46.4356,-23.8768],[-46.4356,-23.876],[-46.436,-23.8752],[-46.4364,-23.8744],[-46.4368,-23.8736],[-46.4372,-23.8728],[-46.4376,-23.8724],[-46.438,-23.8716],[-46.438,-23.8704],[-46.4384,-23.8696],[-46.4388,-23.8688],[-46.4392,-23.868],[-46.4396,-23.8672],[-46.4396,-23.8648],[-46.4388,-23.8652],[-46.4376,-23.866],[-46.4368,-23.8664],[-46.436,-23.8668],[-46.4348,-23.868],[-46.434,-23.8688],[-46.4324,-23.87],[-46.432,-23.8708],[-46.4312,-23.8712],[-46.4308,-23.8728],[-46.43,-23.874],[-46.4292,-23.8752]]]}},{"type":"Feature","properties":{"dsubbc":"rio cubatao","nome":"Rio Cubatão"},"geometry":{"type":"Polygon","coordinates":[[[-46.5632,-23.8844],[-46.5632,-23.8848],[-46.5644,-23.8848],[-46.5648,-23.8848],[-46.5648,-23.8856],[-46.5652,-23.8856],[-46.5652,-23.886],[-46.5652,-23.8868],[-46.5656,-23.8868],[-46.566,-23.8868],[-46.566,-23.8872],[-46.5664,-23.8872],[-46.5664,-23.8876],[-46.5664,-23.888],[-46.5668,-23.888],[-46.5672,-23.888],[-46.5672,-23.8884],[-46.5672,-23.8888],[-46.5692,-23.8888],[-46.5696,-23.8888],[-46.5696,-23.8892],[-46.5692,-23.8892],[-46.5692,-23.89],[-46.5692,-23.8904],[-46.5688,-23.8904],[-46.5688,-23.8912],[-46.5692,-23.8912],[-46.5692,-23.8916],[-46.57,-23.8916],[-46.5704,-23.8916],[-46.5704,-23.892],[-46.5704,-23.8928],[-46.5712,-23.8928],[-46.5712,-23.8932],[-46.5716,-23.8932],[-46.5716,-23.8936],[-46.572,-23.8936],[-46.572,-23.8948],[-46.5724,-23.8948],[-46.5724,-23.8964],[-46.5724,-23.8968],[-46.574,-23.8968],[-46.574,-23.8972],[-46.5744,-23.8972],[-46.5744,-23.898],[-46.5744,-23.8984],[-46.576,-23.8984],[-46.576,-23.898],[-46.5764,-23.898],[-46.5764,-23.8996],[-46.5764,-23.9],[-46.5764,-23.9024],[-46.5764,-23.9028],[-46.5756,-23.9028],[-46.5756,-23.9032],[-46.5752,-23.9032],[-46.5752,-23.9036],[-46.5752,-23.904],[-46.5748,-23.904],[-46.5748,-23.9056],[-46.5744,-23.9056],[-46.5748,-23.9056],[-46.5748,-23.9068],[-46.5744,-23.9068],[-46.5744,-23.9076],[-46.5744,-23.9084],[-46.5744,-23.9088],[-46.5748,-23.9088],[-46.5752,-23.9088],[-46.5752,-23.9092],[-46.5752,-23.9096],[-46.5764,-23.9096],[-46.576,-23.9096],[-46.576,-23.91],[-46.5756,-23.91],[-46.5756,-23.9108],[-46.5748,-23.9108],[-46.574,-23.9108],[-46.574,-23.9112],[-46.5732,-23.9112],[-46.5732,-23.9108],[-46.5728,-23.9108],[-46.5724,-23.9108],[-46.5724,-23.9104],[-46.5724,-23.91],[-46.572,-23.91],[-46.572,-23.9096],[-46.5716,-23.9096],[-46.5704,-23.9096],[-46.5704,-23.9088],[-46.57,-23.9088],[-46.5696,-23.9088],[-46.5696,-23.9084],[-46.5692,-23.9084],[-46.5692,-23.9088],[-46.5688,-23.9088],[-46.5688,-23.9084],[-46.5684,-23.9084],[-46.5684,-23.908],[-46.5684,-23.9076],[-46.568,-23.9076],[-46.568,-23.9064],[-46.5676,-23.9064],[-46.5676,-23.906],[-46.5672,-23.906],[-46.5672,-23.9056],[-46.5668,-23.9056],[-46.5664,-23.9056],[-46.5664,-23.9048],[-46.5664,-23.9044],[-46.5652,-23.9044],[-46.5652,-23.9048],[-46.5644,-23.9048],[-46.564,-23.9048],[-46.564,-23.9028],[-46.5632,-23.9028],[-46.5632,-23.9024],[-46.5628,-23.9024],[-46.5628,-23.9028],[-46.5596,-23.9028],[-46.5596,-23.9024],[-46.5592,-23.9024],[-46.5592,-23.9016],[-46.5588,-23.9016],[-46.558,-23.9016],[-46.558,-23.902],[-46.5576,-23.902],[-46.5576,-23.9028],[-46.5572,-23.9028],[-46.5572,-23.9032],[-46.5572,-23.9036],[-46.5568,-23.9036],[-46.5568,-23.904],[-46.5564,-23.904],[-46.5564,-23.9048],[-46.556,-23.9048],[-46.556,-23.9052],[-46.5556,-23.9052],[-46.5556,-23.9068],[-46.5552,-23.9068],[-46.5552,-23.9076],[-46.5544,-23.9076],[-46.5532,-23.9076],[-46.5532,-23.9072],[-46.5528,-23.9072],[-46.5528,-23.9068],[-46.5524,-23.9068],[-46.5524,-23.906],[-46.5512,-23.906],[-46.5512,-23.9084],[-46.5512,-23.9092],[-46.5508,-23.9092],[-46.5508,-23.9096],[-46.5504,-23.9096],[-46.5504,-23.91],[-46.5504,-23.9104],[-46.5508,-23.9104],[-46.5508,-23.9108],[-46.5512,-23.9108],[-46.5512,-23.9124],[-46.5512,-23.9128],[-46.552,-23.9128],[-46.5528,-23.9136],[-46.5544,-23.9144],[-46.5552,-23.9152],[-46.556,-23.9152],[-46.5572,-23.9156],[-46.5576,-23.916],[-46.5584,-23.9168],[-46.56,-23.9168],[-46.5604,-23.9168],[-46.5608,-23.9168],[-46.5608,-23.9176],[-46.5612,-23.9176],[-46.5612,-23.918],[-46.562,-23.918],[-46.562,-23.9184],[-46.5624,-23.9184],[-46.5624,-23.9188],[-46.5628,-23.9188],[-46.5632,-23.9188],[-46.5632,-23.9192],[-46.5632,-23.9196],[-46.5628,-23.9196],[-46.5628,-23.9204],[-46.5624,-23.9204],[-46.5624,-23.9208],[-46.5616,-23.9208],[-46.5612,-23.9208],[-46.5612,-23.9212],[-46.5604,-23.9212],[-46.5604,-23.9216],[-46.5596,-23.9216],[-46.5592,-23.9216],[-46.5592,-23.9224],[-46.5596,-23.9224],[-46.5596,-23.9228],[-46.56,-23.9228],[-46.5604,-23.9228],[-46.5604,-23.9236],[-46.5604,-23.924],[-46.5608,-23.924],[-46.5608,-23.9256],[-46.5604,-23.9256],[-46.5604,-23.926],[-46.5604,-23.9264],[-46.56,-23.9264],[-46.56,-23.9268],[-46.5604,-23.9268],[-46.5604,-23.9284],[-46.5604,-23.93],[-46.56,-23.93],[-46.56,-23.9304],[-46.5596,-23.9304],[-46.5592,-23.9304],[-46.5592,-23.9312],[-46.5592,-23.932],[-46.5588,-23.932],[-46.5588,-23.9324],[-46.5588,-23.932],[-46.558,-23.9324],[-46.5568,-23.9324],[-46.5564,-23.9328],[-46.5564,-23.9352],[-46.556,-23.9352],[-46.556,-23.9356],[-46.5556,-23.9356],[-46.5556,-23.9364],[-46.5564,-23.9364],[-46.5564,-23.9384],[-46.5568,-23.9384],[-46.5568,-23.9388],[-46.5572,-23.9388],[-46.5572,-23.9392],[-46.5572,-23.9396],[-46.5576,-23.9396],[-46.558,-23.9396],[-46.558,-23.94],[-46.5584,-23.94],[-46.5584,-23.9404],[-46.5588,-23.9404],[-46.5588,-23.9408],[-46.5592,-23.9408],[-46.5592,-23.9412],[-46.5596,-23.9412],[-46.5596,-23.9416],[-46.56,-23.9416],[-46.5604,-23.9416],[-46.5604,-23.942],[-46.5604,-23.9424],[-46.5608,-23.9424],[-46.5612,-23.9424],[-46.5612,-23.9428],[-46.5612,-23.9436],[-46.562,-23.9436],[-46.5624,-23.9436],[-46.5624,-23.944],[-46.5628,-23.944],[-46.5628,-23.9444],[-46.5632,-23.9444],[-46.5636,-23.9444],[-46.564,-23.9444],[-46.564,-23.9448],[-46.5644,-23.9448],[-46.5644,-23.9452],[-46.5648,-23.9452],[-46.5648,-23.9456],[-46.5652,-23.9456],[-46.5652,-23.9468],[-46.5648,-23.9468],[-46.5648,-23.9472],[-46.5644,-23.9472],[-46.5644,-23.9488],[-46.5648,-23.9488],[-46.5648,-23.9492],[-46.5652,-23.9492],[-46.5652,-23.9496],[-46.5652,-23.9504],[-46.5656,-23.9504],[-46.5656,-23.9512],[-46.566,-23.9512],[-46.566,-23.952],[-46.5664,-23.952],[-46.5664,-23.9524],[-46.5664,-23.9532],[-46.5668,-23.9532],[-46.5668,-23.9536],[-46.5672,-23.9536],[-46.5672,-23.9548],[-46.5672,-23.9556],[-46.5672,-23.956],[-46.5672,-23.9564],[-46.5668,-23.9564],[-46.5664,-23.9564],[-46.5664,-23.9572],[-46.5664,-23.958],[-46.5652,-23.9596],[-46.5656,-23.9596],[-46.5664,-23.9596],[-46.5672,-23.9596],[-46.568,-23.9596],[-46.5684,-23.9596],[-46.5688,-23.96],[-46.5692,-23.9604],[-46.5696,-23.9608],[-46.5696,-23.9612],[-46.57,-23.9616],[-46.5704,-23.9616],[-46.5708,-23.962],[-46.5712,-23.962],[-46.5724,-23.9632],[-46.5728,-23.9632],[-46.5736,-23.9616],[-46.5752,-23.9612],[-46.5752,-23.9608],[-46.5756,-23.9608],[-46.5756,-23.9604],[-46.576,-23.9604],[-46.5764,-23.9604],[-46.5764,-23.9596],[-46.5764,-23.9592],[-46.5768,-23.9592],[-46.5768,-23.9576],[-46.5772,-23.9576],[-46.5772,-23.9572],[-46.5776,-23.9572],[-46.5776,-23.9564],[-46.578,-23.9564],[-46.578,-23.9556],[-46.578,-23.9536],[-46.578,-23.9532],[-46.5776,-23.9532],[-46.5776,-23.9528],[-46.5776,-23.952],[-46.5776,-23.9516],[-46.578,-23.9516],[-46.578,-23.9512],[-46.5784,-23.9512],[-46.5784,-23.9508],[-46.5788,-23.9508],[-46.5788,-23.9504],[-46.5792,-23.9504],[-46.5792,-23.95],[-46.5808,-23.95],[-46.5812,-23.95],[-46.5812,-23.9504],[-46.5816,-23.9504],[-46.5816,-23.95],[-46.582,-23.95],[-46.582,-23.948],[-46.582,-23.9472],[-46.5828,-23.9468],[-46.5832,-23.946],[-46.5836,-23.9452],[-46.584,-23.9448],[-46.584,-23.9452],[-46.5844,-23.9452],[-46.5852,-23.9452],[-46.586,-23.9452],[-46.586,-23.9456],[-46.5864,-23.9456],[-46.5864,-23.946],[-46.5868,-23.946],[-46.5868,-23.9464],[-46.5872,-23.9464],[-46.5872,-23.9468],[-46.588,-23.9468],[-46.588,-23.9472],[-46.588,-23.9476],[-46.5884,-23.9476],[-46.5888,-23.9476],[-46.5888,-23.948],[-46.5892,-23.948],[-46.5892,-23.9484],[-46.5892,-23.9488],[-46.5896,-23.9488],[-46.5896,-23.9492],[-46.59,-23.9492],[-46.59,-23.95],[-46.59,-23.9504],[-46.5904,-23.9504],[-46.5908,-23.9504],[-46.5908,-23.9508],[-46.5912,-23.9508],[-46.5912,-23.9512],[-46.5912,-23.9516],[-46.5912,-23.9524],[-46.594,-23.9524],[-46.5948,-23.9524],[-46.5948,-23.9528],[-46.5952,-23.9528],[-46.5952,-23.9524],[-46.5956,-23.9524],[-46.596,-23.9524],[-46.596,-23.952],[-46.5964,-23.952],[-46.5964,-23.9516],[-46.5972,-23.9516],[-46.5972,-23.9512],[-46.5972,-23.9508],[-46.5964,-23.9508],[-46.5964,-23.9504],[-46.596,-23.9504],[-46.596,-23.95],[-46.596,-23.9496],[-46.596,-23.9488],[-46.5964,-23.9488],[-46.5964,-23.9484],[-46.598,-23.9484],[-46.598,-23.9488],[-46.5984,-23.9488],[-46.5984,-23.9492],[-46.5992,-23.9492],[-46.5992,-23.9496],[-46.6,-23.9496],[-46.6,-23.95],[-46.6004,-23.95],[-46.6004,-23.9504],[-46.6008,-23.9504],[-46.6008,-23.95],[-46.6012,-23.95],[-46.6012,-23.9492],[-46.6012,-23.9484],[-46.6016,-23.9484],[-46.602,-23.9484],[-46.602,-23.948],[-46.6028,-23.948],[-46.6028,-23.9476],[-46.6032,-23.9476],[-46.604,-23.9476],[-46.604,-23.948],[-46.6044,-23.948],[-46.6044,-23.9484],[-46.6048,-23.9484],[-46.6048,-23.9492],[-46.6052,-23.9492],[-46.6052,-23.9496],[-46.6068,-23.9496],[-46.6068,-23.9492],[-46.6072,-23.9492],[-46.6072,-23.9488],[-46.6072,-23.9484],[-46.6076,-23.9484],[-46.6076,-23.948],[-46.608,-23.948],[-46.608,-23.9476],[-46.6076,-23.9476],[-46.6076,-23.9464],[-46.6072,-23.9464],[-46.6072,-23.9456],[-46.6072,-23.9444],[-46.6072,-23.9436],[-46.6072,-23.9432],[-46.6076,-23.9432],[-46.6076,-23.9428],[-46.608,-23.9428],[-46.608,-23.9424],[-46.6084,-23.9424],[-46.6084,-23.942],[-46.61,-23.942],[-46.61,-23.9416],[-46.6096,-23.9416],[-46.6096,-23.9412],[-46.6092,-23.9412],[-46.6092,-23.9388],[-46.6092,-23.9384],[-46.6088,-23.9384],[-46.6092,-23.9384],[-46.6092,-23.9376],[-46.6092,-23.9356],[-46.6096,-23.9356],[-46.6096,-23.936],[-46.61,-23.936],[-46.6116,-23.936],[-46.6116,-23.9356],[-46.612,-23.9356],[-46.612,-23.9352],[-46.6124,-23.9352],[-46.6124,-23.9348],[-46.6128,-23.9348],[-46.6128,-23.9344],[-46.6128,-23.934],[-46.6132,-23.934],[-46.6132,-23.9336],[-46.6136,-23.9336],[-46.614,-23.9336],[-46.614,-23.9332],[-46.614,-23.9328],[-46.614,-23.9324],[-46.6136,-23.9324],[-46.6132,-23.9324],[-46.6132,-23.932],[-46.6128,-23.932],[-46.6128,-23.9312],[-46.6128,-23.9296],[-46.612,-23.9296],[-46.612,-23.9292],[-46.612,-23.9272],[-46.6092,-23.9272],[-46.6092,-23.9264],[-46.6096,-23.9264],[-46.6096,-23.9252],[-46.61,-23.9252],[-46.61,-23.9248],[-46.61,-23.9244],[-46.6104,-23.9244],[-46.61,-23.9244],[-46.61,-23.9236],[-46.61,-23.9228],[-46.61,-23.9224],[-46.6104,-23.9224],[-46.6104,-23.922],[-46.6108,-23.922],[-46.6108,-23.9216],[-46.6112,-23.9216],[-46.6112,-23.9212],[-46.6112,-23.9208],[-46.6108,-23.9208],[-46.6108,-23.9196],[-46.6104,-23.9196],[-46.6104,-23.9192],[-46.61,-23.9192],[-46.61,-23.9184],[-46.61,-23.9168],[-46.6096,-23.9168],[-46.6092,-23.9168],[-46.6092,-23.916],[-46.6092,-23.9144],[-46.6104,-23.9144],[-46.6104,-23.914],[-46.6116,-23.914],[-46.6116,-23.9136],[-46.612,-23.9136],[-46.612,-23.9128],[-46.6116,-23.9128],[-46.6116,-23.9116],[-46.612,-23.9116],[-46.612,-23.9112],[-46.612,-23.9108],[-46.612,-23.9104],[-46.612,-23.9092],[-46.6124,-23.9092],[-46.6124,-23.9084],[-46.612,-23.9084],[-46.612,-23.908],[-46.6112,-23.908],[-46.6108,-23.908],[-46.6108,-23.9064],[-46.6108,-23.906],[-46.61,-23.906],[-46.61,-23.9056],[-46.6096,-23.9056],[-46.6096,-23.9052],[-46.6092,-23.9052],[-46.6092,-23.9048],[-46.6088,-23.9048],[-46.6088,-23.904],[-46.6088,-23.9028],[-46.6084,-23.9028],[-46.608,-23.9028],[-46.608,-23.9024],[-46.608,-23.902],[-46.6072,-23.902],[-46.6068,-23.902],[-46.6068,-23.9016],[-46.6068,-23.9012],[-46.6048,-23.9012],[-46.6048,-23.9008],[-46.6044,-23.9008],[-46.604,-23.9008],[-46.604,-23.9],[-46.6036,-23.9],[-46.6036,-23.8992],[-46.6032,-23.8992],[-46.6032,-23.8988],[-46.6028,-23.8988],[-46.602,-23.8988],[-46.602,-23.8984],[-46.6024,-23.8984],[-46.6024,-23.898],[-46.6028,-23.898],[-46.6028,-23.8976],[-46.6028,-23.8972],[-46.6032,-23.8972],[-46.6032,-23.8968],[-46.6036,-23.8968],[-46.6036,-23.8952],[-46.604,-23.8952],[-46.604,-23.8944],[-46.604,-23.894],[-46.604,-23.8932],[-46.6036,-23.8932],[-46.6036,-23.8928],[-46.6032,-23.8928],[-46.6028,-23.8928],[-46.6028,-23.892],[-46.6024,-23.892],[-46.6024,-23.8912],[-46.602,-23.8912],[-46.602,-23.89],[-46.602,-23.8896],[-46.6016,-23.8896],[-46.6016,-23.8888],[-46.6012,-23.8888],[-46.6012,-23.8872],[-46.6016,-23.8872],[-46.6016,-23.8868],[-46.602,-23.8868],[-46.602,-23.8864],[-46.6016,-23.8864],[-46.6016,-23.886],[-46.6012,-23.886],[-46.6008,-23.886],[-46.6008,-23.8856],[-46.6004,-23.8852],[-46.6,-23.8852],[-46.6,-23.8848],[-46.5988,-23.8848],[-46.5988,-23.8844],[-46.5988,-23.884],[-46.598,-23.884],[-46.598,-23.8836],[-46.5976,-23.8836],[-46.5976,-23.8824],[-46.5976,-23.882],[-46.5972,-23.882],[-46.5972,-23.8816],[-46.5972,-23.8812],[-46.5968,-23.8812],[-46.5956,-23.8812],[-46.5956,-23.8816],[-46.5952,-23.8816],[-46.5952,-23.8812],[-46.5948,-23.8812],[-46.5948,-23.8808],[-46.5948,-23.8804],[-46.5944,-23.8804],[-46.5944,-23.8796],[-46.594,-23.8796],[-46.594,-23.8792],[-46.5944,-23.8792],[-46.594,-23.8792],[-46.594,-23.878],[-46.5932,-23.878],[-46.5932,-23.8776],[-46.592,-23.8776],[-46.592,-23.8772],[-46.592,-23.8768],[-46.5924,-23.8768],[-46.5924,-23.876],[-46.5928,-23.876],[-46.5928,-23.8752],[-46.5932,-23.8752],[-46.5932,-23.8748],[-46.5928,-23.8748],[-46.5928,-23.8744],[-46.5924,-23.8744],[-46.5924,-23.874],[-46.592,-23.874],[-46.5912,-23.874],[-46.5912,-23.8736],[-46.5912,-23.8732],[-46.5908,-23.8732],[-46.5908,-23.8728],[-46.5912,-23.8728],[-46.5912,-23.8716],[-46.5908,-23.8716],[-46.5908,-23.8712],[-46.5904,-23.8712],[-46.5904,-23.8708],[-46.588,-23.8708],[-46.588,-23.8712],[-46.588,-23.8708],[-46.5872,-23.8708],[-46.5872,-23.8704],[-46.5872,-23.8692],[-46.5868,-23.8692],[-46.5864,-23.8692],[-46.5864,-23.8688],[-46.586,-23.8688],[-46.586,-23.8684],[-46.586,-23.8688],[-46.5856,-23.8688],[-46.584,-23.8688],[-46.584,-23.8684],[-46.582,-23.8684],[-46.582,-23.8688],[-46.582,-23.8692],[-46.5812,-23.8692],[-46.5812,-23.8688],[-46.5808,-23.8688],[-46.5808,-23.8684],[-46.5804,-23.8684],[-46.5804,-23.868],[-46.58,-23.868],[-46.58,-23.8672],[-46.58,-23.8668],[-46.58,-23.8664],[-46.578,-23.8664],[-46.578,-23.866],[-46.5776,-23.866],[-46.5772,-23.866],[-46.5772,-23.8656],[-46.5772,-23.8652],[-46.5768,-23.8652],[-46.5764,-23.8652],[-46.5764,-23.8644],[-46.576,-23.8644],[-46.576,-23.8636],[-46.5764,-23.8636],[-46.5764,-23.8624],[-46.576,-23.8624],[-46.576,-23.862],[-46.5748,-23.862],[-46.5744,-23.862],[-46.574,-23.862],[-46.5732,-23.862],[-46.5732,-23.8624],[-46.5724,-23.8624],[-46.572,-23.8624],[-46.5712,-23.8624],[-46.5712,-23.8628],[-46.5704,-23.8628],[-46.5704,-23.8632],[-46.57,-23.8632],[-46.57,-23.864],[-46.5692,-23.864],[-46.5692,-23.8636],[-46.5688,-23.8636],[-46.5688,-23.864],[-46.5684,-23.864],[-46.568,-23.864],[-46.568,-23.8644],[-46.5676,-23.8644],[-46.5672,-23.8644],[-46.5672,-23.8648],[-46.5668,-23.8648],[-46.5668,-23.8652],[-46.5664,-23.8652],[-46.5664,-23.8656],[-46.566,-23.8656],[-46.566,-23.866],[-46.5656,-23.866],[-46.5656,-23.8664],[-46.5652,-23.8664],[-46.5652,-23.8668],[-46.5652,-23.8672],[-46.5648,-23.8672],[-46.5648,-23.8676],[-46.5644,-23.8676],[-46.5644,-23.868],[-46.5644,-23.8684],[-46.564,-23.8684],[-46.564,-23.8688],[-46.5636,-23.8688],[-46.5636,-23.8692],[-46.5632,-23.8692],[-46.5632,-23.8696],[-46.5632,-23.87],[-46.5628,-23.87],[-46.5628,-23.8704],[-46.5628,-23.8708],[-46.5632,-23.8708],[-46.5632,-23.8728],[-46.5632,-23.8732],[-46.5632,-23.874],[-46.566,-23.874],[-46.566,-23.8736],[-46.5668,-23.8736],[-46.5668,-23.874],[-46.5664,-23.874],[-46.5664,-23.8756],[-46.5668,-23.8756],[-46.5668,-23.8768],[-46.5668,-23.8772],[-46.5664,-23.8772],[-46.5664,-23.878],[-46.566,-23.878],[-46.566,-23.8788],[-46.566,-23.8792],[-46.5656,-23.8792],[-46.5656,-23.88],[-46.566,-23.88],[-46.566,-23.8804],[-46.566,-23.882],[-46.566,-23.8828],[-46.5648,-23.8828],[-46.5644,-23.8828],[-46.5644,-23.8832],[-46.564,-23.8832],[-46.564,-23.8836],[-46.564,-23.884],[-46.5636,-23.884],[-46.5636,-23.8844],[-46.5632,-23.8844]]]}},{"type":"Feature","properties":{"dsubbc":"rio itapanhau","nome":"Rio Itapanhaú"},"geometry":{"type":"Polygon","coordinates":[[[-46.1432,-23.8672],[-46.1436,-23.8676],[-46.144,-23.868],[-46.1444,-23.8684],[-46.1448,-23.8688],[-46.1448,-23.8692],[-46.1452,-23.8696],[-46.1456,-23.87],[-46.146,-23.8704],[-46.146,-23.8708],[-46.1464,-23.8712],[-46.1464,-23.872],[-46.1468,-23.8724],[-46.1468,-23.8732],[-46.1468,-23.8736],[-46.1476,-23.8736],[-46.1476,-23.874],[-46.148,-23.874],[-46.1484,-23.874],[-46.1484,-23.8744],[-46.1488,-23.8744],[-46.1488,-23.8748],[-46.1496,-23.8748],[-46.1496,-23.8752],[-46.1496,-23.8756],[-46.15,-23.8756],[-46.15,-23.876],[-46.1508,-23.876],[-46.1508,-23.8764],[-46.1528,-23.8764],[-46.1528,-23.8768],[-46.154,-23.8768],[-46.1548,-23.8768],[-46.1548,-23.878],[-46.1548,-23.8784],[-46.1552,-23.8784],[-46.1552,-23.8788],[-46.1556,-23.8788],[-46.1556,-23.8792],[-46.156,-23.8792],[-46.156,-23.8796],[-46.1564,-23.8796],[-46.1564,-23.88],[-46.1568,-23.88],[-46.1568,-23.8804],[-46.1568,-23.8808],[-46.1572,-23.8808],[-46.1572,-23.8812],[-46.1576,-23.8812],[-46.1576,-23.882],[-46.1576,-23.8824],[-46.158,-23.8824],[-46.158,-23.8828],[-46.1584,-23.8828],[-46.1584,-23.8832],[-46.1588,-23.8832],[-46.1588,-23.8836],[-46.1588,-23.884],[-46.1592,-23.884],[-46.1592,-23.8844],[-46.1596,-23.8844],[-46.1596,-23.8848],[-46.1596,-23.8852],[-46.16,-23.8852],[-46.16,-23.8856],[-46.1604,-23.8856],[-46.1604,-23.886],[-46.1608,-23.886],[-46.1608,-23.8864],[-46.1612,-23.8864],[-46.1616,-23.8864],[-46.1616,-23.8868],[-46.162,-23.8868],[-46.1628,-23.8868],[-46.1628,-23.8872],[-46.1632,-23.8872],[-46.1632,-23.8876],[-46.1636,-23.8876],[-46.1636,-23.888],[-46.164,-23.888],[-46.164,-23.89],[-46.1648,-23.89],[-46.1656,-23.89],[-46.1656,-23.8904],[-46.166,-23.8904],[-46.166,-23.8908],[-46.1664,-23.8908],[-46.1684,-23.8908],[-46.1684,-23.8904],[-46.1684,-23.89],[-46.1688,-23.89],[-46.1696,-23.89],[-46.1696,-23.8896],[-46.17,-23.8896],[-46.17,-23.8892],[-46.1704,-23.8892],[-46.1704,-23.8888],[-46.1712,-23.8888],[-46.1716,-23.8888],[-46.1716,-23.8884],[-46.172,-23.8884],[-46.172,-23.888],[-46.1724,-23.888],[-46.1724,-23.8876],[-46.1724,-23.8872],[-46.1732,-23.8872],[-46.1724,-23.8868],[-46.1716,-23.886],[-46.1712,-23.8852],[-46.1712,-23.8844],[-46.17,-23.8836],[-46.168,-23.8812],[-46.1652,-23.8784],[-46.1628,-23.8764],[-46.1604,-23.874],[-46.16,-23.8732],[-46.1592,-23.8716],[-46.1576,-23.8688],[-46.1568,-23.8664],[-46.156,-23.8648],[-46.1552,-23.8628],[-46.154,-23.8616],[-46.1532,-23.8612],[-46.1524,-23.8608],[-46.1512,-23.8604],[-46.1504,-23.8616],[-46.15,-23.8624],[-46.1496,-23.8628],[-46.1492,-23.8632],[-46.1484,-23.8636],[-46.1476,-23.8644],[-46.1468,-23.8648],[-46.146,-23.8652],[-46.1456,-23.8656],[-46.1452,-23.866],[-46.1444,-23.8664],[-46.144,-23.8668],[-46.1436,-23.8668],[-46.1432,-23.8672]]]}},{"type":"Feature","properties":{"dsubbc":"rio cubatao","nome":"Rio Cubatão"},"geometry":{"type":"Polygon","coordinates":[[[-46.4396,-23.8648],[-46.4396,-23.8672],[-46.4392,-23.868],[-46.4388,-23.8688],[-46.4384,-23.8696],[-46.438,-23.8704],[-46.438,-23.8716],[-46.4376,-23.8724],[-46.4372,-23.8728],[-46.4368,-23.8736],[-46.4364,-23.8744],[-46.436,-23.8752],[-46.4356,-23.876],[-46.4356,-23.8768],[-46.4352,-23.8768],[-46.4348,-23.8776],[-46.4348,-23.8788],[-46.4356,-23.8788],[-46.4364,-23.8788],[-46.4372,-23.8792],[-46.4376,-23.8792],[-46.4384,-23.8796],[-46.4388,-23.8796],[-46.4392,-23.8796],[-46.44,-23.88],[-46.4408,-23.8804],[-46.4416,-23.8808],[-46.442,-23.8808],[-46.4428,-23.8812],[-46.4432,-23.8808],[-46.4432,-23.8804],[-46.4436,-23.8796],[-46.4436,-23.8792],[-46.444,-23.8788],[-46.4444,-23.8784],[-46.4444,-23.878],[-46.4448,-23.878],[-46.4456,-23.8776],[-46.446,-23.8772],[-46.4464,-23.8772],[-46.4464,-23.8768],[-46.4468,-23.8768],[-46.4468,-23.8764],[-46.4472,-23.8764],[-46.4476,-23.8764],[-46.448,-23.8764],[-46.448,-23.8752],[-46.448,-23.8748],[-46.4484,-23.8748],[-46.4488,-23.8748],[-46.4488,-23.874],[-46.4484,-23.874],[-46.4492,-23.8736],[-46.4492,-23.8728],[-46.4496,-23.8724],[-46.45,-23.872],[-46.4504,-23.872],[-46.4504,-23.8712],[-46.4508,-23.8708],[-46.4508,-23.8704],[-46.4516,-23.8696],[-46.452,-23.8692],[-46.4524,-23.8688],[-46.4528,-23.8684],[-46.4536,-23.868],[-46.454,-23.868],[-46.4544,-23.8676],[-46.4548,-23.8672],[-46.4552,-23.8668],[-46.4556,-23.8664],[-46.456,-23.8664],[-46.4564,-23.866],[-46.4572,-23.8656],[-46.4576,-23.8656],[-46.458,-23.8652],[-46.4588,-23.8652],[-46.4592,-23.8656],[-46.4592,-23.8652],[-46.46,-23.8652],[-46.46,-23.8648],[-46.46,-23.8644],[-46.4604,-23.8644],[-46.4604,-23.864],[-46.4608,-23.864],[-46.4608,-23.8636],[-46.4608,-23.8628],[-46.4612,-23.8628],[-46.4612,-23.8604],[-46.4608,-23.8604],[-46.4608,-23.86],[-46.46,-23.86],[-46.4596,-23.86],[-46.4596,-23.8596],[-46.4592,-23.8596],[-46.4592,-23.86],[-46.4588,-23.86],[-46.4588,-23.8604],[-46.4584,-23.8604],[-46.4584,-23.8608],[-46.458,-23.8608],[-46.458,-23.8612],[-46.4576,-23.8612],[-46.4576,-23.8616],[-46.4572,-23.8616],[-46.4572,-23.862],[-46.4568,-23.862],[-46.4568,-23.8624],[-46.4564,-23.8624],[-46.4564,-23.8628],[-46.456,-23.8628],[-46.456,-23.8632],[-46.4556,-23.8632],[-46.4556,-23.8636],[-46.4552,-23.8636],[-46.4552,-23.864],[-46.4544,-23.864],[-46.454,-23.864],[-46.454,-23.8636],[-46.4536,-23.8636],[-46.4536,-23.8632],[-46.4532,-23.8632],[-46.4532,-23.8628],[-46.452,-23.8628],[-46.45,-23.8628],[-46.4484,-23.8628],[-46.448,-23.8628],[-46.448,-23.8632],[-46.448,-23.8636],[-46.4476,-23.8636],[-46.4476,-23.864],[-46.4472,-23.864],[-46.4468,-23.864],[-46.4468,-23.8644],[-46.4464,-23.8644],[-46.4464,-23.8648],[-46.446,-23.8648],[-46.4444,-23.8648],[-46.4444,-23.8652],[-46.4428,-23.8652],[-46.4428,-23.8648],[-46.4412,-23.8648],[-46.4408,-23.8648],[-46.4408,-23.8644],[-46.4404,-23.8644],[-46.44,-23.8644],[-46.44,-23.8648],[-46.4396,-23.8648]]]}},{"type":"Feature","properties":{"dsubbc":"rio itapanhau","nome":"Rio Itapanhaú"},"geometry":{"type":"Polygon","coordinates":[[[-46.1432,-23.8672],[-46.1436,-23.8668],[-46.144,-23.8668],[-46.1444,-23.8664],[-46.1452,-23.866],[-46.1456,-23.8656],[-46.146,-23.8652],[-46.1468,-23.8648],[-46.1476,-23.8644],[-46.1484,-23.8636],[-46.1492,-23.8632],[-46.1496,-23.8628],[-46.15,-23.8624],[-46.1504,-23.8616],[-46.1512,-23.8604],[-46.1496,-23.8596],[-46.1476,-23.8592],[-46.1468,-23.8588],[-46.144,-23.8584],[-46.1436,-23.8584],[-46.1432,-23.8592],[-46.1432,-23.8604],[-46.1432,-23.8616],[-46.1428,-23.862],[-46.1424,-23.8624],[-46.1424,-23.8628],[-46.1424,-23.8632],[-46.1424,-23.8636],[-46.1424,-23.864],[-46.1424,-23.8644],[-46.1424,-23.8648],[-46.1428,-23.8652],[-46.1428,-23.8656],[-46.1428,-23.8664],[-46.1428,-23.8668],[-46.1432,-23.8672]]]}},{"type":"Feature","properties":{"dsubbc":"oceano","nome":"Drenagem direta ao oceano"},"geometry":{"type":"Polygon","coordinates":[[[-46.2588,-23.8596],[-46.2584,-23.8616],[-46.2584,-23.8636],[-46.2584,-23.8652],[-46.2584,-23.8664],[-46.2584,-23.8668],[-46.2588,-23.8672],[-46.2588,-23.868],[-46.2588,-23.8684],[-46.2588,-23.8688],[-46.2588,-23.8692],[-46.2588,-23.8696],[-46.2592,-23.87],[-46.2592,-23.8704],[-46.2592,-23.8708],[-46.2584,-23.8724],[-46.258,-23.8732],[-46.258,-23.8736],[-46.258,-23.874],[-46.2584,-23.8744],[-46.2584,-23.8764],[-46.2592,-23.8772],[-46.2592,-23.878],[-46.2588,-23.8784],[-46.2584,-23.8792],[-46.258,-23.8804],[-46.2584,-23.8812],[-46.2588,-23.8828],[-46.2592,-23.8844],[-46.2596,-23.8852],[-46.2592,-23.8868],[-46.2592,-23.888],[-46.2596,-23.8892],[-46.2584,-23.8912],[-46.256,-23.8924],[-46.2528,-23.894],[-46.2512,-23.8948],[-46.2496,-23.896],[-46.2476,-23.8984],[-46.2452,-23.9028],[-46.2428,-23.9048],[-46.2416,-23.9072],[-46.2408,-23.9092],[-46.2404,-23.9112],[-46.24,-23.9136],[-46.24,-23.9172],[-46.2392,-23.9196],[-46.2376,-23.9216],[-46.2364,-23.92],[-46.2356,-23.9192],[-46.2352,-23.9172],[-46.234,-23.9156],[-46.2328,-23.914],[-46.232,-23.9132],[-46.2308,-23.912],[-46.2288,-23.9112],[-46.2272,-23.9104],[-46.2256,-23.9096],[-46.2236,-23.9096],[-46.2228,-23.9096],[-46.2232,-23.9108],[-46.2236,-23.912],[-46.2244,-23.9128],[-46.2256,-23.9148],[-46.226,-23.9164],[-46.226,-23.9176],[-46.2264,-23.9188],[-46.2264,-23.92],[-46.2264,-23.9212],[-46.2268,-23.9224],[-46.2264,-23.924],[-46.2264,-23.9256],[-46.226,-23.9264],[-46.2252,-23.928],[-46.2248,-23.9292],[-46.2236,-23.9304],[-46.2232,-23.9324],[-46.2228,-23.934],[-46.222,-23.9356],[-46.2216,-23.9376],[-46.2212,-23.938],[-46.2212,-23.9384],[-46.2208,-23.9388],[-46.22,-23.9388],[-46.2192,-23.9388],[-46.2188,-23.9388],[-46.2184,-23.938],[-46.2188,-23.9388],[-46.2184,-23.9396],[-46.2184,-23.9408],[-46.2176,-23.9412],[-46.2168,-23.942],[-46.216,-23.9428],[-46.2156,-23.9432],[-46.2148,-23.9436],[-46.2148,-23.9444],[-46.2152,-23.9444],[-46.2152,-23.9452],[-46.2152,-23.9456],[-46.2156,-23.9456],[-46.2156,-23.946],[-46.2164,-23.946],[-46.2164,-23.9464],[-46.2168,-23.9464],[-46.2172,-23.9464],[-46.2172,-23.9468],[-46.218,-23.9468],[-46.218,-23.9472],[-46.2184,-23.9472],[-46.2184,-23.9476],[-46.2188,-23.9476],[-46.2192,-23.9476],[-46.2192,-23.948],[-46.2192,-23.9484],[-46.2196,-23.9484],[-46.22,-23.9484],[-46.22,-23.9488],[-46.2204,-23.9488],[-46.2204,-23.9492],[-46.2204,-23.9496],[-46.2208,-23.9496],[-46.2212,-23.9496],[-46.2212,-23.9504],[-46.2208,-23.9504],[-46.2208,-23.9508],[-46.2204,-23.9508],[-46.2204,-23.9512],[-46.2204,-23.9516],[-46.22,-23.9516],[-46.2196,-23.9516],[-46.2196,-23.9524],[-46.2192,-23.9524],[-46.2192,-23.9552],[-46.2192,-23.9556],[-46.2188,-23.9556],[-46.2188,-23.956],[-46.2192,-23.956],[-46.2192,-23.9568],[-46.2192,-23.9572],[-46.2196,-23.9572],[-46.2196,-23.9576],[-46.22,-23.9576],[-46.2204,-23.9576],[-46.2204,-23.958],[-46.2208,-23.958],[-46.2208,-23.9584],[-46.2212,-23.9584],[-46.2216,-23.9584],[-46.2216,-23.9588],[-46.222,-23.9588],[-46.222,-23.9592],[-46.2224,-23.9592],[-46.2224,-23.9596],[-46.2224,-23.96],[-46.2228,-23.96],[-46.2228,-23.9604],[-46.2244,-23.9604],[-46.2244,-23.9612],[-46.2248,-23.9612],[-46.2252,-23.9612],[-46.2252,-23.9616],[-46.2256,-23.9616],[-46.2256,-23.962],[-46.226,-23.962],[-46.226,-23.9624],[-46.2264,-23.9624],[-46.2264,-23.9628],[-46.2268,-23.9628],[-46.2268,-23.9632],[-46.2272,-23.9632],[-46.2272,-23.9636],[-46.2276,-23.9636],[-46.2276,-23.964],[-46.228,-23.964],[-46.228,-23.9644],[-46.2284,-23.9644],[-46.2288,-23.9644],[-46.2288,-23.9648],[-46.2292,-23.9648],[-46.2292,-23.9652],[-46.2296,-23.9652],[-46.2304,-23.9652],[-46.2304,-23.9656],[-46.2308,-23.9656],[-46.2308,-23.966],[-46.2312,-23.966],[-46.2312,-23.9664],[-46.232,-23.9664],[-46.232,-23.9668],[-46.2324,-23.9668],[-46.2324,-23.9672],[-46.2332,-23.9672],[-46.2336,-23.9672],[-46.2336,-23.9676],[-46.234,-23.9676],[-46.234,-23.968],[-46.2344,-23.968],[-46.2344,-23.9684],[-46.2344,-23.9688],[-46.2348,-23.9688],[-46.2348,-23.9692],[-46.2352,-23.9692],[-46.2352,-23.9696],[-46.2356,-23.9696],[-46.2356,-23.97],[-46.236,-23.97],[-46.236,-23.9704],[-46.2364,-23.9704],[-46.2368,-23.9704],[-46.2368,-23.9708],[-46.2372,-23.9708],[-46.2372,-23.9712],[-46.238,-23.9712],[-46.238,-23.9708],[-46.2384,-23.9708],[-46.2384,-23.9704],[-46.2408,-23.9704],[-46.2408,-23.9708],[-46.2412,-23.9708],[-46.2412,-23.9712],[-46.242,-23.9712],[-46.2424,-23.9712],[-46.2424,-23.9716],[-46.2428,-23.9716],[-46.2428,-23.972],[-46.2432,-23.972],[-46.2432,-23.9724],[-46.2432,-23.9732],[-46.2436,-23.9732],[-46.244,-23.9732],[-46.244,-23.9736],[-46.2444,-23.9736],[-46.2444,-23.974],[-46.2452,-23.974],[-46.2452,-23.9744],[-46.2456,-23.9744],[-46.246,-23.9744],[-46.246,-23.9748],[-46.2468,-23.9748],[-46.2484,-23.9748],[-46.2496,-23.9752],[-46.25,-23.9756],[-46.2504,-23.976],[-46.2508,-23.9756],[-46.2508,-23.9752],[-46.2516,-23.9748],[-46.2528,-23.974],[-46.2532,-23.9736],[-46.2536,-23.9736],[-46.2544,-23.9736],[-46.2548,-23.9736],[-46.2552,-23.974],[-46.256,-23.9744],[-46.256,-23.9748],[-46.2564,-23.9748],[-46.2568,-23.9748],[-46.2572,-23.9748],[-46.2576,-23.9748],[-46.258,-23.9748],[-46.258,-23.9752],[-46.258,-23.9756],[-46.2584,-23.976],[-46.2588,-23.976],[-46.2592,-23.976],[-46.2596,-23.976],[-46.2596,-23.9756],[-46.26,-23.9756],[-46.26,-23.976],[-46.2604,-23.976],[-46.2608,-23.976],[-46.2608,-23.9764],[-46.2612,-23.9768],[-46.2612,-23.9772],[-46.2612,-23.9776],[-46.2616,-23.9776],[-46.262,-23.9776],[-46.262,-23.978],[-46.2624,-23.978],[-46.2628,-23.978],[-46.2632,-23.9776],[-46.2636,-23.9772],[-46.264,-23.9768],[-46.264,-23.9772],[-46.2644,-23.9772],[-46.2648,-23.9772],[-46.2652,-23.9772],[-46.2652,-23.9768],[-46.2656,-23.9768],[-46.266,-23.9772],[-46.2664,-23.9776],[-46.2664,-23.978],[-46.2664,-23.9784],[-46.2664,-23.9788],[-46.2664,-23.9792],[-46.2664,-23.9796],[-46.2668,-23.9796],[-46.2672,-23.98],[-46.2672,-23.9804],[-46.2672,-23.9808],[-46.2672,-23.9816],[-46.2676,-23.982],[-46.268,-23.9824],[-46.2684,-23.9824],[-46.2688,-23.9824],[-46.2692,-23.9824],[-46.2696,-23.9824],[-46.27,-23.9824],[-46.27,-23.982],[-46.2704,-23.9816],[-46.2704,-23.9812],[-46.27,-23.9808],[-46.27,-23.9804],[-46.27,-23.98],[-46.2704,-23.98],[-46.2704,-23.9796],[-46.2708,-23.9796],[-46.2712,-23.9796],[-46.2712,-23.98],[-46.2716,-23.98],[-46.2716,-23.9804],[-46.2716,-23.9808],[-46.272,-23.9816],[-46.272,-23.982],[-46.272,-23.9824],[-46.2724,-23.9824],[-46.2728,-23.9824],[-46.2732,-23.982],[-46.2736,-23.982],[-46.274,-23.982],[-46.2744,-23.982],[-46.2748,-23.982],[-46.2752,-23.982],[-46.2756,-23.9816],[-46.276,-23.9816],[-46.2764,-23.9816],[-46.2768,-23.982],[-46.2768,-23.9824],[-46.2768,-23.9832],[-46.2768,-23.9836],[-46.2768,-23.984],[-46.2772,-23.984],[-46.278,-23.984],[-46.2784,-23.9844],[-46.2788,-23.984],[-46.2792,-23.9832],[-46.2796,-23.9828],[-46.28,-23.9824],[-46.2804,-23.9828],[-46.2808,-23.9828],[-46.2812,-23.9832],[-46.2816,-23.9832],[-46.282,-23.9832],[-46.282,-23.9836],[-46.2824,-23.9836],[-46.2832,-23.9844],[-46.284,-23.9848],[-46.284,-23.9852],[-46.284,-23.9856],[-46.2836,-23.9864],[-46.2832,-23.9868],[-46.2832,-23.9872],[-46.2836,-23.9876],[-46.284,-23.9876],[-46.284,-23.988],[-46.2848,-23.9876],[-46.2852,-23.9876],[-46.2852,-23.988],[-46.2856,-23.988],[-46.286,-23.9876],[-46.2864,-23.9872],[-46.2864,-23.9868],[-46.2872,-23.9864],[-46.288,-23.986],[-46.2892,-23.9856],[-46.2908,-23.9856],[-46.29,-23.9844],[-46.2896,-23.9836],[-46.2888,-23.9804],[-46.2888,-23.978],[-46.29,-23.9748],[-46.2912,-23.9712],[-46.2964,-23.9644],[-46.3016,-23.9592],[-46.3032,-23.9572],[-46.3056,-23.9548],[-46.3056,-23.9544],[-46.306,-23.9544],[-46.306,-23.954],[-46.3064,-23.954],[-46.3064,-23.9536],[-46.308,-23.9504],[-46.3092,-23.9476],[-46.31,-23.9432],[-46.3104,-23.9388],[-46.3116,-23.9336],[-46.314,-23.9304],[-46.316,-23.9292],[-46.3212,-23.9284],[-46.3288,-23.9272],[-46.3332,-23.9252],[-46.3348,-23.924],[-46.3364,-23.9228],[-46.3348,-23.9208],[-46.334,-23.9196],[-46.332,-23.918],[-46.33,-23.916],[-46.3292,-23.9136],[-46.3264,-23.9108],[-46.3252,-23.9072],[-46.3252,-23.9048],[-46.3252,-23.9028],[-46.3248,-23.9004],[-46.3252,-23.898],[-46.3252,-23.8972],[-46.3252,-23.8964],[-46.3248,-23.896],[-46.3248,-23.8952],[-46.3248,-23.8948],[-46.3244,-23.894],[-46.324,-23.8936],[-46.3236,-23.8932],[-46.3232,-23.8928],[-46.3228,-23.8928],[-46.3228,-23.8924],[-46.3224,-23.8924],[-46.3216,-23.8924],[-46.3212,-23.8928],[-46.3196,-23.8948],[-46.3188,-23.8948],[-46.3176,-23.8948],[-46.3164,-23.8948],[-46.3156,-23.8952],[-46.3144,-23.8956],[-46.3136,-23.8956],[-46.3128,-23.8952],[-46.312,-23.8948],[-46.3112,-23.8944],[-46.3096,-23.8924],[-46.3096,-23.8912],[-46.3096,-23.8896],[-46.3092,-23.888],[-46.3088,-23.8852],[-46.3088,-23.8836],[-46.3084,-23.8816],[-46.3072,-23.8804],[-46.306,-23.8784],[-46.3044,-23.8772],[-46.3032,-23.876],[-46.3024,-23.8756],[-46.302,-23.8752],[-46.2996,-23.8732],[-46.298,-23.872],[-46.2972,-23.872],[-46.2968,-23.872],[-46.2968,-23.8716],[-46.296,-23.8716],[-46.296,-23.8712],[-46.2952,-23.8712],[-46.2952,-23.8708],[-46.2948,-23.8708],[-46.2932,-23.8708],[-46.2932,-23.8704],[-46.2928,-23.8704],[-46.2928,-23.87],[-46.292,-23.87],[-46.2916,-23.87],[-46.2916,-23.8696],[-46.2912,-23.8696],[-46.2912,-23.8692],[-46.2908,-23.8692],[-46.2908,-23.8688],[-46.29,-23.8688],[-46.2892,-23.8688],[-46.2892,-23.8684],[-46.2888,-23.8684],[-46.2888,-23.868],[-46.2876,-23.868],[-46.2868,-23.868],[-46.2868,-23.8676],[-46.286,-23.8676],[-46.286,-23.8672],[-46.2852,-23.8672],[-46.2852,-23.8668],[-46.2848,-23.8668],[-46.2848,-23.866],[-46.2848,-23.8652],[-46.2848,-23.8648],[-46.284,-23.8636],[-46.2832,-23.8632],[-46.2832,-23.8624],[-46.282,-23.8612],[-46.2808,-23.8612],[-46.28,-23.8612],[-46.2792,-23.8612],[-46.2784,-23.8616],[-46.2772,-23.862],[-46.2764,-23.8624],[-46.2756,-23.8628],[-46.2744,-23.8628],[-46.2732,-23.8628],[-46.2732,-23.8632],[-46.2728,-23.8632],[-46.2728,-23.8636],[-46.2716,-23.8636],[-46.27,-23.8636],[-46.27,-23.8632],[-46.2696,-23.8632],[-46.2696,-23.8628],[-46.2684,-23.8628],[-46.268,-23.8628],[-46.2668,-23.8628],[-46.2668,-23.8624],[-46.266,-23.8624],[-46.266,-23.862],[-46.2656,-23.862],[-46.2652,-23.862],[-46.2652,-23.8616],[-46.2652,-23.8612],[-46.2644,-23.8612],[-46.2644,-23.8608],[-46.264,-23.8608],[-46.2636,-23.8608],[-46.2636,-23.8604],[-46.2632,-23.8604],[-46.2632,-23.86],[-46.2628,-23.86],[-46.262,-23.86],[-46.262,-23.8596],[-46.2616,-23.8596],[-46.2616,-23.8592],[-46.2612,-23.8592],[-46.2612,-23.8588],[-46.2604,-23.8588],[-46.26,-23.8588],[-46.26,-23.8584],[-46.26,-23.858],[-46.2596,-23.858],[-46.2592,-23.858],[-46.2592,-23.8588],[-46.2588,-23.8588],[-46.2588,-23.8596]]]}},{"type":"Feature","properties":{"dsubbc":"rio itapanhau","nome":"Rio Itapanhaú"},"geometry":{"type":"Polygon","coordinates":[[[-46.1392,-23.8784],[-46.1396,-23.8784],[-46.14,-23.8784],[-46.1404,-23.8784],[-46.1408,-23.8784],[-46.1412,-23.878],[-46.1416,-23.878],[-46.142,-23.878],[-46.1424,-23.878],[-46.1428,-23.878],[-46.1428,-23.8776],[-46.1432,-23.8776],[-46.1432,-23.8772],[-46.1436,-23.8772],[-46.1436,-23.8768],[-46.144,-23.8768],[-46.144,-23.8764],[-46.1444,-23.8764],[-46.1444,-23.876],[-46.1448,-23.876],[-46.1448,-23.8756],[-46.1448,-23.8748],[-46.1452,-23.8748],[-46.1456,-23.8748],[-46.1456,-23.8744],[-46.1456,-23.874],[-46.146,-23.874],[-46.1464,-23.874],[-46.1464,-23.8736],[-46.1468,-23.8736],[-46.1468,-23.8732],[-46.1468,-23.8724],[-46.1464,-23.872],[-46.1464,-23.8712],[-46.146,-23.8708],[-46.146,-23.8704],[-46.1456,-23.87],[-46.1452,-23.8696],[-46.1448,-23.8692],[-46.1448,-23.8688],[-46.1444,-23.8684],[-46.144,-23.868],[-46.1436,-23.8676],[-46.1432,-23.8672],[-46.1428,-23.8668],[-46.1428,-23.8664],[-46.1428,-23.8656],[-46.1428,-23.8652],[-46.1424,-23.8648],[-46.1424,-23.8644],[-46.1424,-23.864],[-46.1424,-23.8636],[-46.1424,-23.8632],[-46.1424,-23.8628],[-46.1424,-23.8624],[-46.1428,-23.862],[-46.1432,-23.8616],[-46.1432,-23.8604],[-46.1432,-23.8592],[-46.1436,-23.8584],[-46.1408,-23.858],[-46.1376,-23.8576],[-46.134,-23.8572],[-46.1324,-23.8564],[-46.132,-23.8568],[-46.1316,-23.8572],[-46.1312,-23.8572],[-46.1308,-23.8572],[-46.1304,-23.8568],[-46.1296,-23.8568],[-46.1292,-23.8568],[-46.1288,-23.8568],[-46.1284,-23.8568],[-46.128,-23.8568],[-46.1276,-23.8564],[-46.1272,-23.8564],[-46.1268,-23.8568],[-46.1264,-23.8568],[-46.126,-23.8568],[-46.1256,-23.8568],[-46.1252,-23.8572],[-46.1252,-23.8576],[-46.1256,-23.858],[-46.1252,-23.858],[-46.1252,-23.8584],[-46.1252,-23.8588],[-46.1248,-23.8592],[-46.1248,-23.8596],[-46.1244,-23.8596],[-46.1244,-23.86],[-46.1244,-23.8604],[-46.1248,-23.8604],[-46.1248,-23.8608],[-46.1252,-23.8612],[-46.1256,-23.8612],[-46.126,-23.8616],[-46.1264,-23.8616],[-46.1268,-23.862],[-46.1272,-23.8624],[-46.1276,-23.8628],[-46.128,-23.8628],[-46.1288,-23.8628],[-46.1296,-23.8628],[-46.13,-23.8628],[-46.1304,-23.8628],[-46.1304,-23.8624],[-46.1308,-23.8624],[-46.1312,-23.8624],[-46.1316,-23.8628],[-46.132,-23.8632],[-46.1328,-23.8636],[-46.1336,-23.8644],[-46.134,-23.8648],[-46.1344,-23.8652],[-46.1348,-23.8656],[-46.1352,-23.866],[-46.1356,-23.8664],[-46.136,-23.8664],[-46.136,-23.8668],[-46.1364,-23.8676],[-46.1368,-23.8676],[-46.1368,-23.8684],[-46.1368,-23.8688],[-46.1368,-23.8696],[-46.1368,-23.8704],[-46.1368,-23.8708],[-46.1368,-23.8712],[-46.1368,-23.8716],[-46.1372,-23.8716],[-46.1372,-23.872],[-46.1376,-23.872],[-46.1376,-23.8724],[-46.138,-23.8724],[-46.1384,-23.8724],[-46.1388,-23.8724],[-46.1392,-23.8728],[-46.1392,-23.8736],[-46.1396,-23.874],[-46.14,-23.8748],[-46.14,-23.8752],[-46.14,-23.8756],[-46.1396,-23.876],[-46.1392,-23.8764],[-46.1388,-23.8764],[-46.1384,-23.8764],[-46.138,-23.8764],[-46.1376,-23.8764],[-46.1376,-23.8768],[-46.1376,-23.8772],[-46.138,-23.8776],[-46.1388,-23.878],[-46.1392,-23.8784]]]}},{"type":"Feature","properties":{"dsubbc":"oceano","nome":"Drenagem direta ao oceano"},"geometry":{"type":"Polygon","coordinates":[[[-46.2344,-23.8536],[-46.2344,-23.854],[-46.234,-23.854],[-46.2336,-23.854],[-46.2336,-23.8544],[-46.2332,-23.8544],[-46.2332,-23.8548],[-46.232,-23.8548],[-46.232,-23.8552],[-46.2308,-23.8552],[-46.2304,-23.8552],[-46.2304,-23.856],[-46.23,-23.856],[-46.23,-23.8568],[-46.2296,-23.8568],[-46.2296,-23.8572],[-46.2292,-23.8572],[-46.2292,-23.8576],[-46.2292,-23.858],[-46.2284,-23.858],[-46.2284,-23.8584],[-46.228,-23.8584],[-46.228,-23.8588],[-46.2272,-23.8588],[-46.2272,-23.8592],[-46.2244,-23.8592],[-46.2244,-23.8596],[-46.2212,-23.8596],[-46.2224,-23.8608],[-46.2228,-23.862],[-46.2224,-23.864],[-46.2216,-23.8668],[-46.2212,-23.8676],[-46.2204,-23.8696],[-46.2204,-23.8704],[-46.2208,-23.8712],[-46.2212,-23.872],[-46.2212,-23.8728],[-46.2212,-23.8736],[-46.2212,-23.874],[-46.2204,-23.876],[-46.2204,-23.8776],[-46.2204,-23.8796],[-46.2204,-23.8804],[-46.2204,-23.8812],[-46.22,-23.882],[-46.2176,-23.8848],[-46.2168,-23.8872],[-46.2172,-23.888],[-46.2176,-23.8884],[-46.2176,-23.8908],[-46.2176,-23.8924],[-46.2188,-23.8944],[-46.22,-23.8972],[-46.22,-23.898],[-46.22,-23.8996],[-46.22,-23.9008],[-46.2204,-23.9028],[-46.22,-23.9048],[-46.2196,-23.9064],[-46.22,-23.9084],[-46.2216,-23.9104],[-46.2224,-23.91],[-46.2228,-23.9096],[-46.2236,-23.9096],[-46.2256,-23.9096],[-46.2272,-23.9104],[-46.2288,-23.9112],[-46.2308,-23.912],[-46.232,-23.9132],[-46.2328,-23.914],[-46.234,-23.9156],[-46.2352,-23.9172],[-46.2356,-23.9192],[-46.2364,-23.92],[-46.2376,-23.9216],[-46.2392,-23.9196],[-46.24,-23.9172],[-46.24,-23.9136],[-46.2404,-23.9112],[-46.2408,-23.9092],[-46.2416,-23.9072],[-46.2428,-23.9048],[-46.2452,-23.9028],[-46.2476,-23.8984],[-46.2496,-23.896],[-46.2512,-23.8948],[-46.2528,-23.894],[-46.256,-23.8924],[-46.2584,-23.8912],[-46.2596,-23.8892],[-46.2592,-23.888],[-46.2592,-23.8868],[-46.2596,-23.8852],[-46.2592,-23.8844],[-46.2588,-23.8828],[-46.2584,-23.8812],[-46.258,-23.8804],[-46.2584,-23.8792],[-46.2588,-23.8784],[-46.2592,-23.878],[-46.2592,-23.8772],[-46.2584,-23.8764],[-46.2584,-23.8744],[-46.258,-23.874],[-46.258,-23.8736],[-46.258,-23.8732],[-46.2584,-23.8724],[-46.2592,-23.8708],[-46.2592,-23.8704],[-46.2592,-23.87],[-46.2588,-23.8696],[-46.2588,-23.8692],[-46.2588,-23.8688],[-46.2588,-23.8684],[-46.2588,-23.868],[-46.2588,-23.8672],[-46.2584,-23.8668],[-46.2584,-23.8664],[-46.2584,-23.8652],[-46.2584,-23.8636],[-46.2584,-23.8616],[-46.2588,-23.8596],[-46.258,-23.8596],[-46.258,-23.8592],[-46.258,-23.8588],[-46.2576,-23.8588],[-46.2572,-23.8588],[-46.2572,-23.8584],[-46.2568,-23.8584],[-46.2568,-23.858],[-46.256,-23.858],[-46.2556,-23.858],[-46.2552,-23.858],[-46.2552,-23.8576],[-46.2544,-23.8576],[-46.2544,-23.8572],[-46.254,-23.8572],[-46.254,-23.8568],[-46.2512,-23.8568],[-46.2496,-23.8568],[-46.2492,-23.8568],[-46.248,-23.8568],[-46.248,-23.8564],[-46.2472,-23.8564],[-46.2468,-23.8564],[-46.2468,-23.856],[-46.2456,-23.856],[-46.2452,-23.856],[-46.244,-23.856],[-46.244,-23.8556],[-46.2436,-23.8556],[-46.2436,-23.8552],[-46.2424,-23.8552],[-46.2376,-23.8552],[-46.2376,-23.8548],[-46.2372,-23.8548],[-46.2372,-23.8544],[-46.2372,-23.854],[-46.2364,-23.854],[-46.2352,-23.854],[-46.2352,-23.8536],[-46.2344,-23.8536]]]}},{"type":"Feature","properties":{"dsubbc":"rio cubatao","nome":"Rio Cubatão"},"geometry":{"type":"Polygon","coordinates":[[[-46.4592,-23.856],[-46.4592,-23.8564],[-46.4596,-23.8564],[-46.4596,-23.8568],[-46.46,-23.8568],[-46.46,-23.8584],[-46.46,-23.8588],[-46.4596,-23.8588],[-46.4596,-23.8596],[-46.4596,-23.86],[-46.46,-23.86],[-46.4608,-23.86],[-46.4608,-23.8604],[-46.4612,-23.8604],[-46.4612,-23.8628],[-46.4608,-23.8628],[-46.4608,-23.8636],[-46.4608,-23.864],[-46.4604,-23.864],[-46.4604,-23.8644],[-46.46,-23.8644],[-46.46,-23.8648],[-46.46,-23.8652],[-46.4592,-23.8652],[-46.4592,-23.8656],[-46.4588,-23.8652],[-46.458,-23.8652],[-46.4576,-23.8656],[-46.4572,-23.8656],[-46.4564,-23.866],[-46.456,-23.8664],[-46.4556,-23.8664],[-46.4552,-23.8668],[-46.4548,-23.8672],[-46.4544,-23.8676],[-46.454,-23.868],[-46.4536,-23.868],[-46.4528,-23.8684],[-46.4524,-23.8688],[-46.452,-23.8692],[-46.4516,-23.8696],[-46.4508,-23.8704],[-46.4508,-23.8708],[-46.4504,-23.8712],[-46.4504,-23.872],[-46.45,-23.872],[-46.4496,-23.8724],[-46.4492,-23.8728],[-46.4492,-23.8736],[-46.4484,-23.874],[-46.4488,-23.874],[-46.4488,-23.8748],[-46.4484,-23.8748],[-46.448,-23.8748],[-46.448,-23.8752],[-46.448,-23.8764],[-46.4476,-23.8764],[-46.4472,-23.8764],[-46.4468,-23.8764],[-46.4468,-23.8768],[-46.4464,-23.8768],[-46.4464,-23.8772],[-46.446,-23.8772],[-46.4456,-23.8776],[-46.4448,-23.878],[-46.4444,-23.878],[-46.4444,-23.8784],[-46.444,-23.8788],[-46.4436,-23.8792],[-46.4436,-23.8796],[-46.4432,-23.8804],[-46.4432,-23.8808],[-46.4428,-23.8812],[-46.4432,-23.8812],[-46.444,-23.8812],[-46.4444,-23.8812],[-46.4452,-23.8812],[-46.446,-23.8808],[-46.4464,-23.8808],[-46.4472,-23.8808],[-46.4476,-23.8808],[-46.448,-23.8808],[-46.4484,-23.8812],[-46.4488,-23.8808],[-46.4496,-23.8804],[-46.45,-23.88],[-46.4504,-23.88],[-46.4508,-23.8796],[-46.4512,-23.8792],[-46.4516,-23.8792],[-46.452,-23.8788],[-46.4528,-23.8784],[-46.4532,-23.8784],[-46.4536,-23.8784],[-46.4552,-23.8784],[-46.4552,-23.878],[-46.456,-23.878],[-46.458,-23.878],[-46.458,-23.8776],[-46.4588,-23.8776],[-46.4588,-23.8772],[-46.4588,-23.8768],[-46.4592,-23.8768],[-46.46,-23.8768],[-46.4604,-23.8768],[-46.4608,-23.8764],[-46.4612,-23.876],[-46.4616,-23.876],[-46.462,-23.8756],[-46.4624,-23.8756],[-46.4628,-23.8756],[-46.4628,-23.8752],[-46.4632,-23.8752],[-46.4636,-23.8756],[-46.464,-23.8752],[-46.4644,-23.8752],[-46.4648,-23.8748],[-46.4656,-23.8748],[-46.466,-23.8748],[-46.466,-23.8744],[-46.466,-23.874],[-46.4664,-23.874],[-46.4668,-23.874],[-46.4668,-23.8736],[-46.468,-23.8736],[-46.468,-23.8732],[-46.4684,-23.8732],[-46.4684,-23.8728],[-46.4688,-23.8728],[-46.4688,-23.8724],[-46.4692,-23.8724],[-46.4692,-23.872],[-46.47,-23.872],[-46.4704,-23.872],[-46.47,-23.8712],[-46.4692,-23.87],[-46.4688,-23.8696],[-46.4684,-23.8684],[-46.468,-23.8676],[-46.4684,-23.866],[-46.4684,-23.8652],[-46.4688,-23.864],[-46.4688,-23.8628],[-46.4692,-23.862],[-46.4692,-23.8608],[-46.4692,-23.86],[-46.4692,-23.8588],[-46.4696,-23.8572],[-46.4688,-23.8552],[-46.4688,-23.8544],[-46.4688,-23.854],[-46.4676,-23.8532],[-46.466,-23.8532],[-46.4648,-23.8536],[-46.464,-23.8536],[-46.4628,-23.854],[-46.4616,-23.8544],[-46.4604,-23.8556],[-46.4592,-23.856]]]}},{"type":"Feature","properties":{"dsubbc":"oceano","nome":"Drenagem direta ao oceano"},"geometry":{"type":"Polygon","coordinates":[[[-46.1916,-23.8532],[-46.1904,-23.8532],[-46.1904,-23.8536],[-46.19,-23.8536],[-46.19,-23.854],[-46.1896,-23.854],[-46.1892,-23.854],[-46.1892,-23.8556],[-46.1888,-23.8556],[-46.1888,-23.8564],[-46.1884,-23.8564],[-46.1884,-23.8568],[-46.1876,-23.8568],[-46.1876,-23.8572],[-46.1876,-23.8576],[-46.1864,-23.8576],[-46.1864,-23.858],[-46.1852,-23.858],[-46.1852,-23.8584],[-46.1844,-23.8584],[-46.1844,-23.8588],[-46.1836,-23.8588],[-46.1836,-23.8592],[-46.1828,-23.8592],[-46.1828,-23.8596],[-46.1824,-23.8596],[-46.1824,-23.86],[-46.1816,-23.86],[-46.1812,-23.86],[-46.1812,-23.8604],[-46.1808,-23.8604],[-46.1808,-23.8608],[-46.1804,-23.8608],[-46.1804,-23.8612],[-46.18,-23.8632],[-46.18,-23.8648],[-46.1784,-23.8664],[-46.1788,-23.868],[-46.1796,-23.8692],[-46.1796,-23.8712],[-46.1796,-23.8724],[-46.1796,-23.8744],[-46.178,-23.876],[-46.1768,-23.8756],[-46.1748,-23.8756],[-46.172,-23.8756],[-46.17,-23.876],[-46.1684,-23.8768],[-46.1668,-23.8768],[-46.1652,-23.8784],[-46.168,-23.8812],[-46.17,-23.8836],[-46.1712,-23.8844],[-46.1712,-23.8852],[-46.1716,-23.886],[-46.1724,-23.8868],[-46.1732,-23.8872],[-46.176,-23.888],[-46.1784,-23.8888],[-46.1828,-23.89],[-46.184,-23.8904],[-46.1856,-23.8908],[-46.1864,-23.89],[-46.1876,-23.8888],[-46.1888,-23.8876],[-46.1896,-23.8868],[-46.1904,-23.886],[-46.1916,-23.8848],[-46.1924,-23.8844],[-46.1932,-23.8832],[-46.194,-23.8828],[-46.1948,-23.8828],[-46.196,-23.8824],[-46.1964,-23.8824],[-46.1972,-23.882],[-46.1976,-23.882],[-46.1984,-23.882],[-46.1988,-23.8816],[-46.2,-23.882],[-46.2004,-23.882],[-46.2012,-23.8816],[-46.2016,-23.8816],[-46.202,-23.8816],[-46.2024,-23.8816],[-46.2028,-23.8816],[-46.2032,-23.8816],[-46.204,-23.8816],[-46.204,-23.8812],[-46.2052,-23.8804],[-46.2068,-23.8788],[-46.2088,-23.878],[-46.2104,-23.8776],[-46.212,-23.878],[-46.2144,-23.878],[-46.2164,-23.8784],[-46.2184,-23.878],[-46.2204,-23.8776],[-46.2204,-23.876],[-46.2212,-23.874],[-46.2212,-23.8736],[-46.2212,-23.8728],[-46.2212,-23.872],[-46.2208,-23.8712],[-46.2204,-23.8704],[-46.2204,-23.8696],[-46.2212,-23.8676],[-46.2216,-23.8668],[-46.2224,-23.864],[-46.2228,-23.862],[-46.2224,-23.8608],[-46.2212,-23.8596],[-46.2208,-23.8596],[-46.2208,-23.8592],[-46.2204,-23.8592],[-46.2204,-23.8588],[-46.22,-23.8588],[-46.2192,-23.8588],[-46.2192,-23.8584],[-46.2188,-23.8584],[-46.2188,-23.858],[-46.2184,-23.858],[-46.2184,-23.8576],[-46.2172,-23.8576],[-46.2172,-23.8572],[-46.2156,-23.8572],[-46.2156,-23.8568],[-46.2144,-23.8568],[-46.2136,-23.8568],[-46.2136,-23.8564],[-46.2132,-23.8564],[-46.2132,-23.856],[-46.212,-23.856],[-46.2116,-23.856],[-46.2112,-23.856],[-46.2112,-23.8564],[-46.2092,-23.8564],[-46.2092,-23.8568],[-46.2084,-23.8568],[-46.2084,-23.8572],[-46.2084,-23.8576],[-46.2076,-23.8576],[-46.2064,-23.8576],[-46.2052,-23.8576],[-46.2052,-23.8572],[-46.2044,-23.8572],[-46.2044,-23.8568],[-46.204,-23.8568],[-46.204,-23.8564],[-46.2032,-23.8564],[-46.2032,-23.856],[-46.2028,-23.856],[-46.2024,-23.856],[-46.2016,-23.856],[-46.2012,-23.856],[-46.2004,-23.856],[-46.2004,-23.8564],[-46.1984,-23.8564],[-46.1984,-23.856],[-46.1976,-23.856],[-46.1976,-23.8556],[-46.1972,-23.8556],[-46.1972,-23.8552],[-46.1968,-23.8552],[-46.1964,-23.8552],[-46.1964,-23.8548],[-46.196,-23.8548],[-46.196,-23.8544],[-46.1956,-23.8544],[-46.1956,-23.854],[-46.1952,-23.854],[-46.1944,-23.854],[-46.1944,-23.8536],[-46.1944,-23.8532],[-46.194,-23.8532],[-46.1936,-23.8532],[-46.1936,-23.8528],[-46.1936,-23.8532],[-46.1916,-23.8532]]]}},{"type":"Feature","properties":{"dsubbc":"rio itapanhau","nome":"Rio Itapanhaú"},"geometry":{"type":"Polygon","coordinates":[[[-46.154,-23.8616],[-46.1552,-23.8628],[-46.156,-23.8648],[-46.1568,-23.8664],[-46.1576,-23.8688],[-46.1592,-23.8716],[-46.16,-23.8732],[-46.1604,-23.874],[-46.1628,-23.8764],[-46.1652,-23.8784],[-46.1668,-23.8768],[-46.1684,-23.8768],[-46.17,-23.876],[-46.172,-23.8756],[-46.1748,-23.8756],[-46.1768,-23.8756],[-46.178,-23.876],[-46.1796,-23.8744],[-46.1796,-23.8724],[-46.1796,-23.8712],[-46.1796,-23.8692],[-46.1788,-23.868],[-46.1784,-23.8664],[-46.18,-23.8648],[-46.18,-23.8632],[-46.1804,-23.8612],[-46.18,-23.8612],[-46.1796,-23.8612],[-46.1796,-23.8608],[-46.178,-23.8608],[-46.1776,-23.8608],[-46.1776,-23.8604],[-46.1768,-23.8604],[-46.1768,-23.86],[-46.1764,-23.86],[-46.1752,-23.86],[-46.1752,-23.8596],[-46.1744,-23.8596],[-46.1744,-23.8592],[-46.1724,-23.8592],[-46.1724,-23.8588],[-46.1716,-23.8588],[-46.1716,-23.8584],[-46.1712,-23.8584],[-46.1712,-23.858],[-46.1704,-23.858],[-46.17,-23.858],[-46.17,-23.8576],[-46.1696,-23.8576],[-46.1696,-23.8568],[-46.1692,-23.8568],[-46.1692,-23.8572],[-46.1688,-23.8572],[-46.1688,-23.8576],[-46.1684,-23.8576],[-46.1684,-23.858],[-46.168,-23.858],[-46.168,-23.8588],[-46.1676,-23.8588],[-46.1676,-23.8592],[-46.1672,-23.8592],[-46.1672,-23.8588],[-46.1668,-23.8588],[-46.166,-23.858],[-46.1656,-23.858],[-46.1652,-23.858],[-46.1652,-23.8576],[-46.1648,-23.8576],[-46.1648,-23.8572],[-46.1648,-23.8568],[-46.1644,-23.8568],[-46.164,-23.8568],[-46.164,-23.8564],[-46.1636,-23.8564],[-46.1636,-23.856],[-46.1636,-23.8552],[-46.1632,-23.8552],[-46.1632,-23.8548],[-46.1628,-23.8548],[-46.1628,-23.8544],[-46.1616,-23.8544],[-46.1616,-23.854],[-46.1612,-23.854],[-46.1612,-23.8536],[-46.1596,-23.8536],[-46.1596,-23.8532],[-46.1592,-23.8532],[-46.1592,-23.8528],[-46.1588,-23.8528],[-46.1588,-23.8524],[-46.1588,-23.852],[-46.158,-23.852],[-46.1576,-23.852],[-46.1576,-23.8516],[-46.1576,-23.8512],[-46.1572,-23.8512],[-46.1568,-23.8512],[-46.156,-23.8512],[-46.1552,-23.8508],[-46.1548,-23.8508],[-46.1544,-23.8508],[-46.1544,-23.8516],[-46.1552,-23.8528],[-46.1556,-23.8544],[-46.156,-23.8556],[-46.156,-23.8568],[-46.156,-23.858],[-46.156,-23.8588],[-46.1556,-23.8592],[-46.1556,-23.8596],[-46.154,-23.8616]]]}},{"type":"Feature","properties":{"dsubbc":"rio itapanhau","nome":"Rio Itapanhaú"},"geometry":{"type":"Polygon","coordinates":[[[-46.1468,-23.8416],[-46.146,-23.8416],[-46.1456,-23.8416],[-46.1444,-23.8416],[-46.1436,-23.842],[-46.1436,-23.8424],[-46.1432,-23.8428],[-46.1432,-23.8432],[-46.1436,-23.844],[-46.1444,-23.8444],[-46.1448,-23.8448],[-46.1456,-23.8452],[-46.1476,-23.8456],[-46.1488,-23.846],[-46.15,-23.8464],[-46.1508,-23.8468],[-46.1516,-23.8472],[-46.1524,-23.848],[-46.1532,-23.8492],[-46.154,-23.85],[-46.1544,-23.8508],[-46.1548,-23.8508],[-46.1552,-23.8508],[-46.156,-23.8512],[-46.1568,-23.8512],[-46.1572,-23.8512],[-46.156,-23.8484],[-46.1548,-23.8464],[-46.1524,-23.8436],[-46.1516,-23.8424],[-46.1504,-23.8412],[-46.15,-23.8416],[-46.1496,-23.8416],[-46.1492,-23.842],[-46.1484,-23.8416],[-46.1468,-23.8416]]]}},{"type":"Feature","properties":{"dsubbc":"rio itapanhau","nome":"Rio Itapanhaú"},"geometry":{"type":"Polygon","coordinates":[[[-46.1504,-23.8412],[-46.1516,-23.8424],[-46.1524,-23.8436],[-46.1548,-23.8464],[-46.156,-23.8484],[-46.1572,-23.8512],[-46.1576,-23.8512],[-46.1576,-23.8516],[-46.1576,-23.852],[-46.158,-23.852],[-46.1588,-23.852],[-46.1588,-23.8524],[-46.1588,-23.8528],[-46.1592,-23.8528],[-46.1592,-23.8532],[-46.1596,-23.8532],[-46.1596,-23.8536],[-46.1612,-23.8536],[-46.1612,-23.854],[-46.1616,-23.854],[-46.1616,-23.8544],[-46.1628,-23.8544],[-46.1628,-23.8548],[-46.1632,-23.8548],[-46.1632,-23.8552],[-46.1636,-23.8552],[-46.1636,-23.856],[-46.1636,-23.8564],[-46.164,-23.8564],[-46.164,-23.8568],[-46.1644,-23.8568],[-46.1648,-23.8568],[-46.1648,-23.8572],[-46.1648,-23.8576],[-46.1652,-23.8576],[-46.1652,-23.858],[-46.1656,-23.858],[-46.166,-23.858],[-46.1668,-23.8588],[-46.1672,-23.8588],[-46.1672,-23.8592],[-46.1676,-23.8592],[-46.1676,-23.8588],[-46.168,-23.8588],[-46.168,-23.858],[-46.1684,-23.858],[-46.1684,-23.8576],[-46.1688,-23.8576],[-46.1688,-23.8572],[-46.1692,-23.8572],[-46.1692,-23.8568],[-46.1696,-23.8568],[-46.1696,-23.8576],[-46.17,-23.8576],[-46.17,-23.858],[-46.1704,-23.858],[-46.1712,-23.858],[-46.1712,-23.8584],[-46.1716,-23.8584],[-46.1716,-23.8588],[-46.1724,-23.8588],[-46.1724,-23.8592],[-46.1744,-23.8592],[-46.1744,-23.8596],[-46.1752,-23.8596],[-46.1752,-23.86],[-46.1764,-23.86],[-46.1768,-23.86],[-46.1768,-23.8604],[-46.1776,-23.8604],[-46.1776,-23.8608],[-46.178,-23.8608],[-46.1796,-23.8608],[-46.1796,-23.8612],[-46.18,-23.8612],[-46.1804,-23.8612],[-46.1804,-23.8608],[-46.1808,-23.8608],[-46.1808,-23.8604],[-46.1812,-23.8604],[-46.1812,-23.86],[-46.1816,-23.86],[-46.1824,-23.86],[-46.1824,-23.8596],[-46.1828,-23.8596],[-46.1828,-23.8592],[-46.1836,-23.8592],[-46.1836,-23.8588],[-46.1844,-23.8588],[-46.1844,-23.8584],[-46.1852,-23.8584],[-46.1852,-23.858],[-46.1864,-23.858],[-46.1864,-23.8576],[-46.1876,-23.8576],[-46.1876,-23.8572],[-46.1876,-23.8568],[-46.1884,-23.8568],[-46.1884,-23.8564],[-46.1888,-23.8564],[-46.1888,-23.8556],[-46.1892,-23.8556],[-46.1892,-23.854],[-46.1896,-23.854],[-46.19,-23.854],[-46.19,-23.8536],[-46.1904,-23.8536],[-46.1904,-23.8532],[-46.1916,-23.8532],[-46.1916,-23.8528],[-46.1916,-23.8524],[-46.1912,-23.8524],[-46.1912,-23.852],[-46.1908,-23.852],[-46.1904,-23.852],[-46.1904,-23.8516],[-46.19,-23.8516],[-46.19,-23.8512],[-46.1896,-23.8512],[-46.1896,-23.8508],[-46.1892,-23.8508],[-46.1892,-23.8504],[-46.1888,-23.8504],[-46.1888,-23.85],[-46.1884,-23.85],[-46.1884,-23.8496],[-46.188,-23.8496],[-46.1876,-23.8496],[-46.1876,-23.8492],[-46.1868,-23.8492],[-46.1864,-23.8492],[-46.1864,-23.8488],[-46.186,-23.8488],[-46.186,-23.8484],[-46.1856,-23.8484],[-46.1856,-23.848],[-46.1848,-23.848],[-46.1844,-23.848],[-46.1844,-23.8476],[-46.1836,-23.8476],[-46.1824,-23.8476],[-46.1812,-23.8476],[-46.18,-23.8476],[-46.1792,-23.8476],[-46.1788,-23.8472],[-46.178,-23.8468],[-46.1772,-23.8468],[-46.1764,-23.8472],[-46.1748,-23.8472],[-46.1736,-23.8472],[-46.1732,-23.8472],[-46.1724,-23.8472],[-46.1712,-23.8472],[-46.1708,-23.8468],[-46.17,-23.8464],[-46.1696,-23.8464],[-46.1688,-23.846],[-46.168,-23.8456],[-46.1672,-23.8452],[-46.1656,-23.844],[-46.1656,-23.8436],[-46.1652,-23.8436],[-46.1652,-23.8432],[-46.1648,-23.8432],[-46.1648,-23.8428],[-46.1648,-23.8424],[-46.164,-23.8424],[-46.164,-23.842],[-46.1632,-23.8416],[-46.162,-23.8412],[-46.1608,-23.8412],[-46.1596,-23.8408],[-46.1584,-23.8404],[-46.1572,-23.8396],[-46.156,-23.8396],[-46.1556,-23.8392],[-46.1552,-23.8388],[-46.154,-23.8384],[-46.1532,-23.838],[-46.1524,-23.838],[-46.1516,-23.8376],[-46.1516,-23.838],[-46.1516,-23.8384],[-46.1512,-23.8396],[-46.1512,-23.8404],[-46.1504,-23.8412]]]}},{"type":"Feature","properties":{"dsubbc":"rio itapanhau","nome":"Rio Itapanhaú"},"geometry":{"type":"Polygon","coordinates":[[[-46.1444,-23.8416],[-46.1456,-23.8416],[-46.146,-23.8416],[-46.1468,-23.8416],[-46.1468,-23.8412],[-46.1468,-23.8404],[-46.1468,-23.8396],[-46.1468,-23.8392],[-46.1464,-23.8388],[-46.1464,-23.838],[-46.146,-23.8372],[-46.146,-23.8364],[-46.1456,-23.836],[-46.1452,-23.836],[-46.1448,-23.8356],[-46.1444,-23.8348],[-46.144,-23.8344],[-46.1432,-23.8344],[-46.1428,-23.834],[-46.1424,-23.834],[-46.142,-23.8332],[-46.1416,-23.8324],[-46.1412,-23.832],[-46.1408,-23.8316],[-46.1408,-23.8312],[-46.1404,-23.8312],[-46.1392,-23.8312],[-46.1388,-23.8316],[-46.1388,-23.832],[-46.1392,-23.8324],[-46.1396,-23.8328],[-46.14,-23.8332],[-46.1404,-23.8336],[-46.1404,-23.834],[-46.1408,-23.8344],[-46.1412,-23.8344],[-46.1412,-23.8348],[-46.1416,-23.8352],[-46.1416,-23.8356],[-46.1424,-23.8356],[-46.1428,-23.836],[-46.1432,-23.8364],[-46.1436,-23.8364],[-46.1436,-23.8368],[-46.144,-23.8372],[-46.1444,-23.8372],[-46.1444,-23.8376],[-46.1448,-23.838],[-46.1448,-23.8384],[-46.1448,-23.8388],[-46.1448,-23.8392],[-46.1444,-23.8396],[-46.1444,-23.84],[-46.1444,-23.8404],[-46.1444,-23.8416]]]}},{"type":"Feature","properties":{"dsubbc":"rio itapanhau","nome":"Rio Itapanhaú"},"geometry":{"type":"Polygon","coordinates":[[[-46.1516,-23.8376],[-46.1524,-23.838],[-46.1532,-23.838],[-46.154,-23.8384],[-46.156,-23.8384],[-46.1584,-23.8388],[-46.1596,-23.838],[-46.1592,-23.8368],[-46.1588,-23.8364],[-46.158,-23.8352],[-46.1576,-23.8344],[-46.1556,-23.8336],[-46.1548,-23.8332],[-46.1528,-23.832],[-46.1516,-23.8316],[-46.1508,-23.8312],[-46.1512,-23.832],[-46.1512,-23.8336],[-46.1512,-23.8352],[-46.1516,-23.8372],[-46.1516,-23.8376]]]}},{"type":"Feature","properties":{"dsubbc":"rio itapanhau","nome":"Rio Itapanhaú"},"geometry":{"type":"Polygon","coordinates":[[[-46.0512,-23.8288],[-46.0492,-23.8296],[-46.046,-23.8296],[-46.044,-23.8284],[-46.042,-23.8252],[-46.0408,-23.824],[-46.0408,-23.8232],[-46.04,-23.8216],[-46.0396,-23.8212],[-46.0392,-23.8204],[-46.0384,-23.82],[-46.038,-23.8204],[-46.0376,-23.8204],[-46.0372,-23.8208],[-46.0368,-23.8208],[-46.0364,-23.8208],[-46.036,-23.8204],[-46.0356,-23.8204],[-46.0352,-23.8204],[-46.0348,-23.8208],[-46.0344,-23.8212],[-46.0348,-23.8212],[-46.0356,-23.8212],[-46.036,-23.8212],[-46.0364,-23.8212],[-46.0368,-23.8216],[-46.0372,-23.8216],[-46.0376,-23.822],[-46.038,-23.822],[-46.0384,-23.8224],[-46.0392,-23.8232],[-46.0396,-23.8236],[-46.0396,-23.824],[-46.0396,-23.8244],[-46.0392,-23.8252],[-46.0388,-23.8252],[-46.0388,-23.8256],[-46.0388,-23.826],[-46.0392,-23.826],[-46.04,-23.8268],[-46.0404,-23.8272],[-46.0412,-23.828],[-46.042,-23.8288],[-46.0424,-23.8292],[-46.0432,-23.83],[-46.0436,-23.8304],[-46.044,-23.8308],[-46.0448,-23.8308],[-46.0452,-23.8308],[-46.0456,-23.8312],[-46.046,-23.8312],[-46.0464,-23.8316],[-46.0468,-23.8316],[-46.0468,-23.832],[-46.0472,-23.832],[-46.0476,-23.832],[-46.048,-23.8316],[-46.0488,-23.8312],[-46.0492,-23.8308],[-46.05,-23.83],[-46.0504,-23.83],[-46.0504,-23.8296],[-46.0512,-23.8296],[-46.0516,-23.8296],[-46.0516,-23.8292],[-46.0512,-23.8288]]]}},{"type":"Feature","properties":{"dsubbc":"rio itapanhau","nome":"Rio Itapanhaú"},"geometry":{"type":"Polygon","coordinates":[[[-46.1548,-23.8088],[-46.154,-23.8092],[-46.1532,-23.81],[-46.1528,-23.8104],[-46.1516,-23.8112],[-46.1504,-23.812],[-46.15,-23.8124],[-46.1492,-23.8132],[-46.148,-23.814],[-46.1476,-23.8144],[-46.1464,-23.8156],[-46.1452,-23.8164],[-46.1452,-23.8168],[-46.1452,-23.8176],[-46.1448,-23.8192],[-46.1448,-23.82],[-46.1448,-23.8208],[-46.1444,-23.8212],[-46.1448,-23.8216],[-46.1448,-23.822],[-46.1452,-23.8224],[-46.1456,-23.8224],[-46.1464,-23.8224],[-46.1472,-23.822],[-46.148,-23.8212],[-46.1484,-23.8204],[-46.1492,-23.8196],[-46.1496,-23.8188],[-46.15,-23.818],[-46.1504,-23.8176],[-46.1508,-23.8172],[-46.1512,-23.8172],[-46.1516,-23.816],[-46.152,-23.8152],[-46.1524,-23.8144],[-46.1532,-23.8132],[-46.154,-23.812],[-46.1544,-23.8104],[-46.1548,-23.8092],[-46.1548,-23.8088]]]}},{"type":"Feature","properties":{"dsubbc":"rio cubatao","nome":"Rio Cubatão"},"geometry":{"type":"Polygon","coordinates":[[[-46.4712,-23.8072],[-46.47,-23.8108],[-46.468,-23.8124],[-46.4676,-23.8144],[-46.468,-23.8164],[-46.4684,-23.8184],[-46.4684,-23.8204],[-46.468,-23.8228],[-46.468,-23.8248],[-46.4688,-23.8264],[-46.47,-23.8284],[-46.4704,-23.83],[-46.4708,-23.832],[-46.4704,-23.8336],[-46.4696,-23.8356],[-46.468,-23.8364],[-46.4668,-23.8372],[-46.4652,-23.8388],[-46.4632,-23.84],[-46.4616,-23.8412],[-46.46,-23.842],[-46.4588,-23.842],[-46.456,-23.844],[-46.454,-23.8448],[-46.4528,-23.8472],[-46.4528,-23.8492],[-46.4544,-23.8504],[-46.456,-23.852],[-46.4572,-23.8532],[-46.4592,-23.856],[-46.4604,-23.8556],[-46.4616,-23.8544],[-46.4628,-23.854],[-46.464,-23.8536],[-46.4648,-23.8536],[-46.466,-23.8532],[-46.4676,-23.8532],[-46.4688,-23.854],[-46.4688,-23.8544],[-46.4688,-23.8552],[-46.4696,-23.8572],[-46.4692,-23.8588],[-46.4692,-23.86],[-46.4692,-23.8608],[-46.4692,-23.862],[-46.4688,-23.8628],[-46.4688,-23.864],[-46.4684,-23.8652],[-46.4684,-23.866],[-46.468,-23.8676],[-46.4684,-23.8684],[-46.4688,-23.8696],[-46.4692,-23.87],[-46.47,-23.8712],[-46.4704,-23.872],[-46.4708,-23.872],[-46.4708,-23.8724],[-46.4724,-23.8724],[-46.4724,-23.8732],[-46.4728,-23.874],[-46.4736,-23.874],[-46.474,-23.8744],[-46.4748,-23.8756],[-46.4748,-23.876],[-46.4752,-23.876],[-46.4756,-23.876],[-46.4756,-23.8768],[-46.476,-23.8768],[-46.476,-23.878],[-46.4772,-23.878],[-46.4788,-23.878],[-46.4792,-23.878],[-46.4792,-23.8788],[-46.4796,-23.8788],[-46.4796,-23.8792],[-46.4796,-23.8796],[-46.48,-23.8796],[-46.48,-23.88],[-46.4804,-23.88],[-46.4804,-23.8808],[-46.4808,-23.8808],[-46.4808,-23.8816],[-46.4812,-23.8816],[-46.4812,-23.882],[-46.4816,-23.882],[-46.4816,-23.8824],[-46.4816,-23.8832],[-46.482,-23.8832],[-46.482,-23.8836],[-46.4824,-23.8836],[-46.4824,-23.884],[-46.4828,-23.884],[-46.4828,-23.8848],[-46.4832,-23.8848],[-46.4832,-23.8852],[-46.4832,-23.8856],[-46.4828,-23.8856],[-46.4828,-23.886],[-46.4828,-23.8868],[-46.4824,-23.8868],[-46.4824,-23.8884],[-46.4828,-23.8884],[-46.4828,-23.8892],[-46.4828,-23.89],[-46.4832,-23.89],[-46.4832,-23.8904],[-46.4836,-23.8904],[-46.4836,-23.8908],[-46.4836,-23.8912],[-46.484,-23.8912],[-46.484,-23.8916],[-46.4844,-23.8916],[-46.4848,-23.8916],[-46.4848,-23.892],[-46.4852,-23.892],[-46.4852,-23.8924],[-46.4856,-23.8924],[-46.4856,-23.8928],[-46.486,-23.8928],[-46.486,-23.8936],[-46.4864,-23.8936],[-46.4864,-23.8944],[-46.4864,-23.8948],[-46.4864,-23.8952],[-46.4868,-23.8956],[-46.4864,-23.8956],[-46.4868,-23.8964],[-46.4868,-23.8972],[-46.4872,-23.8976],[-46.4872,-23.898],[-46.4868,-23.8984],[-46.4868,-23.8988],[-46.4868,-23.8996],[-46.4868,-23.9],[-46.4868,-23.9008],[-46.4864,-23.9016],[-46.486,-23.9024],[-46.486,-23.9028],[-46.486,-23.9032],[-46.4856,-23.904],[-46.4856,-23.9044],[-46.4856,-23.9052],[-46.4852,-23.906],[-46.4852,-23.9068],[-46.4852,-23.9076],[-46.4852,-23.908],[-46.4852,-23.9084],[-46.4848,-23.9092],[-46.4848,-23.9096],[-46.4844,-23.9108],[-46.4848,-23.9108],[-46.4852,-23.9108],[-46.486,-23.9108],[-46.4864,-23.9108],[-46.4868,-23.9108],[-46.4872,-23.9108],[-46.4876,-23.9108],[-46.488,-23.9108],[-46.488,-23.9112],[-46.4884,-23.9112],[-46.4888,-23.9112],[-46.4892,-23.9112],[-46.4896,-23.9112],[-46.49,-23.9112],[-46.4908,-23.9112],[-46.4916,-23.9112],[-46.492,-23.9108],[-46.4928,-23.9108],[-46.4936,-23.9108],[-46.4936,-23.9104],[-46.4976,-23.9104],[-46.4976,-23.91],[-46.498,-23.91],[-46.498,-23.9096],[-46.4988,-23.9096],[-46.4988,-23.9092],[-46.4996,-23.9092],[-46.4996,-23.9088],[-46.5,-23.9088],[-46.5008,-23.9088],[-46.5016,-23.9088],[-46.5016,-23.9084],[-46.5024,-23.9084],[-46.5024,-23.908],[-46.5028,-23.908],[-46.5028,-23.9076],[-46.5032,-23.9076],[-46.5032,-23.9072],[-46.5036,-23.9072],[-46.5036,-23.9068],[-46.504,-23.9068],[-46.504,-23.9064],[-46.5044,-23.9064],[-46.5044,-23.906],[-46.5048,-23.906],[-46.5048,-23.9056],[-46.5052,-23.9056],[-46.5052,-23.9052],[-46.5056,-23.9052],[-46.5056,-23.9048],[-46.5068,-23.9048],[-46.5072,-23.9048],[-46.508,-23.9048],[-46.508,-23.9044],[-46.5096,-23.9044],[-46.5112,-23.9044],[-46.5116,-23.9044],[-46.5116,-23.904],[-46.512,-23.904],[-46.512,-23.9044],[-46.5124,-23.9044],[-46.5124,-23.9048],[-46.5136,-23.9048],[-46.5144,-23.9048],[-46.5144,-23.9052],[-46.5152,-23.9052],[-46.5152,-23.9056],[-46.5156,-23.9056],[-46.5156,-23.9052],[-46.516,-23.9052],[-46.516,-23.9048],[-46.5164,-23.9048],[-46.5164,-23.9044],[-46.5168,-23.9044],[-46.5168,-23.904],[-46.5172,-23.904],[-46.5172,-23.9036],[-46.5176,-23.9036],[-46.5188,-23.9036],[-46.5196,-23.9036],[-46.5196,-23.9032],[-46.5196,-23.9036],[-46.52,-23.9036],[-46.5204,-23.9036],[-46.5204,-23.904],[-46.5204,-23.9044],[-46.5212,-23.9044],[-46.5212,-23.9048],[-46.5216,-23.9048],[-46.5224,-23.9048],[-46.5224,-23.9052],[-46.5224,-23.9056],[-46.5228,-23.9056],[-46.5228,-23.906],[-46.5232,-23.906],[-46.5232,-23.9064],[-46.5252,-23.9064],[-46.5252,-23.9068],[-46.5256,-23.9068],[-46.5256,-23.9072],[-46.5256,-23.9076],[-46.526,-23.9076],[-46.5264,-23.9076],[-46.5264,-23.908],[-46.5264,-23.9088],[-46.5268,-23.9088],[-46.5268,-23.9092],[-46.5296,-23.9092],[-46.5296,-23.9096],[-46.5296,-23.91],[-46.53,-23.91],[-46.53,-23.9104],[-46.5304,-23.9104],[-46.5304,-23.9108],[-46.53,-23.9108],[-46.53,-23.9124],[-46.5296,-23.9124],[-46.5296,-23.9128],[-46.5296,-23.9132],[-46.53,-23.9132],[-46.53,-23.9128],[-46.5316,-23.9128],[-46.5316,-23.9132],[-46.5324,-23.9132],[-46.5324,-23.9136],[-46.5328,-23.9136],[-46.5328,-23.9148],[-46.5344,-23.9148],[-46.5348,-23.9148],[-46.5348,-23.9152],[-46.5352,-23.9152],[-46.5352,-23.9156],[-46.5356,-23.9156],[-46.536,-23.9156],[-46.536,-23.9152],[-46.5384,-23.9152],[-46.5384,-23.9156],[-46.5388,-23.9156],[-46.5388,-23.9152],[-46.5396,-23.9152],[-46.5428,-23.9152],[-46.5428,-23.9148],[-46.5436,-23.9148],[-46.5436,-23.9152],[-46.544,-23.9152],[-46.544,-23.9156],[-46.5444,-23.9156],[-46.5444,-23.916],[-46.5448,-23.916],[-46.5448,-23.9164],[-46.5452,-23.9164],[-46.5452,-23.916],[-46.5456,-23.916],[-46.5456,-23.9156],[-46.546,-23.9156],[-46.5464,-23.9156],[-46.5464,-23.9152],[-46.5468,-23.9152],[-46.5468,-23.9148],[-46.5472,-23.9148],[-46.5472,-23.9144],[-46.5484,-23.9144],[-46.5484,-23.9148],[-46.5488,-23.9148],[-46.5488,-23.9152],[-46.5492,-23.9152],[-46.5492,-23.9148],[-46.5492,-23.914],[-46.5496,-23.914],[-46.5496,-23.9136],[-46.55,-23.9136],[-46.5504,-23.9136],[-46.5504,-23.9132],[-46.5504,-23.9128],[-46.5508,-23.9128],[-46.5512,-23.9128],[-46.5512,-23.9124],[-46.5512,-23.9108],[-46.5508,-23.9108],[-46.5508,-23.9104],[-46.5504,-23.9104],[-46.5504,-23.91],[-46.5504,-23.9096],[-46.5508,-23.9096],[-46.5508,-23.9092],[-46.5512,-23.9092],[-46.5512,-23.9084],[-46.5512,-23.906],[-46.5524,-23.906],[-46.5524,-23.9068],[-46.5528,-23.9068],[-46.5528,-23.9072],[-46.5532,-23.9072],[-46.5532,-23.9076],[-46.5544,-23.9076],[-46.5552,-23.9076],[-46.5552,-23.9068],[-46.5556,-23.9068],[-46.5556,-23.9052],[-46.556,-23.9052],[-46.556,-23.9048],[-46.5564,-23.9048],[-46.5564,-23.904],[-46.5568,-23.904],[-46.5568,-23.9036],[-46.5572,-23.9036],[-46.5572,-23.9032],[-46.5572,-23.9028],[-46.5576,-23.9028],[-46.5576,-23.902],[-46.558,-23.902],[-46.558,-23.9016],[-46.5588,-23.9016],[-46.5592,-23.9016],[-46.5592,-23.9024],[-46.5596,-23.9024],[-46.5596,-23.9028],[-46.5628,-23.9028],[-46.5628,-23.9024],[-46.5632,-23.9024],[-46.5632,-23.9028],[-46.564,-23.9028],[-46.564,-23.9048],[-46.5644,-23.9048],[-46.5652,-23.9048],[-46.5652,-23.9044],[-46.5664,-23.9044],[-46.5664,-23.9048],[-46.5664,-23.9056],[-46.5668,-23.9056],[-46.5672,-23.9056],[-46.5672,-23.906],[-46.5676,-23.906],[-46.5676,-23.9064],[-46.568,-23.9064],[-46.568,-23.9076],[-46.5684,-23.9076],[-46.5684,-23.908],[-46.5684,-23.9084],[-46.5688,-23.9084],[-46.5688,-23.9088],[-46.5692,-23.9088],[-46.5692,-23.9084],[-46.5696,-23.9084],[-46.5696,-23.9088],[-46.57,-23.9088],[-46.5704,-23.9088],[-46.5704,-23.9096],[-46.5716,-23.9096],[-46.572,-23.9096],[-46.572,-23.91],[-46.5724,-23.91],[-46.5724,-23.9104],[-46.5724,-23.9108],[-46.5728,-23.9108],[-46.5732,-23.9108],[-46.5732,-23.9112],[-46.574,-23.9112],[-46.574,-23.9108],[-46.5748,-23.9108],[-46.5756,-23.9108],[-46.5756,-23.91],[-46.576,-23.91],[-46.576,-23.9096],[-46.5764,-23.9096],[-46.5752,-23.9096],[-46.5752,-23.9092],[-46.5752,-23.9088],[-46.5748,-23.9088],[-46.5744,-23.9088],[-46.5744,-23.9084],[-46.5744,-23.9076],[-46.5744,-23.9068],[-46.5748,-23.9068],[-46.5748,-23.9056],[-46.5744,-23.9056],[-46.5748,-23.9056],[-46.5748,-23.904],[-46.5752,-23.904],[-46.5752,-23.9036],[-46.5752,-23.9032],[-46.5756,-23.9032],[-46.5756,-23.9028],[-46.5764,-23.9028],[-46.5764,-23.9024],[-46.5764,-23.9],[-46.5764,-23.8996],[-46.5764,-23.898],[-46.576,-23.898],[-46.576,-23.8984],[-46.5744,-23.8984],[-46.5744,-23.898],[-46.5744,-23.8972],[-46.574,-23.8972],[-46.574,-23.8968],[-46.5724,-23.8968],[-46.5724,-23.8964],[-46.5724,-23.8948],[-46.572,-23.8948],[-46.572,-23.8936],[-46.5716,-23.8936],[-46.5716,-23.8932],[-46.5712,-23.8932],[-46.5712,-23.8928],[-46.5704,-23.8928],[-46.5704,-23.892],[-46.5704,-23.8916],[-46.57,-23.8916],[-46.5692,-23.8916],[-46.5692,-23.8912],[-46.5688,-23.8912],[-46.5688,-23.8904],[-46.5692,-23.8904],[-46.5692,-23.89],[-46.5692,-23.8892],[-46.5696,-23.8892],[-46.5696,-23.8888],[-46.5692,-23.8888],[-46.5672,-23.8888],[-46.5672,-23.8884],[-46.5672,-23.888],[-46.5668,-23.888],[-46.5664,-23.888],[-46.5664,-23.8876],[-46.5664,-23.8872],[-46.566,-23.8872],[-46.566,-23.8868],[-46.5656,-23.8868],[-46.5652,-23.8868],[-46.5652,-23.886],[-46.5652,-23.8856],[-46.5648,-23.8856],[-46.5648,-23.8848],[-46.5644,-23.8848],[-46.5632,-23.8848],[-46.5632,-23.8844],[-46.5632,-23.8848],[-46.5632,-23.8844],[-46.5624,-23.8844],[-46.5624,-23.884],[-46.5596,-23.884],[-46.5592,-23.8836],[-46.5592,-23.882],[-46.5588,-23.882],[-46.5588,-23.8816],[-46.5584,-23.8816],[-46.5584,-23.8812],[-46.5584,-23.8808],[-46.5572,-23.8808],[-46.5572,-23.8804],[-46.5568,-23.8804],[-46.5568,-23.88],[-46.5564,-23.88],[-46.556,-23.8808],[-46.554,-23.882],[-46.552,-23.8824],[-46.5512,-23.8824],[-46.5512,-23.8832],[-46.5508,-23.8832],[-46.5508,-23.8836],[-46.5504,-23.8836],[-46.5504,-23.8852],[-46.5504,-23.886],[-46.55,-23.886],[-46.5496,-23.886],[-46.5496,-23.8868],[-46.5492,-23.8868],[-46.5492,-23.8872],[-46.5496,-23.888],[-46.5496,-23.8888],[-46.55,-23.8896],[-46.5508,-23.8912],[-46.5504,-23.892],[-46.5488,-23.8928],[-46.548,-23.8924],[-46.5456,-23.8916],[-46.5444,-23.8924],[-46.5412,-23.8944],[-46.5392,-23.8952],[-46.536,-23.8952],[-46.5332,-23.894],[-46.53,-23.8944],[-46.5284,-23.8936],[-46.528,-23.8932],[-46.5272,-23.8912],[-46.5268,-23.8884],[-46.5264,-23.8852],[-46.5264,-23.8828],[-46.5272,-23.8796],[-46.5292,-23.8776],[-46.5312,-23.8764],[-46.5312,-23.876],[-46.5312,-23.8744],[-46.5308,-23.8744],[-46.5308,-23.874],[-46.5304,-23.874],[-46.5304,-23.8736],[-46.53,-23.8736],[-46.53,-23.8732],[-46.5292,-23.8732],[-46.5292,-23.872],[-46.5288,-23.872],[-46.5288,-23.8712],[-46.5292,-23.8712],[-46.5292,-23.8684],[-46.5284,-23.8684],[-46.5284,-23.868],[-46.5276,-23.868],[-46.5272,-23.868],[-46.5272,-23.8676],[-46.5272,-23.8672],[-46.5264,-23.8672],[-46.526,-23.8672],[-46.526,-23.8664],[-46.5252,-23.8664],[-46.5252,-23.866],[-46.5248,-23.866],[-46.5248,-23.864],[-46.5252,-23.864],[-46.5252,-23.8636],[-46.5256,-23.8636],[-46.5256,-23.8632],[-46.5288,-23.8632],[-46.5288,-23.8636],[-46.5292,-23.8636],[-46.5292,-23.8632],[-46.5292,-23.8608],[-46.5288,-23.8608],[-46.5288,-23.8604],[-46.5284,-23.8604],[-46.5284,-23.86],[-46.528,-23.86],[-46.528,-23.8596],[-46.5276,-23.8596],[-46.5276,-23.8592],[-46.5272,-23.8592],[-46.5272,-23.8576],[-46.5272,-23.8572],[-46.5268,-23.8572],[-46.5264,-23.8572],[-46.5264,-23.8568],[-46.5264,-23.856],[-46.5256,-23.856],[-46.5248,-23.856],[-46.5248,-23.8556],[-46.5244,-23.8556],[-46.5244,-23.8552],[-46.5244,-23.8544],[-46.5244,-23.854],[-46.5248,-23.854],[-46.5248,-23.8532],[-46.5252,-23.8532],[-46.5256,-23.8532],[-46.5256,-23.8528],[-46.5264,-23.8528],[-46.5264,-23.8524],[-46.5272,-23.8524],[-46.5272,-23.852],[-46.5272,-23.8504],[-46.5272,-23.85],[-46.5276,-23.85],[-46.528,-23.85],[-46.528,-23.8496],[-46.5276,-23.8496],[-46.5276,-23.8492],[-46.5272,-23.8492],[-46.5268,-23.8492],[-46.5268,-23.846],[-46.5264,-23.846],[-46.5264,-23.8456],[-46.5268,-23.8456],[-46.5268,-23.8452],[-46.5272,-23.8452],[-46.5276,-23.8452],[-46.5276,-23.8448],[-46.5276,-23.8444],[-46.5272,-23.8444],[-46.5272,-23.844],[-46.5268,-23.844],[-46.5268,-23.8436],[-46.5264,-23.8436],[-46.5264,-23.8432],[-46.526,-23.8432],[-46.526,-23.8428],[-46.5256,-23.8428],[-46.5256,-23.8404],[-46.526,-23.8404],[-46.526,-23.8388],[-46.5264,-23.8388],[-46.5264,-23.8384],[-46.5264,-23.8376],[-46.5268,-23.8376],[-46.5268,-23.8372],[-46.5272,-23.8372],[-46.5272,-23.8368],[-46.5276,-23.8368],[-46.5276,-23.8352],[-46.5272,-23.8352],[-46.5272,-23.8348],[-46.5272,-23.8332],[-46.5268,-23.8332],[-46.5268,-23.8324],[-46.5264,-23.8324],[-46.5264,-23.8312],[-46.5264,-23.8308],[-46.526,-23.8308],[-46.526,-23.8304],[-46.5256,-23.8304],[-46.5256,-23.83],[-46.5256,-23.8296],[-46.5264,-23.8296],[-46.5264,-23.8292],[-46.5264,-23.8288],[-46.5264,-23.8284],[-46.526,-23.8284],[-46.5256,-23.8284],[-46.5256,-23.828],[-46.5252,-23.828],[-46.5252,-23.8276],[-46.5244,-23.8276],[-46.5244,-23.8272],[-46.524,-23.8272],[-46.524,-23.8268],[-46.5236,-23.8268],[-46.5236,-23.8256],[-46.5228,-23.8256],[-46.5228,-23.826],[-46.522,-23.826],[-46.522,-23.8264],[-46.5216,-23.8264],[-46.5216,-23.8268],[-46.5212,-23.8268],[-46.5212,-23.8272],[-46.5204,-23.8272],[-46.52,-23.8272],[-46.52,-23.8276],[-46.5196,-23.8276],[-46.5196,-23.8272],[-46.5196,-23.8264],[-46.5192,-23.8264],[-46.5192,-23.8256],[-46.5188,-23.8256],[-46.5188,-23.8244],[-46.5184,-23.8244],[-46.5184,-23.8236],[-46.518,-23.8236],[-46.518,-23.8232],[-46.5176,-23.8232],[-46.5176,-23.8236],[-46.5172,-23.8236],[-46.5172,-23.824],[-46.5168,-23.824],[-46.5168,-23.8244],[-46.5164,-23.8244],[-46.5164,-23.8248],[-46.516,-23.8248],[-46.516,-23.8252],[-46.5156,-23.8252],[-46.5156,-23.8248],[-46.5156,-23.8232],[-46.5152,-23.8232],[-46.5152,-23.8228],[-46.5124,-23.8228],[-46.5124,-23.8224],[-46.512,-23.8224],[-46.512,-23.822],[-46.5116,-23.822],[-46.5116,-23.8216],[-46.5112,-23.8216],[-46.5112,-23.8212],[-46.5116,-23.8212],[-46.5112,-23.8212],[-46.5112,-23.8204],[-46.5108,-23.8204],[-46.5104,-23.8204],[-46.5104,-23.82],[-46.5104,-23.8196],[-46.5092,-23.8196],[-46.5092,-23.8192],[-46.5088,-23.8192],[-46.5088,-23.8188],[-46.5084,-23.8188],[-46.5084,-23.8184],[-46.508,-23.8184],[-46.508,-23.818],[-46.5076,-23.818],[-46.5076,-23.8176],[-46.5076,-23.8172],[-46.5072,-23.8172],[-46.5068,-23.8172],[-46.5068,-23.8168],[-46.5064,-23.8168],[-46.5064,-23.8164],[-46.5056,-23.8164],[-46.5056,-23.8168],[-46.5052,-23.8168],[-46.5048,-23.8168],[-46.5048,-23.8204],[-46.5032,-23.8204],[-46.5032,-23.82],[-46.5028,-23.82],[-46.5028,-23.8196],[-46.5024,-23.8196],[-46.5024,-23.8192],[-46.5012,-23.8192],[-46.5012,-23.818],[-46.5016,-23.818],[-46.5016,-23.8168],[-46.5012,-23.8168],[-46.5012,-23.8164],[-46.5004,-23.8164],[-46.4992,-23.8164],[-46.4984,-23.8164],[-46.4984,-23.816],[-46.4984,-23.8156],[-46.498,-23.8156],[-46.498,-23.8152],[-46.4976,-23.8152],[-46.4968,-23.8152],[-46.4956,-23.8152],[-46.4956,-23.8144],[-46.4956,-23.8132],[-46.4956,-23.8128],[-46.4944,-23.8128],[-46.4944,-23.8124],[-46.4936,-23.8124],[-46.4936,-23.8128],[-46.4936,-23.8124],[-46.4932,-23.8124],[-46.4928,-23.8124],[-46.4928,-23.812],[-46.4924,-23.812],[-46.4924,-23.8116],[-46.4924,-23.8112],[-46.492,-23.8112],[-46.4916,-23.8112],[-46.4916,-23.8108],[-46.4912,-23.8108],[-46.4912,-23.8104],[-46.4908,-23.8104],[-46.4908,-23.81],[-46.49,-23.81],[-46.49,-23.8096],[-46.4896,-23.8096],[-46.4896,-23.8092],[-46.4888,-23.8092],[-46.4888,-23.8096],[-46.4884,-23.8096],[-46.4884,-23.8092],[-46.4876,-23.8092],[-46.4876,-23.8088],[-46.4876,-23.8084],[-46.4872,-23.8084],[-46.4868,-23.8084],[-46.4868,-23.8088],[-46.4868,-23.8092],[-46.4864,-23.8092],[-46.4864,-23.8096],[-46.486,-23.8096],[-46.4856,-23.8096],[-46.4856,-23.81],[-46.4848,-23.81],[-46.4848,-23.8096],[-46.4844,-23.8096],[-46.484,-23.8096],[-46.484,-23.8092],[-46.4836,-23.8092],[-46.4836,-23.8084],[-46.4832,-23.8084],[-46.4832,-23.808],[-46.4828,-23.808],[-46.4828,-23.8076],[-46.4816,-23.8076],[-46.4812,-23.8076],[-46.4796,-23.8076],[-46.4796,-23.808],[-46.4796,-23.8084],[-46.4792,-23.8084],[-46.4788,-23.8084],[-46.4788,-23.8088],[-46.4788,-23.8092],[-46.4788,-23.8096],[-46.4784,-23.8096],[-46.4784,-23.81],[-46.478,-23.81],[-46.478,-23.8104],[-46.4776,-23.8104],[-46.4776,-23.8108],[-46.4772,-23.8108],[-46.4772,-23.8112],[-46.4768,-23.8112],[-46.4768,-23.8116],[-46.4764,-23.8116],[-46.4764,-23.812],[-46.476,-23.812],[-46.476,-23.8108],[-46.4756,-23.8108],[-46.4756,-23.8104],[-46.4752,-23.8104],[-46.4752,-23.81],[-46.4748,-23.81],[-46.4748,-23.8104],[-46.4732,-23.8104],[-46.4732,-23.8084],[-46.4728,-23.8084],[-46.4728,-23.8076],[-46.4724,-23.8076],[-46.472,-23.8076],[-46.472,-23.8072],[-46.4712,-23.8072]]]}},{"type":"Feature","properties":{"dsubbc":"rio itapanhau","nome":"Rio Itapanhaú"},"geometry":{"type":"Polygon","coordinates":[[[-46.0852,-23.8004],[-46.0848,-23.8004],[-46.0844,-23.8004],[-46.084,-23.8008],[-46.084,-23.8012],[-46.084,-23.8016],[-46.0836,-23.802],[-46.0836,-23.8024],[-46.0836,-23.8028],[-46.0832,-23.8032],[-46.0836,-23.804],[-46.0836,-23.8048],[-46.0836,-23.8052],[-46.084,-23.8056],[-46.0852,-23.8056],[-46.0864,-23.8056],[-46.0872,-23.8048],[-46.088,-23.8044],[-46.0888,-23.8028],[-46.0896,-23.802],[-46.09,-23.8012],[-46.0896,-23.8],[-46.0888,-23.7996],[-46.0884,-23.8],[-46.088,-23.8],[-46.0876,-23.8004],[-46.0872,-23.8004],[-46.0864,-23.8008],[-46.086,-23.8008],[-46.0856,-23.8008],[-46.0852,-23.8004]]]}},{"type":"Feature","properties":{"dsubbc":"rio itapanhau","nome":"Rio Itapanhaú"},"geometry":{"type":"Polygon","coordinates":[[[-46.1816,-23.7968],[-46.1816,-23.7972],[-46.1812,-23.7972],[-46.1796,-23.7972],[-46.1796,-23.7976],[-46.1796,-23.798],[-46.18,-23.798],[-46.18,-23.7992],[-46.1796,-23.7992],[-46.1796,-23.7996],[-46.1792,-23.7996],[-46.1792,-23.8],[-46.1788,-23.8],[-46.1788,-23.8004],[-46.1784,-23.8004],[-46.1784,-23.8008],[-46.178,-23.8008],[-46.178,-23.8012],[-46.1776,-23.8012],[-46.1772,-23.8012],[-46.1772,-23.8016],[-46.1768,-23.8016],[-46.1768,-23.802],[-46.1764,-23.802],[-46.1764,-23.8024],[-46.176,-23.8024],[-46.1756,-23.8024],[-46.1756,-23.8028],[-46.1756,-23.8032],[-46.1752,-23.8032],[-46.1748,-23.8032],[-46.1748,-23.8036],[-46.1744,-23.8036],[-46.1744,-23.804],[-46.1744,-23.8044],[-46.174,-23.8044],[-46.1736,-23.8044],[-46.1736,-23.8052],[-46.1732,-23.8052],[-46.1732,-23.8056],[-46.1728,-23.8056],[-46.1728,-23.806],[-46.1724,-23.806],[-46.1724,-23.8064],[-46.172,-23.8064],[-46.172,-23.8068],[-46.1716,-23.8068],[-46.1716,-23.8072],[-46.1712,-23.8072],[-46.1712,-23.8076],[-46.1704,-23.8076],[-46.1704,-23.808],[-46.1704,-23.8084],[-46.17,-23.8084],[-46.17,-23.8088],[-46.1696,-23.8088],[-46.1696,-23.8092],[-46.1692,-23.8092],[-46.1692,-23.8096],[-46.1688,-23.8096],[-46.1688,-23.81],[-46.1684,-23.81],[-46.1684,-23.8104],[-46.1668,-23.8104],[-46.166,-23.8104],[-46.166,-23.8108],[-46.1648,-23.8108],[-46.1648,-23.8112],[-46.1644,-23.8112],[-46.1644,-23.8116],[-46.164,-23.8116],[-46.164,-23.812],[-46.1636,-23.812],[-46.1636,-23.8124],[-46.1636,-23.816],[-46.1636,-23.8164],[-46.1628,-23.8164],[-46.1628,-23.8168],[-46.162,-23.8168],[-46.162,-23.8172],[-46.1584,-23.8172],[-46.158,-23.8172],[-46.158,-23.8176],[-46.1576,-23.8176],[-46.1576,-23.818],[-46.1576,-23.8184],[-46.1552,-23.8184],[-46.1548,-23.8184],[-46.1544,-23.8184],[-46.1544,-23.8188],[-46.154,-23.8188],[-46.154,-23.8192],[-46.154,-23.8196],[-46.1544,-23.8204],[-46.1544,-23.8216],[-46.1548,-23.8232],[-46.1552,-23.8248],[-46.156,-23.8264],[-46.156,-23.8276],[-46.1564,-23.8284],[-46.1564,-23.8288],[-46.156,-23.8292],[-46.1556,-23.8292],[-46.154,-23.8292],[-46.1532,-23.8292],[-46.152,-23.8296],[-46.1516,-23.83],[-46.1512,-23.8304],[-46.1508,-23.8312],[-46.1516,-23.8316],[-46.1528,-23.832],[-46.1548,-23.8332],[-46.1556,-23.8336],[-46.1576,-23.8344],[-46.158,-23.8352],[-46.1588,-23.8364],[-46.1592,-23.8368],[-46.1596,-23.838],[-46.1584,-23.8388],[-46.156,-23.8384],[-46.154,-23.8384],[-46.1552,-23.8388],[-46.1556,-23.8392],[-46.156,-23.8396],[-46.1572,-23.8396],[-46.1584,-23.8404],[-46.1596,-23.8408],[-46.1608,-23.8412],[-46.162,-23.8412],[-46.1632,-23.8416],[-46.164,-23.842],[-46.164,-23.8424],[-46.1648,-23.8424],[-46.1648,-23.8428],[-46.1648,-23.8432],[-46.1652,-23.8432],[-46.1652,-23.8436],[-46.1656,-23.8436],[-46.1656,-23.844],[-46.1672,-23.8452],[-46.168,-23.8456],[-46.1688,-23.846],[-46.1696,-23.8464],[-46.17,-23.8464],[-46.1708,-23.8468],[-46.1712,-23.8472],[-46.1724,-23.8472],[-46.1732,-23.8472],[-46.1736,-23.8472],[-46.1748,-23.8472],[-46.1764,-23.8472],[-46.1772,-23.8468],[-46.178,-23.8468],[-46.1788,-23.8472],[-46.1792,-23.8476],[-46.18,-23.8476],[-46.1812,-23.8476],[-46.1824,-23.8476],[-46.1836,-23.8476],[-46.1844,-23.8476],[-46.1844,-23.848],[-46.1848,-23.848],[-46.1856,-23.848],[-46.1856,-23.8484],[-46.186,-23.8484],[-46.186,-23.8488],[-46.1864,-23.8488],[-46.1864,-23.8492],[-46.1868,-23.8492],[-46.1876,-23.8492],[-46.1876,-23.8496],[-46.188,-23.8496],[-46.1884,-23.8496],[-46.1884,-23.85],[-46.1888,-23.85],[-46.1888,-23.8504],[-46.1892,-23.8504],[-46.1892,-23.8508],[-46.1896,-23.8508],[-46.1896,-23.8512],[-46.19,-23.8512],[-46.19,-23.8516],[-46.1904,-23.8516],[-46.1904,-23.852],[-46.1908,-23.852],[-46.1912,-23.852],[-46.1912,-23.8524],[-46.1916,-23.8524],[-46.1916,-23.8528],[-46.1916,-23.8532],[-46.1936,-23.8532],[-46.1936,-23.8528],[-46.1936,-23.8532],[-46.194,-23.8532],[-46.1944,-23.8532],[-46.1944,-23.8536],[-46.1944,-23.854],[-46.1952,-23.854],[-46.1956,-23.854],[-46.1956,-23.8544],[-46.196,-23.8544],[-46.196,-23.8548],[-46.1964,-23.8548],[-46.1964,-23.8552],[-46.1968,-23.8552],[-46.1972,-23.8552],[-46.1972,-23.8556],[-46.1976,-23.8556],[-46.1976,-23.856],[-46.1984,-23.856],[-46.1984,-23.8564],[-46.2004,-23.8564],[-46.2004,-23.856],[-46.2012,-23.856],[-46.2016,-23.856],[-46.2024,-23.856],[-46.2028,-23.856],[-46.2032,-23.856],[-46.2032,-23.8564],[-46.204,-23.8564],[-46.204,-23.8568],[-46.2044,-23.8568],[-46.2044,-23.8572],[-46.2052,-23.8572],[-46.2052,-23.8576],[-46.2064,-23.8576],[-46.2076,-23.8576],[-46.2084,-23.8576],[-46.2084,-23.8572],[-46.2084,-23.8568],[-46.2092,-23.8568],[-46.2092,-23.8564],[-46.2112,-23.8564],[-46.2112,-23.856],[-46.2116,-23.856],[-46.212,-23.856],[-46.2132,-23.856],[-46.2132,-23.8564],[-46.2136,-23.8564],[-46.2136,-23.8568],[-46.2144,-23.8568],[-46.2156,-23.8568],[-46.2156,-23.8572],[-46.2172,-23.8572],[-46.2172,-23.8576],[-46.2184,-23.8576],[-46.2184,-23.858],[-46.2188,-23.858],[-46.2188,-23.8584],[-46.2192,-23.8584],[-46.2192,-23.8588],[-46.22,-23.8588],[-46.2204,-23.8588],[-46.2204,-23.8592],[-46.2208,-23.8592],[-46.2208,-23.8596],[-46.2212,-23.8596],[-46.2244,-23.8596],[-46.2244,-23.8592],[-46.2272,-23.8592],[-46.2272,-23.8588],[-46.228,-23.8588],[-46.228,-23.8584],[-46.2284,-23.8584],[-46.2284,-23.858],[-46.2292,-23.858],[-46.2292,-23.8576],[-46.2292,-23.8572],[-46.2296,-23.8572],[-46.2296,-23.8568],[-46.23,-23.8568],[-46.23,-23.856],[-46.2304,-23.856],[-46.2304,-23.8552],[-46.2308,-23.8552],[-46.232,-23.8552],[-46.232,-23.8548],[-46.2332,-23.8548],[-46.2332,-23.8544],[-46.2336,-23.8544],[-46.2336,-23.854],[-46.234,-23.854],[-46.2344,-23.854],[-46.2344,-23.8536],[-46.2344,-23.8528],[-46.2344,-23.8512],[-46.2344,-23.8508],[-46.2344,-23.8504],[-46.2348,-23.8504],[-46.2348,-23.8488],[-46.2344,-23.8488],[-46.2344,-23.8484],[-46.2348,-23.8484],[-46.2348,-23.848],[-46.2352,-23.848],[-46.2352,-23.8476],[-46.2352,-23.8472],[-46.2356,-23.8472],[-46.2356,-23.8468],[-46.236,-23.8468],[-46.236,-23.846],[-46.2364,-23.846],[-46.2364,-23.8452],[-46.236,-23.8452],[-46.236,-23.8436],[-46.2356,-23.8436],[-46.2356,-23.8416],[-46.236,-23.8416],[-46.236,-23.8412],[-46.2364,-23.8412],[-46.2364,-23.8408],[-46.2372,-23.8408],[-46.2372,-23.8404],[-46.2372,-23.84],[-46.2376,-23.84],[-46.238,-23.84],[-46.238,-23.8396],[-46.238,-23.8392],[-46.2376,-23.8392],[-46.2376,-23.8388],[-46.2372,-23.8388],[-46.2372,-23.8384],[-46.2372,-23.838],[-46.2368,-23.838],[-46.2364,-23.838],[-46.2364,-23.8376],[-46.2364,-23.8372],[-46.236,-23.8372],[-46.2356,-23.8372],[-46.2356,-23.8368],[-46.2352,-23.8368],[-46.2352,-23.8364],[-46.2352,-23.836],[-46.2344,-23.836],[-46.2328,-23.836],[-46.2328,-23.8356],[-46.2324,-23.8356],[-46.2324,-23.8352],[-46.232,-23.8352],[-46.2316,-23.8352],[-46.2316,-23.8348],[-46.2312,-23.8348],[-46.2312,-23.8344],[-46.2308,-23.8344],[-46.2308,-23.834],[-46.2304,-23.834],[-46.2304,-23.8336],[-46.23,-23.8336],[-46.23,-23.8332],[-46.2284,-23.8332],[-46.2276,-23.8332],[-46.2276,-23.8328],[-46.2272,-23.8328],[-46.2272,-23.8324],[-46.2268,-23.8324],[-46.2268,-23.832],[-46.2264,-23.832],[-46.2256,-23.832],[-46.2252,-23.832],[-46.2252,-23.8324],[-46.2248,-23.8324],[-46.2248,-23.8328],[-46.224,-23.8328],[-46.224,-23.8332],[-46.2224,-23.8332],[-46.2224,-23.8328],[-46.2224,-23.832],[-46.222,-23.832],[-46.2216,-23.832],[-46.2216,-23.8316],[-46.2212,-23.8316],[-46.2212,-23.8312],[-46.2208,-23.8312],[-46.2208,-23.8308],[-46.2204,-23.8308],[-46.2204,-23.8304],[-46.2204,-23.83],[-46.22,-23.83],[-46.2196,-23.83],[-46.2196,-23.8296],[-46.2192,-23.8296],[-46.2192,-23.8292],[-46.2188,-23.8292],[-46.2188,-23.8288],[-46.2184,-23.8288],[-46.2184,-23.8284],[-46.2184,-23.828],[-46.218,-23.828],[-46.2176,-23.828],[-46.2176,-23.8276],[-46.2172,-23.8276],[-46.2172,-23.8272],[-46.2168,-23.8272],[-46.2164,-23.8272],[-46.2164,-23.8268],[-46.2156,-23.8268],[-46.2156,-23.8264],[-46.2152,-23.8264],[-46.2152,-23.826],[-46.2144,-23.826],[-46.2136,-23.826],[-46.2136,-23.8256],[-46.2128,-23.8256],[-46.2128,-23.8252],[-46.2124,-23.8252],[-46.2128,-23.8252],[-46.2128,-23.8232],[-46.2132,-23.8232],[-46.2132,-23.8228],[-46.2132,-23.8224],[-46.214,-23.8224],[-46.214,-23.8212],[-46.2136,-23.8212],[-46.2136,-23.8208],[-46.2132,-23.8208],[-46.2132,-23.8204],[-46.2124,-23.8204],[-46.2116,-23.8204],[-46.2116,-23.82],[-46.212,-23.82],[-46.212,-23.8168],[-46.2116,-23.8168],[-46.2116,-23.816],[-46.2112,-23.816],[-46.2112,-23.8152],[-46.2112,-23.8148],[-46.2108,-23.8148],[-46.2108,-23.8144],[-46.2104,-23.8144],[-46.21,-23.8144],[-46.21,-23.814],[-46.2096,-23.814],[-46.2096,-23.8136],[-46.2092,-23.8136],[-46.2092,-23.8132],[-46.2088,-23.8132],[-46.2084,-23.8132],[-46.2084,-23.8128],[-46.2076,-23.8128],[-46.2076,-23.8124],[-46.2072,-23.8124],[-46.2064,-23.8124],[-46.2064,-23.812],[-46.2064,-23.8112],[-46.206,-23.8112],[-46.2056,-23.8112],[-46.2056,-23.8108],[-46.2052,-23.8108],[-46.2052,-23.8104],[-46.2048,-23.8104],[-46.2048,-23.81],[-46.2044,-23.81],[-46.2044,-23.8092],[-46.204,-23.8092],[-46.204,-23.8084],[-46.2036,-23.8084],[-46.2032,-23.8084],[-46.2032,-23.808],[-46.2032,-23.8076],[-46.2024,-23.8076],[-46.2024,-23.8072],[-46.2016,-23.8072],[-46.2012,-23.8072],[-46.2012,-23.8076],[-46.2004,-23.8076],[-46.2004,-23.8072],[-46.2,-23.8072],[-46.198,-23.8072],[-46.198,-23.8068],[-46.1968,-23.8068],[-46.1968,-23.8064],[-46.1956,-23.8064],[-46.1948,-23.8064],[-46.1948,-23.806],[-46.1936,-23.806],[-46.1936,-23.8056],[-46.1932,-23.8056],[-46.1932,-23.8052],[-46.192,-23.8052],[-46.1916,-23.8052],[-46.1916,-23.8048],[-46.1904,-23.8048],[-46.1904,-23.8044],[-46.19,-23.8044],[-46.19,-23.804],[-46.1896,-23.804],[-46.1896,-23.8032],[-46.1888,-23.8032],[-46.1888,-23.8028],[-46.1884,-23.8028],[-46.1884,-23.8024],[-46.1876,-23.8024],[-46.1868,-23.8024],[-46.1868,-23.802],[-46.1864,-23.802],[-46.1864,-23.8016],[-46.1852,-23.8016],[-46.1852,-23.8012],[-46.1832,-23.8012],[-46.1832,-23.8016],[-46.1828,-23.8016],[-46.1828,-23.8012],[-46.1824,-23.8012],[-46.1824,-23.8008],[-46.1824,-23.7976],[-46.182,-23.7976],[-46.182,-23.7972],[-46.1816,-23.7972],[-46.1816,-23.7968]]]}},{"type":"Feature","properties":{"dsubbc":"rio itapanhau","nome":"Rio Itapanhaú"},"geometry":{"type":"Polygon","coordinates":[[[-46.0,-23.8024],[-45.9996,-23.8024],[-45.9988,-23.8024],[-45.9988,-23.802],[-45.9984,-23.802],[-45.9984,-23.8016],[-45.998,-23.8016],[-45.998,-23.8012],[-45.9976,-23.8012],[-45.9976,-23.8008],[-45.9976,-23.8004],[-45.9968,-23.8004],[-45.996,-23.8004],[-45.996,-23.8],[-45.9956,-23.8],[-45.9956,-23.7996],[-45.9952,-23.7996],[-45.9952,-23.7992],[-45.9948,-23.7992],[-45.994,-23.7992],[-45.994,-23.7984],[-45.9936,-23.7984],[-45.9936,-23.798],[-45.9928,-23.798],[-45.9928,-23.7976],[-45.9928,-23.7972],[-45.9924,-23.7972],[-45.9924,-23.7964],[-45.992,-23.7964],[-45.992,-23.796],[-45.9916,-23.7964],[-45.9916,-23.7968],[-45.9916,-23.7972],[-45.9916,-23.7976],[-45.992,-23.7984],[-45.992,-23.7988],[-45.9924,-23.7992],[-45.9928,-23.8],[-45.9928,-23.8004],[-45.9932,-23.8008],[-45.994,-23.8012],[-45.9944,-23.8016],[-45.9948,-23.8016],[-45.9952,-23.8016],[-45.9956,-23.802],[-45.9964,-23.8024],[-45.9972,-23.8028],[-45.9976,-23.8028],[-45.9976,-23.8032],[-45.998,-23.8032],[-45.9984,-23.8036],[-45.9988,-23.8036],[-45.9996,-23.8028],[-46.0,-23.8024]]]}},{"type":"Feature","properties":{"dsubbc":"rio itapanhau","nome":"Rio Itapanhaú"},"geometry":{"type":"Polygon","coordinates":[[[-46.1232,-23.8048],[-46.1232,-23.8052],[-46.1236,-23.8056],[-46.1236,-23.806],[-46.1236,-23.8064],[-46.1232,-23.8072],[-46.1224,-23.8084],[-46.1216,-23.8092],[-46.1208,-23.81],[-46.12,-23.8104],[-46.1196,-23.8108],[-46.1196,-23.8116],[-46.1196,-23.812],[-46.1196,-23.8124],[-46.1192,-23.8128],[-46.1196,-23.8136],[-46.1196,-23.8144],[-46.12,-23.8148],[-46.1204,-23.8148],[-46.1208,-23.8148],[-46.1212,-23.8148],[-46.122,-23.8148],[-46.122,-23.8144],[-46.1228,-23.814],[-46.1228,-23.8136],[-46.1232,-23.8132],[-46.124,-23.8132],[-46.1244,-23.8132],[-46.1252,-23.8132],[-46.126,-23.8132],[-46.1268,-23.8132],[-46.128,-23.8132],[-46.1288,-23.8128],[-46.1296,-23.8128],[-46.13,-23.8124],[-46.1304,-23.8124],[-46.1308,-23.812],[-46.1304,-23.8116],[-46.1304,-23.8108],[-46.1304,-23.8104],[-46.13,-23.81],[-46.13,-23.8096],[-46.13,-23.8092],[-46.1304,-23.8092],[-46.1308,-23.8088],[-46.1312,-23.8088],[-46.1312,-23.8092],[-46.1316,-23.8092],[-46.132,-23.8096],[-46.132,-23.8104],[-46.1328,-23.8116],[-46.1328,-23.8128],[-46.1332,-23.814],[-46.1336,-23.8152],[-46.134,-23.816],[-46.1344,-23.8164],[-46.1352,-23.8168],[-46.1356,-23.8172],[-46.1364,-23.8172],[-46.1372,-23.8168],[-46.1372,-23.8128],[-46.1376,-23.8116],[-46.1376,-23.81],[-46.138,-23.8088],[-46.1384,-23.808],[-46.1384,-23.8072],[-46.1384,-23.8068],[-46.1384,-23.8056],[-46.1388,-23.8048],[-46.1388,-23.8036],[-46.1388,-23.8028],[-46.1388,-23.8024],[-46.1388,-23.8012],[-46.1388,-23.8008],[-46.1384,-23.8],[-46.138,-23.7984],[-46.1376,-23.7972],[-46.1372,-23.7964],[-46.1372,-23.7956],[-46.1376,-23.7956],[-46.1376,-23.7952],[-46.138,-23.7952],[-46.138,-23.7948],[-46.1384,-23.7948],[-46.1384,-23.7944],[-46.1388,-23.7944],[-46.1388,-23.794],[-46.1392,-23.794],[-46.1392,-23.7936],[-46.1396,-23.7936],[-46.1396,-23.7932],[-46.1388,-23.7932],[-46.1388,-23.7936],[-46.1384,-23.7936],[-46.1384,-23.794],[-46.138,-23.794],[-46.138,-23.7944],[-46.1376,-23.7944],[-46.1372,-23.7944],[-46.1372,-23.7948],[-46.1368,-23.7948],[-46.1368,-23.7952],[-46.1364,-23.7952],[-46.1364,-23.7956],[-46.136,-23.7956],[-46.136,-23.796],[-46.1356,-23.796],[-46.1356,-23.7964],[-46.1352,-23.7964],[-46.1352,-23.7968],[-46.1348,-23.7968],[-46.1348,-23.7972],[-46.1344,-23.7972],[-46.1344,-23.7976],[-46.134,-23.7976],[-46.134,-23.798],[-46.1336,-23.798],[-46.1336,-23.7984],[-46.1332,-23.7984],[-46.1332,-23.7988],[-46.1328,-23.7988],[-46.1328,-23.7992],[-46.1324,-23.7992],[-46.1324,-23.7996],[-46.132,-23.7996],[-46.132,-23.8],[-46.132,-23.8004],[-46.1316,-23.8004],[-46.1312,-23.8004],[-46.1312,-23.8008],[-46.1308,-23.8008],[-46.1308,-23.8012],[-46.1304,-23.8012],[-46.1304,-23.8016],[-46.13,-23.8016],[-46.13,-23.802],[-46.13,-23.8024],[-46.1296,-23.8024],[-46.1292,-23.8024],[-46.1292,-23.8028],[-46.1288,-23.8028],[-46.1288,-23.8032],[-46.128,-23.8032],[-46.128,-23.8036],[-46.1276,-23.8036],[-46.1276,-23.804],[-46.1256,-23.804],[-46.1244,-23.8044],[-46.1236,-23.8048],[-46.1232,-23.8048]]]}},{"type":"Feature","properties":{"dsubbc":"rio itapanhau","nome":"Rio Itapanhaú"},"geometry":{"type":"Polygon","coordinates":[[[-46.0992,-23.7936],[-46.0992,-23.794],[-46.0992,-23.7944],[-46.0992,-23.7952],[-46.0992,-23.7956],[-46.0996,-23.796],[-46.0996,-23.7964],[-46.1,-23.7968],[-46.1,-23.7972],[-46.1,-23.7976],[-46.1,-23.798],[-46.0996,-23.798],[-46.0992,-23.798],[-46.0988,-23.798],[-46.0984,-23.798],[-46.0976,-23.7976],[-46.0964,-23.7968],[-46.096,-23.7968],[-46.0952,-23.7964],[-46.0948,-23.796],[-46.0936,-23.7984],[-46.0932,-23.8024],[-46.0936,-23.804],[-46.0952,-23.8064],[-46.0956,-23.8084],[-46.0956,-23.81],[-46.096,-23.8112],[-46.0992,-23.8112],[-46.1004,-23.8112],[-46.1028,-23.8092],[-46.104,-23.8092],[-46.1056,-23.8096],[-46.1064,-23.8112],[-46.1072,-23.8124],[-46.1084,-23.8124],[-46.11,-23.8124],[-46.1128,-23.8116],[-46.1148,-23.8096],[-46.1168,-23.8096],[-46.1188,-23.8104],[-46.1196,-23.8116],[-46.1196,-23.8108],[-46.12,-23.8104],[-46.1208,-23.81],[-46.1216,-23.8092],[-46.1224,-23.8084],[-46.1232,-23.8072],[-46.1236,-23.8064],[-46.1236,-23.806],[-46.1236,-23.8056],[-46.1232,-23.8052],[-46.1232,-23.8048],[-46.1228,-23.8048],[-46.1224,-23.804],[-46.122,-23.804],[-46.1216,-23.8036],[-46.1212,-23.8032],[-46.1208,-23.8028],[-46.1204,-23.8024],[-46.12,-23.802],[-46.1196,-23.802],[-46.1192,-23.8016],[-46.1188,-23.8016],[-46.1184,-23.8016],[-46.1176,-23.8016],[-46.1168,-23.8016],[-46.1164,-23.802],[-46.116,-23.8016],[-46.1156,-23.8016],[-46.1152,-23.8012],[-46.1152,-23.8008],[-46.1148,-23.8004],[-46.1148,-23.8],[-46.1148,-23.7988],[-46.1148,-23.798],[-46.1148,-23.7972],[-46.1148,-23.796],[-46.1148,-23.7956],[-46.1148,-23.7948],[-46.1144,-23.794],[-46.1144,-23.7936],[-46.114,-23.7928],[-46.1136,-23.7928],[-46.1132,-23.7924],[-46.1128,-23.7924],[-46.1124,-23.7924],[-46.112,-23.7928],[-46.112,-23.7932],[-46.112,-23.7936],[-46.112,-23.794],[-46.112,-23.7948],[-46.112,-23.7952],[-46.112,-23.7956],[-46.112,-23.796],[-46.112,-23.7964],[-46.1116,-23.7968],[-46.1112,-23.7972],[-46.1104,-23.7972],[-46.1096,-23.7972],[-46.1092,-23.7972],[-46.1084,-23.7972],[-46.108,-23.7972],[-46.1076,-23.7968],[-46.1072,-23.7968],[-46.1068,-23.7964],[-46.1064,-23.796],[-46.1064,-23.7956],[-46.106,-23.7952],[-46.1056,-23.7952],[-46.1048,-23.7948],[-46.1036,-23.7944],[-46.1032,-23.794],[-46.1028,-23.7936],[-46.1028,-23.7932],[-46.1028,-23.7928],[-46.1024,-23.7924],[-46.1024,-23.792],[-46.1024,-23.7916],[-46.102,-23.7916],[-46.1016,-23.7916],[-46.1012,-23.7916],[-46.1008,-23.792],[-46.1004,-23.792],[-46.1004,-23.7924],[-46.1,-23.7924],[-46.0996,-23.7928],[-46.0996,-23.7936],[-46.0992,-23.7936]]]}},{"type":"Feature","properties":{"dsubbc":"rio cubatao","nome":"Rio Cubatão"},"geometry":{"type":"Polygon","coordinates":[[[-46.2392,-23.7948],[-46.2392,-23.7952],[-46.2388,-23.7952],[-46.2384,-23.7952],[-46.2384,-23.7956],[-46.238,-23.7956],[-46.238,-23.796],[-46.2384,-23.796],[-46.2384,-23.7964],[-46.2388,-23.7964],[-46.2392,-23.7964],[-46.2392,-23.7968],[-46.2392,-23.798],[-46.2396,-23.798],[-46.2396,-23.7992],[-46.2392,-23.7992],[-46.238,-23.7992],[-46.238,-23.7996],[-46.2368,-23.7996],[-46.2368,-23.8],[-46.2364,-23.8],[-46.2364,-23.8008],[-46.2364,-23.8012],[-46.236,-23.8012],[-46.236,-23.8016],[-46.2356,-23.8016],[-46.2356,-23.802],[-46.2352,-23.802],[-46.2352,-23.8024],[-46.2348,-23.8024],[-46.2348,-23.8028],[-46.2344,-23.8028],[-46.2344,-23.8032],[-46.234,-23.8032],[-46.2336,-23.8032],[-46.2336,-23.8036],[-46.2332,-23.8036],[-46.2332,-23.804],[-46.232,-23.804],[-46.232,-23.8044],[-46.2308,-23.8044],[-46.2308,-23.804],[-46.2304,-23.804],[-46.2304,-23.8036],[-46.2276,-23.8036],[-46.2276,-23.8032],[-46.2252,-23.8032],[-46.2252,-23.8036],[-46.2248,-23.8036],[-46.2248,-23.804],[-46.222,-23.804],[-46.222,-23.8044],[-46.2212,-23.8044],[-46.2212,-23.8052],[-46.2208,-23.8052],[-46.2208,-23.8084],[-46.2204,-23.8084],[-46.2204,-23.8088],[-46.2204,-23.8092],[-46.2204,-23.8096],[-46.2204,-23.81],[-46.22,-23.81],[-46.22,-23.8104],[-46.2196,-23.8104],[-46.2192,-23.8104],[-46.2192,-23.8108],[-46.2192,-23.8112],[-46.2184,-23.8112],[-46.2184,-23.8116],[-46.218,-23.8116],[-46.218,-23.812],[-46.2176,-23.812],[-46.2176,-23.8124],[-46.2172,-23.8124],[-46.2172,-23.8132],[-46.2168,-23.8132],[-46.2164,-23.8132],[-46.2164,-23.8136],[-46.2164,-23.814],[-46.2116,-23.814],[-46.2116,-23.8144],[-46.2112,-23.8144],[-46.2112,-23.8148],[-46.2112,-23.8152],[-46.2112,-23.816],[-46.2116,-23.816],[-46.2116,-23.8168],[-46.212,-23.8168],[-46.212,-23.82],[-46.2116,-23.82],[-46.2116,-23.8204],[-46.2124,-23.8204],[-46.2132,-23.8204],[-46.2132,-23.8208],[-46.2136,-23.8208],[-46.2136,-23.8212],[-46.214,-23.8212],[-46.214,-23.8224],[-46.2132,-23.8224],[-46.2132,-23.8228],[-46.2132,-23.8232],[-46.2128,-23.8232],[-46.2128,-23.8252],[-46.2124,-23.8252],[-46.2128,-23.8252],[-46.2128,-23.8256],[-46.2136,-23.8256],[-46.2136,-23.826],[-46.2144,-23.826],[-46.2152,-23.826],[-46.2152,-23.8264],[-46.2156,-23.8264],[-46.2156,-23.8268],[-46.2164,-23.8268],[-46.2164,-23.8272],[-46.2168,-23.8272],[-46.2172,-23.8272],[-46.2172,-23.8276],[-46.2176,-23.8276],[-46.2176,-23.828],[-46.218,-23.828],[-46.2184,-23.828],[-46.2184,-23.8284],[-46.2184,-23.8288],[-46.2188,-23.8288],[-46.2188,-23.8292],[-46.2192,-23.8292],[-46.2192,-23.8296],[-46.2196,-23.8296],[-46.2196,-23.83],[-46.22,-23.83],[-46.2204,-23.83],[-46.2204,-23.8304],[-46.2204,-23.8308],[-46.2208,-23.8308],[-46.2208,-23.8312],[-46.2212,-23.8312],[-46.2212,-23.8316],[-46.2216,-23.8316],[-46.2216,-23.832],[-46.222,-23.832],[-46.2224,-23.832],[-46.2224,-23.8328],[-46.2224,-23.8332],[-46.224,-23.8332],[-46.224,-23.8328],[-46.2248,-23.8328],[-46.2248,-23.8324],[-46.2252,-23.8324],[-46.2252,-23.832],[-46.2256,-23.832],[-46.2264,-23.832],[-46.2268,-23.832],[-46.2268,-23.8324],[-46.2272,-23.8324],[-46.2272,-23.8328],[-46.2276,-23.8328],[-46.2276,-23.8332],[-46.2284,-23.8332],[-46.23,-23.8332],[-46.23,-23.8336],[-46.2304,-23.8336],[-46.2304,-23.834],[-46.2308,-23.834],[-46.2308,-23.8344],[-46.2312,-23.8344],[-46.2312,-23.8348],[-46.2316,-23.8348],[-46.2316,-23.8352],[-46.232,-23.8352],[-46.2324,-23.8352],[-46.2324,-23.8356],[-46.2328,-23.8356],[-46.2328,-23.836],[-46.2344,-23.836],[-46.2352,-23.836],[-46.2352,-23.8364],[-46.2352,-23.8368],[-46.2356,-23.8368],[-46.2356,-23.8372],[-46.236,-23.8372],[-46.2364,-23.8372],[-46.2364,-23.8376],[-46.2364,-23.838],[-46.2368,-23.838],[-46.2372,-23.838],[-46.2372,-23.8384],[-46.2372,-23.8388],[-46.2376,-23.8388],[-46.2376,-23.8392],[-46.238,-23.8392],[-46.238,-23.8396],[-46.238,-23.84],[-46.2376,-23.84],[-46.2372,-23.84],[-46.2372,-23.8404],[-46.2372,-23.8408],[-46.2364,-23.8408],[-46.2364,-23.8412],[-46.236,-23.8412],[-46.236,-23.8416],[-46.2356,-23.8416],[-46.2356,-23.8436],[-46.236,-23.8436],[-46.236,-23.8452],[-46.2364,-23.8452],[-46.2364,-23.846],[-46.236,-23.846],[-46.236,-23.8468],[-46.2356,-23.8468],[-46.2356,-23.8472],[-46.2352,-23.8472],[-46.2352,-23.8476],[-46.2352,-23.848],[-46.2348,-23.848],[-46.2348,-23.8484],[-46.2344,-23.8484],[-46.2344,-23.8488],[-46.2348,-23.8488],[-46.2348,-23.8504],[-46.2344,-23.8504],[-46.2344,-23.8508],[-46.2344,-23.8512],[-46.2344,-23.8528],[-46.2344,-23.8536],[-46.2352,-23.8536],[-46.2352,-23.854],[-46.2364,-23.854],[-46.2372,-23.854],[-46.2372,-23.8544],[-46.2372,-23.8548],[-46.2376,-23.8548],[-46.2376,-23.8552],[-46.2424,-23.8552],[-46.2436,-23.8552],[-46.2436,-23.8556],[-46.244,-23.8556],[-46.244,-23.856],[-46.2452,-23.856],[-46.2456,-23.856],[-46.2468,-23.856],[-46.2468,-23.8564],[-46.2472,-23.8564],[-46.248,-23.8564],[-46.248,-23.8568],[-46.2492,-23.8568],[-46.2496,-23.8568],[-46.2512,-23.8568],[-46.254,-23.8568],[-46.254,-23.8572],[-46.2544,-23.8572],[-46.2544,-23.8576],[-46.2552,-23.8576],[-46.2552,-23.858],[-46.2556,-23.858],[-46.256,-23.858],[-46.2568,-23.858],[-46.2568,-23.8584],[-46.2572,-23.8584],[-46.2572,-23.8588],[-46.2576,-23.8588],[-46.258,-23.8588],[-46.258,-23.8592],[-46.258,-23.8596],[-46.2588,-23.8596],[-46.2588,-23.8588],[-46.2592,-23.8588],[-46.2592,-23.858],[-46.2596,-23.858],[-46.26,-23.858],[-46.26,-23.8584],[-46.26,-23.8588],[-46.2604,-23.8588],[-46.2612,-23.8588],[-46.2612,-23.8592],[-46.2616,-23.8592],[-46.2616,-23.8596],[-46.262,-23.8596],[-46.262,-23.86],[-46.2628,-23.86],[-46.2632,-23.86],[-46.2632,-23.8604],[-46.2636,-23.8604],[-46.2636,-23.8608],[-46.264,-23.8608],[-46.2644,-23.8608],[-46.2644,-23.8612],[-46.2652,-23.8612],[-46.2652,-23.8616],[-46.2652,-23.862],[-46.2656,-23.862],[-46.266,-23.862],[-46.266,-23.8624],[-46.2668,-23.8624],[-46.2668,-23.8628],[-46.268,-23.8628],[-46.2684,-23.8628],[-46.2696,-23.8628],[-46.2696,-23.8632],[-46.27,-23.8632],[-46.27,-23.8636],[-46.2716,-23.8636],[-46.2728,-23.8636],[-46.2728,-23.8632],[-46.2732,-23.8632],[-46.2732,-23.8628],[-46.2744,-23.8628],[-46.2756,-23.8628],[-46.2764,-23.8624],[-46.2772,-23.862],[-46.2784,-23.8616],[-46.2792,-23.8612],[-46.28,-23.8612],[-46.2808,-23.8612],[-46.282,-23.8612],[-46.2832,-23.8624],[-46.2832,-23.8632],[-46.284,-23.8636],[-46.2848,-23.8648],[-46.2848,-23.8652],[-46.2848,-23.866],[-46.2848,-23.8668],[-46.2852,-23.8668],[-46.2852,-23.8672],[-46.286,-23.8672],[-46.286,-23.8676],[-46.2868,-23.8676],[-46.2868,-23.868],[-46.2876,-23.868],[-46.2888,-23.868],[-46.2888,-23.8684],[-46.2892,-23.8684],[-46.2892,-23.8688],[-46.29,-23.8688],[-46.2908,-23.8688],[-46.2908,-23.8692],[-46.2912,-23.8692],[-46.2912,-23.8696],[-46.2916,-23.8696],[-46.2916,-23.87],[-46.292,-23.87],[-46.2928,-23.87],[-46.2928,-23.8704],[-46.2932,-23.8704],[-46.2932,-23.8708],[-46.2948,-23.8708],[-46.2952,-23.8708],[-46.2952,-23.8712],[-46.296,-23.8712],[-46.296,-23.8716],[-46.2968,-23.8716],[-46.2968,-23.872],[-46.2972,-23.872],[-46.298,-23.872],[-46.2996,-23.8732],[-46.302,-23.8752],[-46.3024,-23.8756],[-46.3032,-23.876],[-46.3044,-23.8772],[-46.306,-23.8784],[-46.3072,-23.8804],[-46.3084,-23.8816],[-46.3088,-23.8836],[-46.3088,-23.8852],[-46.3092,-23.888],[-46.3096,-23.8896],[-46.3096,-23.8912],[-46.3096,-23.8924],[-46.3112,-23.8944],[-46.312,-23.8948],[-46.3128,-23.8952],[-46.3136,-23.8956],[-46.3144,-23.8956],[-46.3156,-23.8952],[-46.3164,-23.8948],[-46.3176,-23.8948],[-46.3188,-23.8948],[-46.3196,-23.8948],[-46.3212,-23.8928],[-46.3216,-23.8924],[-46.3224,-23.8924],[-46.3228,-23.8924],[-46.3228,-23.8928],[-46.3232,-23.8928],[-46.3236,-23.8932],[-46.324,-23.8936],[-46.3244,-23.894],[-46.3248,-23.8948],[-46.3248,-23.8952],[-46.3248,-23.896],[-46.3252,-23.8964],[-46.3252,-23.8972],[-46.3252,-23.898],[-46.3248,-23.9004],[-46.3252,-23.9028],[-46.3252,-23.9048],[-46.3252,-23.9072],[-46.3264,-23.9108],[-46.3292,-23.9136],[-46.33,-23.916],[-46.332,-23.918],[-46.334,-23.9196],[-46.3348,-23.9208],[-46.3364,-23.9228],[-46.3408,-23.9192],[-46.3456,-23.9156],[-46.346,-23.9152],[-46.348,-23.9148],[-46.3492,-23.9144],[-46.3488,-23.9128],[-46.3488,-23.912],[-46.3488,-23.9108],[-46.3488,-23.9096],[-46.3488,-23.9084],[-46.3488,-23.9076],[-46.3484,-23.9064],[-46.3488,-23.9052],[-46.3488,-23.9044],[-46.3488,-23.9032],[-46.3488,-23.9024],[-46.3488,-23.902],[-46.3492,-23.9016],[-46.3492,-23.9012],[-46.3492,-23.9004],[-46.3496,-23.8996],[-46.3496,-23.8988],[-46.3496,-23.898],[-46.3496,-23.8972],[-46.3496,-23.8968],[-46.3496,-23.8964],[-46.3496,-23.8948],[-46.3496,-23.8936],[-46.3492,-23.8928],[-46.3488,-23.892],[-46.3488,-23.8916],[-46.348,-23.8912],[-46.3484,-23.8904],[-46.3488,-23.8896],[-46.3488,-23.8888],[-46.3488,-23.888],[-46.3488,-23.8872],[-46.3468,-23.886],[-46.344,-23.8844],[-46.3392,-23.8832],[-46.3372,-23.8788],[-46.3356,-23.8772],[-46.3344,-23.874],[-46.332,-23.8716],[-46.33,-23.8712],[-46.3276,-23.872],[-46.3256,-23.87],[-46.3244,-23.8708],[-46.3212,-23.8704],[-46.3204,-23.8684],[-46.3176,-23.8656],[-46.3168,-23.8652],[-46.3168,-23.8656],[-46.3156,-23.8656],[-46.3156,-23.8648],[-46.3156,-23.8644],[-46.3156,-23.8628],[-46.3152,-23.8628],[-46.3152,-23.8624],[-46.3148,-23.8624],[-46.3148,-23.862],[-46.314,-23.862],[-46.314,-23.8616],[-46.3132,-23.8616],[-46.3132,-23.8612],[-46.3128,-23.8612],[-46.3128,-23.8608],[-46.3128,-23.8604],[-46.3124,-23.8604],[-46.3124,-23.86],[-46.312,-23.86],[-46.312,-23.8596],[-46.3116,-23.8596],[-46.3116,-23.8588],[-46.3116,-23.856],[-46.3112,-23.856],[-46.3112,-23.8556],[-46.3108,-23.8556],[-46.3108,-23.8552],[-46.3108,-23.854],[-46.3104,-23.854],[-46.31,-23.854],[-46.31,-23.8536],[-46.3096,-23.8536],[-46.3096,-23.8532],[-46.3096,-23.8524],[-46.3096,-23.852],[-46.3092,-23.852],[-46.3088,-23.852],[-46.3088,-23.8516],[-46.3088,-23.8512],[-46.3084,-23.8512],[-46.308,-23.8512],[-46.308,-23.8508],[-46.3076,-23.8508],[-46.3076,-23.8504],[-46.3076,-23.85],[-46.3072,-23.85],[-46.3072,-23.8496],[-46.3068,-23.8496],[-46.3068,-23.8492],[-46.3064,-23.8492],[-46.3064,-23.8488],[-46.306,-23.8488],[-46.306,-23.8484],[-46.3056,-23.8484],[-46.3056,-23.848],[-46.3048,-23.848],[-46.3044,-23.848],[-46.3044,-23.8476],[-46.304,-23.8476],[-46.304,-23.8472],[-46.304,-23.8468],[-46.3036,-23.8468],[-46.3036,-23.8464],[-46.3032,-23.8464],[-46.3032,-23.846],[-46.3028,-23.846],[-46.3028,-23.8452],[-46.302,-23.8452],[-46.302,-23.8448],[-46.3016,-23.8448],[-46.3016,-23.8444],[-46.3012,-23.8444],[-46.3012,-23.844],[-46.3008,-23.844],[-46.3004,-23.844],[-46.3004,-23.8436],[-46.3,-23.8436],[-46.3,-23.8432],[-46.2996,-23.8432],[-46.2996,-23.8428],[-46.2992,-23.8428],[-46.2992,-23.8424],[-46.2988,-23.8424],[-46.2988,-23.842],[-46.2988,-23.8412],[-46.2984,-23.8412],[-46.298,-23.8412],[-46.298,-23.8408],[-46.298,-23.84],[-46.2976,-23.84],[-46.2976,-23.836],[-46.2972,-23.836],[-46.2972,-23.8356],[-46.2972,-23.8344],[-46.2968,-23.8344],[-46.2968,-23.834],[-46.2964,-23.834],[-46.296,-23.834],[-46.296,-23.8336],[-46.296,-23.8332],[-46.2956,-23.8332],[-46.2948,-23.8332],[-46.2948,-23.8328],[-46.2948,-23.8324],[-46.2944,-23.8324],[-46.2944,-23.832],[-46.294,-23.832],[-46.294,-23.8316],[-46.2936,-23.8316],[-46.2936,-23.8312],[-46.2924,-23.8312],[-46.2916,-23.8312],[-46.2916,-23.8308],[-46.2912,-23.8308],[-46.2912,-23.8304],[-46.2908,-23.8304],[-46.2908,-23.83],[-46.2904,-23.83],[-46.2904,-23.8296],[-46.29,-23.8296],[-46.29,-23.8292],[-46.2896,-23.8292],[-46.2884,-23.8292],[-46.2884,-23.8288],[-46.288,-23.8288],[-46.288,-23.8284],[-46.2876,-23.8284],[-46.2876,-23.828],[-46.2864,-23.828],[-46.2864,-23.8284],[-46.2856,-23.8284],[-46.2852,-23.8284],[-46.2852,-23.828],[-46.2848,-23.828],[-46.2848,-23.8276],[-46.2844,-23.8276],[-46.2844,-23.8272],[-46.284,-23.8272],[-46.284,-23.8268],[-46.284,-23.8264],[-46.2836,-23.8264],[-46.2836,-23.826],[-46.2828,-23.826],[-46.2824,-23.826],[-46.2824,-23.8256],[-46.2812,-23.8256],[-46.2812,-23.8252],[-46.2784,-23.8252],[-46.2776,-23.8252],[-46.2776,-23.8244],[-46.2768,-23.8244],[-46.2768,-23.824],[-46.2764,-23.824],[-46.276,-23.824],[-46.276,-23.8236],[-46.2756,-23.8236],[-46.2756,-23.8232],[-46.2752,-23.8232],[-46.2752,-23.8224],[-46.2748,-23.8224],[-46.2748,-23.822],[-46.2744,-23.822],[-46.274,-23.822],[-46.274,-23.8216],[-46.274,-23.8212],[-46.2736,-23.8212],[-46.2736,-23.8208],[-46.2732,-23.8208],[-46.2732,-23.8204],[-46.2728,-23.8204],[-46.2728,-23.8196],[-46.2728,-23.8184],[-46.2724,-23.8184],[-46.2724,-23.818],[-46.272,-23.818],[-46.272,-23.8176],[-46.2716,-23.8176],[-46.2716,-23.8168],[-46.2712,-23.8168],[-46.2712,-23.8164],[-46.2708,-23.8164],[-46.2708,-23.816],[-46.2704,-23.816],[-46.2704,-23.8156],[-46.27,-23.8156],[-46.27,-23.8152],[-46.2696,-23.8152],[-46.2696,-23.8148],[-46.2692,-23.8148],[-46.2692,-23.8144],[-46.2692,-23.8132],[-46.2688,-23.8132],[-46.2684,-23.8132],[-46.2684,-23.8112],[-46.2688,-23.8112],[-46.2688,-23.8104],[-46.2684,-23.8104],[-46.2684,-23.8096],[-46.268,-23.8096],[-46.268,-23.8092],[-46.2676,-23.8092],[-46.2672,-23.8092],[-46.2672,-23.8088],[-46.2672,-23.8084],[-46.2668,-23.8084],[-46.2664,-23.8084],[-46.2664,-23.808],[-46.266,-23.808],[-46.266,-23.8076],[-46.266,-23.8072],[-46.2656,-23.8072],[-46.2656,-23.8068],[-46.2652,-23.8068],[-46.2652,-23.8064],[-46.2648,-23.8064],[-46.2648,-23.8056],[-46.2644,-23.8056],[-46.2644,-23.8052],[-46.264,-23.8052],[-46.264,-23.8048],[-46.264,-23.8044],[-46.2636,-23.8044],[-46.2636,-23.8036],[-46.2632,-23.8036],[-46.2632,-23.8032],[-46.2628,-23.8032],[-46.2628,-23.8028],[-46.2624,-23.8028],[-46.2624,-23.8024],[-46.262,-23.8024],[-46.262,-23.8016],[-46.2616,-23.8016],[-46.2616,-23.8004],[-46.2612,-23.8004],[-46.2612,-23.798],[-46.2608,-23.798],[-46.2608,-23.7976],[-46.26,-23.7976],[-46.26,-23.7972],[-46.2596,-23.7972],[-46.2596,-23.7968],[-46.2592,-23.7968],[-46.2592,-23.7964],[-46.2588,-23.7964],[-46.2584,-23.7964],[-46.2584,-23.7952],[-46.258,-23.7952],[-46.258,-23.7944],[-46.2572,-23.7944],[-46.2572,-23.794],[-46.2568,-23.794],[-46.2568,-23.7932],[-46.2564,-23.7932],[-46.256,-23.7932],[-46.256,-23.7924],[-46.256,-23.792],[-46.2552,-23.792],[-46.2552,-23.7916],[-46.2544,-23.7916],[-46.2544,-23.7912],[-46.254,-23.7912],[-46.2536,-23.7912],[-46.2532,-23.7912],[-46.2532,-23.7916],[-46.2532,-23.792],[-46.2528,-23.792],[-46.2528,-23.7924],[-46.2524,-23.7924],[-46.252,-23.7924],[-46.252,-23.7928],[-46.2512,-23.7928],[-46.2512,-23.7932],[-46.2508,-23.7932],[-46.2508,-23.7936],[-46.2504,-23.7936],[-46.2504,-23.794],[-46.25,-23.794],[-46.25,-23.7936],[-46.25,-23.7932],[-46.2484,-23.7932],[-46.2484,-23.7936],[-46.2476,-23.7936],[-46.2476,-23.794],[-46.2456,-23.794],[-46.2456,-23.7932],[-46.2452,-23.7932],[-46.2444,-23.7932],[-46.2444,-23.7928],[-46.244,-23.7928],[-46.244,-23.7924],[-46.2436,-23.7924],[-46.2432,-23.7924],[-46.2432,-23.7932],[-46.2432,-23.7936],[-46.2428,-23.7936],[-46.2428,-23.7944],[-46.2424,-23.7944],[-46.2424,-23.7948],[-46.242,-23.7948],[-46.242,-23.7952],[-46.24,-23.7952],[-46.24,-23.7948],[-46.2392,-23.7948]]]}},{"type":"Feature","properties":{"dsubbc":"rio itapanhau","nome":"Rio Itapanhaú"},"geometry":{"type":"Polygon","coordinates":[[[-46.1684,-23.7888],[-46.1684,-23.7892],[-46.1684,-23.7896],[-46.1684,-23.7912],[-46.1684,-23.7916],[-46.1684,-23.792],[-46.1688,-23.792],[-46.1688,-23.7924],[-46.1692,-23.7924],[-46.1696,-23.7924],[-46.1696,-23.7928],[-46.1696,-23.7952],[-46.1692,-23.7952],[-46.1692,-23.7956],[-46.1688,-23.7956],[-46.1688,-23.796],[-46.1684,-23.796],[-46.1684,-23.7964],[-46.1684,-23.7972],[-46.168,-23.7972],[-46.168,-23.7992],[-46.1676,-23.7992],[-46.1676,-23.7996],[-46.1676,-23.8],[-46.1672,-23.8],[-46.1672,-23.8004],[-46.1668,-23.8004],[-46.1668,-23.8008],[-46.1668,-23.8012],[-46.1664,-23.8012],[-46.1636,-23.8012],[-46.1636,-23.8016],[-46.1628,-23.8016],[-46.1628,-23.8012],[-46.162,-23.8012],[-46.162,-23.8016],[-46.16,-23.8016],[-46.16,-23.802],[-46.1588,-23.802],[-46.1588,-23.8024],[-46.1584,-23.8024],[-46.158,-23.8024],[-46.158,-23.8032],[-46.1576,-23.8032],[-46.1576,-23.8044],[-46.1576,-23.8048],[-46.1572,-23.8048],[-46.1572,-23.8052],[-46.1568,-23.8052],[-46.1568,-23.8056],[-46.1564,-23.8056],[-46.1564,-23.806],[-46.156,-23.806],[-46.156,-23.8064],[-46.1556,-23.8064],[-46.1552,-23.8064],[-46.1552,-23.8068],[-46.1548,-23.8068],[-46.1548,-23.808],[-46.1548,-23.8088],[-46.1548,-23.8092],[-46.1544,-23.8104],[-46.154,-23.812],[-46.1532,-23.8132],[-46.1524,-23.8144],[-46.152,-23.8152],[-46.1516,-23.816],[-46.1512,-23.8172],[-46.1516,-23.8172],[-46.1524,-23.8172],[-46.1532,-23.8176],[-46.1532,-23.818],[-46.1536,-23.8188],[-46.154,-23.8192],[-46.154,-23.8188],[-46.1544,-23.8188],[-46.1544,-23.8184],[-46.1548,-23.8184],[-46.1552,-23.8184],[-46.1576,-23.8184],[-46.1576,-23.818],[-46.1576,-23.8176],[-46.158,-23.8176],[-46.158,-23.8172],[-46.1584,-23.8172],[-46.162,-23.8172],[-46.162,-23.8168],[-46.1628,-23.8168],[-46.1628,-23.8164],[-46.1636,-23.8164],[-46.1636,-23.816],[-46.1636,-23.8124],[-46.1636,-23.812],[-46.164,-23.812],[-46.164,-23.8116],[-46.1644,-23.8116],[-46.1644,-23.8112],[-46.1648,-23.8112],[-46.1648,-23.8108],[-46.166,-23.8108],[-46.166,-23.8104],[-46.1668,-23.8104],[-46.1684,-23.8104],[-46.1684,-23.81],[-46.1688,-23.81],[-46.1688,-23.8096],[-46.1692,-23.8096],[-46.1692,-23.8092],[-46.1696,-23.8092],[-46.1696,-23.8088],[-46.17,-23.8088],[-46.17,-23.8084],[-46.1704,-23.8084],[-46.1704,-23.808],[-46.1704,-23.8076],[-46.1712,-23.8076],[-46.1712,-23.8072],[-46.1716,-23.8072],[-46.1716,-23.8068],[-46.172,-23.8068],[-46.172,-23.8064],[-46.1724,-23.8064],[-46.1724,-23.806],[-46.1728,-23.806],[-46.1728,-23.8056],[-46.1732,-23.8056],[-46.1732,-23.8052],[-46.1736,-23.8052],[-46.1736,-23.8044],[-46.174,-23.8044],[-46.1744,-23.8044],[-46.1744,-23.804],[-46.1744,-23.8036],[-46.1748,-23.8036],[-46.1748,-23.8032],[-46.1752,-23.8032],[-46.1756,-23.8032],[-46.1756,-23.8028],[-46.1756,-23.8024],[-46.176,-23.8024],[-46.1764,-23.8024],[-46.1764,-23.802],[-46.1768,-23.802],[-46.1768,-23.8016],[-46.1772,-23.8016],[-46.1772,-23.8012],[-46.1776,-23.8012],[-46.178,-23.8012],[-46.178,-23.8008],[-46.1784,-23.8008],[-46.1784,-23.8004],[-46.1788,-23.8004],[-46.1788,-23.8],[-46.1792,-23.8],[-46.1792,-23.7996],[-46.1796,-23.7996],[-46.1796,-23.7992],[-46.18,-23.7992],[-46.18,-23.798],[-46.1796,-23.798],[-46.1796,-23.7976],[-46.1796,-23.7972],[-46.1812,-23.7972],[-46.1816,-23.7972],[-46.1816,-23.7968],[-46.1816,-23.7964],[-46.1812,-23.7964],[-46.1812,-23.7952],[-46.1808,-23.7952],[-46.1808,-23.7944],[-46.1804,-23.7944],[-46.1804,-23.794],[-46.1804,-23.7936],[-46.18,-23.7936],[-46.1796,-23.7936],[-46.1796,-23.7932],[-46.1784,-23.7932],[-46.1784,-23.7928],[-46.178,-23.7928],[-46.178,-23.7924],[-46.1776,-23.7924],[-46.176,-23.7924],[-46.176,-23.792],[-46.1756,-23.792],[-46.1756,-23.7912],[-46.1752,-23.7912],[-46.1752,-23.7908],[-46.1748,-23.7908],[-46.1748,-23.7912],[-46.174,-23.7912],[-46.1728,-23.7912],[-46.1728,-23.7916],[-46.1724,-23.7916],[-46.1724,-23.7912],[-46.172,-23.7912],[-46.172,-23.7908],[-46.1716,-23.7908],[-46.1716,-23.7904],[-46.1708,-23.7904],[-46.1708,-23.79],[-46.1704,-23.79],[-46.1704,-23.7896],[-46.17,-23.7896],[-46.17,-23.7892],[-46.1696,-23.7892],[-46.1692,-23.7892],[-46.1692,-23.7888],[-46.1684,-23.7888]]]}},{"type":"Feature","properties":{"dsubbc":"rio itapanhau","nome":"Rio Itapanhaú"},"geometry":{"type":"Polygon","coordinates":[[[-45.9892,-23.792],[-45.9896,-23.792],[-45.99,-23.7924],[-45.9904,-23.7928],[-45.9908,-23.7928],[-45.9912,-23.7932],[-45.9916,-23.7936],[-45.9924,-23.7944],[-45.9924,-23.794],[-45.9924,-23.7936],[-45.9928,-23.7928],[-45.9932,-23.792],[-45.9936,-23.7916],[-45.994,-23.7912],[-45.9948,-23.7908],[-45.9952,-23.79],[-45.9956,-23.7892],[-45.9956,-23.7884],[-45.9956,-23.788],[-45.9952,-23.7876],[-45.9952,-23.7872],[-45.9944,-23.7876],[-45.9936,-23.7884],[-45.9932,-23.7888],[-45.9928,-23.7892],[-45.9924,-23.7892],[-45.992,-23.7896],[-45.9916,-23.7892],[-45.9912,-23.7892],[-45.9908,-23.7892],[-45.9904,-23.7888],[-45.9896,-23.7888],[-45.9892,-23.7888],[-45.9888,-23.7888],[-45.9884,-23.7888],[-45.9884,-23.7892],[-45.9884,-23.7896],[-45.9884,-23.79],[-45.9884,-23.7904],[-45.9888,-23.7908],[-45.9892,-23.792]]]}},{"type":"Feature","properties":{"dsubbc":"rio itapanhau","nome":"Rio Itapanhaú"},"geometry":{"type":"Polygon","coordinates":[[[-46.0908,-23.7896],[-46.0908,-23.79],[-46.0904,-23.7904],[-46.09,-23.7908],[-46.0896,-23.7912],[-46.0892,-23.7912],[-46.0888,-23.7916],[-46.0884,-23.7916],[-46.088,-23.7916],[-46.0876,-23.7916],[-46.0876,-23.792],[-46.0872,-23.792],[-46.0872,-23.7924],[-46.0872,-23.7928],[-46.0868,-23.7932],[-46.0868,-23.7936],[-46.0868,-23.794],[-46.0868,-23.7944],[-46.0868,-23.7948],[-46.0868,-23.7952],[-46.0864,-23.7956],[-46.086,-23.7956],[-46.0856,-23.7952],[-46.0852,-23.7952],[-46.0848,-23.7952],[-46.0844,-23.7952],[-46.0844,-23.7956],[-46.0844,-23.796],[-46.0848,-23.7964],[-46.0848,-23.7968],[-46.0848,-23.7972],[-46.0848,-23.7976],[-46.0844,-23.7984],[-46.0844,-23.7988],[-46.0844,-23.7992],[-46.0844,-23.7996],[-46.0844,-23.8],[-46.0844,-23.8004],[-46.0848,-23.8004],[-46.0852,-23.8004],[-46.0856,-23.8],[-46.086,-23.7996],[-46.0864,-23.7992],[-46.0864,-23.7988],[-46.0864,-23.7984],[-46.0868,-23.798],[-46.0868,-23.7976],[-46.0872,-23.7972],[-46.0872,-23.7968],[-46.0876,-23.7964],[-46.088,-23.796],[-46.0884,-23.7956],[-46.0888,-23.7956],[-46.0892,-23.7956],[-46.0896,-23.7956],[-46.0896,-23.796],[-46.09,-23.796],[-46.09,-23.7964],[-46.0904,-23.7964],[-46.0908,-23.7964],[-46.0908,-23.796],[-46.0908,-23.7956],[-46.0908,-23.7952],[-46.0904,-23.7952],[-46.0904,-23.7948],[-46.09,-23.7944],[-46.0904,-23.794],[-46.0908,-23.794],[-46.0912,-23.7944],[-46.0916,-23.7944],[-46.0924,-23.7948],[-46.0928,-23.7952],[-46.0936,-23.7956],[-46.0948,-23.796],[-46.0952,-23.7964],[-46.096,-23.7968],[-46.0964,-23.7968],[-46.0976,-23.7976],[-46.0984,-23.798],[-46.0988,-23.798],[-46.0992,-23.798],[-46.0996,-23.798],[-46.1,-23.798],[-46.1,-23.7976],[-46.1,-23.7972],[-46.1,-23.7968],[-46.0996,-23.7964],[-46.0996,-23.796],[-46.0992,-23.7956],[-46.0992,-23.7952],[-46.0992,-23.7944],[-46.0992,-23.794],[-46.0992,-23.7936],[-46.0988,-23.7928],[-46.0984,-23.792],[-46.098,-23.7908],[-46.0976,-23.7892],[-46.0972,-23.788],[-46.0972,-23.7876],[-46.0968,-23.7868],[-46.0968,-23.7856],[-46.0964,-23.7856],[-46.096,-23.7856],[-46.096,-23.786],[-46.096,-23.7864],[-46.0956,-23.7864],[-46.0952,-23.7864],[-46.0952,-23.7868],[-46.0952,-23.7872],[-46.0948,-23.7872],[-46.0948,-23.7876],[-46.094,-23.7876],[-46.094,-23.788],[-46.0936,-23.788],[-46.0936,-23.7884],[-46.0932,-23.7884],[-46.0928,-23.7888],[-46.0924,-23.7888],[-46.092,-23.7892],[-46.0916,-23.7892],[-46.0908,-23.7896]]]}},{"type":"Feature","properties":{"dsubbc":"rio itapanhau","nome":"Rio Itapanhaú"},"geometry":{"type":"Polygon","coordinates":[[[-46.1428,-23.8148],[-46.1432,-23.8148],[-46.144,-23.8148],[-46.1444,-23.8148],[-46.1448,-23.8148],[-46.1452,-23.8152],[-46.1452,-23.8156],[-46.1452,-23.8164],[-46.1464,-23.8156],[-46.1476,-23.8144],[-46.148,-23.814],[-46.1492,-23.8132],[-46.15,-23.8124],[-46.1504,-23.812],[-46.1516,-23.8112],[-46.1528,-23.8104],[-46.1532,-23.81],[-46.154,-23.8092],[-46.1548,-23.8088],[-46.1548,-23.808],[-46.1548,-23.8068],[-46.1552,-23.8068],[-46.1552,-23.8064],[-46.1556,-23.8064],[-46.156,-23.8064],[-46.156,-23.806],[-46.1564,-23.806],[-46.1564,-23.8056],[-46.1568,-23.8056],[-46.1568,-23.8052],[-46.1572,-23.8052],[-46.1572,-23.8048],[-46.1576,-23.8048],[-46.1576,-23.8044],[-46.1576,-23.8032],[-46.158,-23.8032],[-46.158,-23.8024],[-46.1584,-23.8024],[-46.1588,-23.8024],[-46.1588,-23.802],[-46.16,-23.802],[-46.16,-23.8016],[-46.162,-23.8016],[-46.162,-23.8012],[-46.1628,-23.8012],[-46.1628,-23.8016],[-46.1636,-23.8016],[-46.1636,-23.8012],[-46.1664,-23.8012],[-46.1668,-23.8012],[-46.1668,-23.8008],[-46.1668,-23.8004],[-46.1672,-23.8004],[-46.1672,-23.8],[-46.1676,-23.8],[-46.1676,-23.7996],[-46.1676,-23.7992],[-46.168,-23.7992],[-46.168,-23.7972],[-46.1684,-23.7972],[-46.1684,-23.7964],[-46.1684,-23.796],[-46.1688,-23.796],[-46.1688,-23.7956],[-46.1692,-23.7956],[-46.1692,-23.7952],[-46.1696,-23.7952],[-46.1696,-23.7928],[-46.1696,-23.7924],[-46.1692,-23.7924],[-46.1688,-23.7924],[-46.1688,-23.792],[-46.1684,-23.792],[-46.1684,-23.7916],[-46.1684,-23.7912],[-46.1684,-23.7896],[-46.1684,-23.7892],[-46.1684,-23.7888],[-46.1684,-23.7884],[-46.1684,-23.788],[-46.168,-23.788],[-46.168,-23.7872],[-46.1676,-23.7872],[-46.1676,-23.7868],[-46.1676,-23.7864],[-46.1668,-23.7864],[-46.1668,-23.786],[-46.166,-23.786],[-46.166,-23.7856],[-46.1656,-23.7856],[-46.1652,-23.7856],[-46.1652,-23.7852],[-46.1636,-23.7852],[-46.1636,-23.7856],[-46.1632,-23.7856],[-46.1628,-23.7856],[-46.1628,-23.786],[-46.1624,-23.786],[-46.1624,-23.7856],[-46.162,-23.7856],[-46.1616,-23.7856],[-46.1616,-23.784],[-46.1608,-23.7852],[-46.1592,-23.786],[-46.1584,-23.7868],[-46.1576,-23.7876],[-46.1572,-23.788],[-46.1568,-23.7888],[-46.156,-23.7896],[-46.1552,-23.7904],[-46.1548,-23.7916],[-46.1544,-23.7916],[-46.154,-23.7924],[-46.1536,-23.7936],[-46.1528,-23.794],[-46.1524,-23.7952],[-46.1512,-23.7968],[-46.1512,-23.7972],[-46.1504,-23.798],[-46.1504,-23.7984],[-46.15,-23.7992],[-46.1496,-23.7996],[-46.1492,-23.8],[-46.1492,-23.8008],[-46.1488,-23.8016],[-46.1484,-23.8024],[-46.148,-23.8028],[-46.1472,-23.8036],[-46.1468,-23.8044],[-46.1464,-23.8052],[-46.1464,-23.806],[-46.146,-23.8068],[-46.1456,-23.8076],[-46.1452,-23.8084],[-46.1448,-23.8096],[-46.1444,-23.8104],[-46.144,-23.8116],[-46.1436,-23.8124],[-46.1436,-23.8132],[-46.1432,-23.8136],[-46.1428,-23.8148]]]}},{"type":"Feature","properties":{"dsubbc":"rio itapanhau","nome":"Rio Itapanhaú"},"geometry":{"type":"Polygon","coordinates":[[[-46.1528,-23.7796],[-46.1528,-23.78],[-46.1528,-23.7804],[-46.1524,-23.7804],[-46.1524,-23.782],[-46.152,-23.782],[-46.152,-23.7832],[-46.1524,-23.7832],[-46.1524,-23.7836],[-46.1528,-23.7836],[-46.1528,-23.7844],[-46.1524,-23.7844],[-46.1524,-23.7848],[-46.152,-23.7848],[-46.152,-23.7852],[-46.1516,-23.7852],[-46.1516,-23.7856],[-46.1512,-23.7856],[-46.1508,-23.7856],[-46.1456,-23.7856],[-46.1456,-23.786],[-46.1444,-23.786],[-46.1444,-23.7864],[-46.144,-23.7864],[-46.1436,-23.7864],[-46.1436,-23.7868],[-46.1436,-23.7872],[-46.1428,-23.7872],[-46.1428,-23.7876],[-46.1416,-23.7876],[-46.1416,-23.788],[-46.1412,-23.788],[-46.1412,-23.7884],[-46.1408,-23.7884],[-46.1408,-23.7912],[-46.1408,-23.7924],[-46.1404,-23.7924],[-46.14,-23.7924],[-46.14,-23.7928],[-46.1396,-23.7928],[-46.1396,-23.7932],[-46.1396,-23.7936],[-46.1392,-23.7936],[-46.1392,-23.794],[-46.1388,-23.794],[-46.1388,-23.7944],[-46.1384,-23.7944],[-46.1384,-23.7948],[-46.138,-23.7948],[-46.138,-23.7952],[-46.1376,-23.7952],[-46.1376,-23.7956],[-46.1372,-23.7956],[-46.1372,-23.7964],[-46.1376,-23.7972],[-46.138,-23.7984],[-46.1384,-23.8],[-46.1388,-23.8008],[-46.1388,-23.8012],[-46.1388,-23.8024],[-46.1388,-23.8028],[-46.1388,-23.8036],[-46.1388,-23.8048],[-46.1384,-23.8056],[-46.1384,-23.8068],[-46.1384,-23.8072],[-46.1384,-23.808],[-46.138,-23.8088],[-46.1376,-23.81],[-46.1376,-23.8116],[-46.1372,-23.8128],[-46.1372,-23.8168],[-46.1384,-23.8168],[-46.1396,-23.816],[-46.1408,-23.8156],[-46.1416,-23.8152],[-46.1424,-23.8148],[-46.1428,-23.8148],[-46.1432,-23.8136],[-46.1436,-23.8132],[-46.1436,-23.8124],[-46.144,-23.8116],[-46.1444,-23.8104],[-46.1448,-23.8096],[-46.1452,-23.8084],[-46.1456,-23.8076],[-46.146,-23.8068],[-46.1464,-23.806],[-46.1464,-23.8052],[-46.1468,-23.8044],[-46.1472,-23.8036],[-46.148,-23.8028],[-46.1484,-23.8024],[-46.1488,-23.8016],[-46.1492,-23.8008],[-46.1492,-23.8],[-46.1496,-23.7996],[-46.15,-23.7992],[-46.1504,-23.7984],[-46.1504,-23.798],[-46.1512,-23.7972],[-46.1512,-23.7968],[-46.1524,-23.7952],[-46.1528,-23.794],[-46.1536,-23.7936],[-46.154,-23.7924],[-46.1544,-23.7916],[-46.1548,-23.7916],[-46.1552,-23.7904],[-46.156,-23.7896],[-46.1568,-23.7888],[-46.1572,-23.788],[-46.1576,-23.7876],[-46.1584,-23.7868],[-46.1592,-23.786],[-46.1608,-23.7852],[-46.1616,-23.784],[-46.1616,-23.7832],[-46.1616,-23.7828],[-46.1608,-23.7828],[-46.1608,-23.7824],[-46.1604,-23.7824],[-46.1604,-23.782],[-46.16,-23.782],[-46.16,-23.7816],[-46.1596,-23.7816],[-46.1592,-23.7816],[-46.1592,-23.7812],[-46.1588,-23.7812],[-46.1588,-23.7808],[-46.1588,-23.7804],[-46.1584,-23.7804],[-46.158,-23.7804],[-46.158,-23.7796],[-46.1576,-23.7796],[-46.1576,-23.7792],[-46.1576,-23.7796],[-46.156,-23.7796],[-46.1528,-23.7796]]]}},{"type":"Feature","properties":{"dsubbc":"rio itapanhau","nome":"Rio Itapanhaú"},"geometry":{"type":"Polygon","coordinates":[[[-46.1148,-23.7948],[-46.1148,-23.7956],[-46.1148,-23.796],[-46.1148,-23.7972],[-46.1148,-23.798],[-46.1148,-23.7988],[-46.1148,-23.8],[-46.1148,-23.8004],[-46.1152,-23.8008],[-46.1152,-23.8012],[-46.1156,-23.8016],[-46.116,-23.8016],[-46.1164,-23.802],[-46.1168,-23.8016],[-46.1176,-23.8016],[-46.1184,-23.8016],[-46.1188,-23.8016],[-46.1192,-23.8016],[-46.1196,-23.802],[-46.12,-23.8012],[-46.1212,-23.8],[-46.1216,-23.7988],[-46.122,-23.798],[-46.1224,-23.7972],[-46.1228,-23.7972],[-46.1228,-23.796],[-46.1228,-23.7952],[-46.1232,-23.7952],[-46.1236,-23.7952],[-46.1236,-23.7948],[-46.124,-23.7948],[-46.124,-23.7944],[-46.1244,-23.7944],[-46.1244,-23.794],[-46.1256,-23.794],[-46.1256,-23.7936],[-46.126,-23.7936],[-46.126,-23.7932],[-46.1264,-23.7932],[-46.1264,-23.7928],[-46.1268,-23.7928],[-46.1268,-23.7924],[-46.1276,-23.7924],[-46.1276,-23.792],[-46.128,-23.792],[-46.128,-23.7916],[-46.1304,-23.7916],[-46.1304,-23.7912],[-46.1308,-23.7912],[-46.1308,-23.7904],[-46.1312,-23.7904],[-46.1316,-23.7904],[-46.1316,-23.79],[-46.132,-23.79],[-46.132,-23.7896],[-46.132,-23.7892],[-46.1324,-23.7892],[-46.1328,-23.7892],[-46.1328,-23.7888],[-46.1328,-23.7884],[-46.1332,-23.7884],[-46.1336,-23.7884],[-46.1336,-23.788],[-46.1336,-23.7876],[-46.134,-23.7876],[-46.1344,-23.7876],[-46.1344,-23.7868],[-46.1348,-23.7868],[-46.1348,-23.7844],[-46.1348,-23.7832],[-46.1352,-23.7832],[-46.1352,-23.7828],[-46.1356,-23.7828],[-46.1356,-23.7824],[-46.136,-23.7824],[-46.136,-23.7816],[-46.1364,-23.7816],[-46.1364,-23.7804],[-46.1368,-23.7804],[-46.1368,-23.7776],[-46.1372,-23.7776],[-46.1372,-23.7772],[-46.1376,-23.7772],[-46.1376,-23.7768],[-46.1368,-23.7768],[-46.1368,-23.7772],[-46.136,-23.7772],[-46.136,-23.7776],[-46.1356,-23.7776],[-46.1348,-23.7776],[-46.1348,-23.778],[-46.1348,-23.7784],[-46.134,-23.7784],[-46.1336,-23.7784],[-46.1336,-23.7788],[-46.1336,-23.7792],[-46.1332,-23.7792],[-46.1332,-23.7796],[-46.1328,-23.7796],[-46.1328,-23.78],[-46.1324,-23.78],[-46.1324,-23.7804],[-46.132,-23.7804],[-46.132,-23.7808],[-46.1316,-23.7808],[-46.1316,-23.7812],[-46.1312,-23.7812],[-46.1312,-23.7816],[-46.1308,-23.7816],[-46.1308,-23.7824],[-46.1304,-23.7824],[-46.13,-23.7824],[-46.13,-23.7828],[-46.1296,-23.7828],[-46.1296,-23.7832],[-46.1288,-23.7832],[-46.1288,-23.7836],[-46.1276,-23.7836],[-46.1276,-23.784],[-46.1268,-23.784],[-46.1268,-23.7844],[-46.126,-23.7844],[-46.126,-23.7848],[-46.1256,-23.7848],[-46.1256,-23.7852],[-46.1248,-23.7852],[-46.1248,-23.7856],[-46.124,-23.7856],[-46.124,-23.786],[-46.124,-23.7864],[-46.1224,-23.7864],[-46.1212,-23.7864],[-46.1212,-23.7872],[-46.1212,-23.7876],[-46.1208,-23.7876],[-46.1208,-23.788],[-46.1204,-23.788],[-46.1192,-23.7888],[-46.1188,-23.7892],[-46.1184,-23.7896],[-46.118,-23.79],[-46.1176,-23.7904],[-46.1172,-23.7912],[-46.1168,-23.792],[-46.1164,-23.7924],[-46.116,-23.7932],[-46.1156,-23.7936],[-46.1152,-23.7944],[-46.1148,-23.7948]]]}},{"type":"Feature","properties":{"dsubbc":"rio itapanhau","nome":"Rio Itapanhaú"},"geometry":{"type":"Polygon","coordinates":[[[-46.144,-23.7728],[-46.144,-23.7732],[-46.1436,-23.7732],[-46.1436,-23.7736],[-46.1428,-23.7736],[-46.1424,-23.7736],[-46.1424,-23.774],[-46.1416,-23.774],[-46.1412,-23.774],[-46.1412,-23.7744],[-46.1408,-23.7744],[-46.1408,-23.7748],[-46.1404,-23.7748],[-46.1404,-23.7752],[-46.14,-23.7752],[-46.14,-23.7756],[-46.1396,-23.7756],[-46.1396,-23.776],[-46.1392,-23.776],[-46.1392,-23.7764],[-46.1388,-23.7764],[-46.1388,-23.7768],[-46.1376,-23.7768],[-46.1376,-23.7772],[-46.1372,-23.7772],[-46.1372,-23.7776],[-46.1368,-23.7776],[-46.1368,-23.7804],[-46.1364,-23.7804],[-46.1364,-23.7816],[-46.136,-23.7816],[-46.136,-23.7824],[-46.1356,-23.7824],[-46.1356,-23.7828],[-46.1352,-23.7828],[-46.1352,-23.7832],[-46.1348,-23.7832],[-46.1348,-23.7844],[-46.1348,-23.7868],[-46.1344,-23.7868],[-46.1344,-23.7876],[-46.134,-23.7876],[-46.1336,-23.7876],[-46.1336,-23.788],[-46.1336,-23.7884],[-46.1332,-23.7884],[-46.1328,-23.7884],[-46.1328,-23.7888],[-46.1328,-23.7892],[-46.1324,-23.7892],[-46.132,-23.7892],[-46.132,-23.7896],[-46.132,-23.79],[-46.1316,-23.79],[-46.1316,-23.7904],[-46.1312,-23.7904],[-46.1308,-23.7904],[-46.1308,-23.7912],[-46.1304,-23.7912],[-46.1304,-23.7916],[-46.128,-23.7916],[-46.128,-23.792],[-46.1276,-23.792],[-46.1276,-23.7924],[-46.1268,-23.7924],[-46.1268,-23.7928],[-46.1264,-23.7928],[-46.1264,-23.7932],[-46.126,-23.7932],[-46.126,-23.7936],[-46.1256,-23.7936],[-46.1256,-23.794],[-46.1244,-23.794],[-46.1244,-23.7944],[-46.124,-23.7944],[-46.124,-23.7948],[-46.1236,-23.7948],[-46.1236,-23.7952],[-46.1232,-23.7952],[-46.1228,-23.7952],[-46.1228,-23.796],[-46.1228,-23.7972],[-46.1224,-23.7972],[-46.122,-23.798],[-46.1216,-23.7988],[-46.1212,-23.8],[-46.12,-23.8012],[-46.1196,-23.802],[-46.12,-23.802],[-46.1204,-23.8024],[-46.1208,-23.8028],[-46.1212,-23.8032],[-46.1216,-23.8036],[-46.122,-23.804],[-46.1224,-23.804],[-46.1228,-23.8048],[-46.1232,-23.8048],[-46.1236,-23.8048],[-46.1244,-23.8044],[-46.1256,-23.804],[-46.1276,-23.804],[-46.1276,-23.8036],[-46.128,-23.8036],[-46.128,-23.8032],[-46.1288,-23.8032],[-46.1288,-23.8028],[-46.1292,-23.8028],[-46.1292,-23.8024],[-46.1296,-23.8024],[-46.13,-23.8024],[-46.13,-23.802],[-46.13,-23.8016],[-46.1304,-23.8016],[-46.1304,-23.8012],[-46.1308,-23.8012],[-46.1308,-23.8008],[-46.1312,-23.8008],[-46.1312,-23.8004],[-46.1316,-23.8004],[-46.132,-23.8004],[-46.132,-23.8],[-46.132,-23.7996],[-46.1324,-23.7996],[-46.1324,-23.7992],[-46.1328,-23.7992],[-46.1328,-23.7988],[-46.1332,-23.7988],[-46.1332,-23.7984],[-46.1336,-23.7984],[-46.1336,-23.798],[-46.134,-23.798],[-46.134,-23.7976],[-46.1344,-23.7976],[-46.1344,-23.7972],[-46.1348,-23.7972],[-46.1348,-23.7968],[-46.1352,-23.7968],[-46.1352,-23.7964],[-46.1356,-23.7964],[-46.1356,-23.796],[-46.136,-23.796],[-46.136,-23.7956],[-46.1364,-23.7956],[-46.1364,-23.7952],[-46.1368,-23.7952],[-46.1368,-23.7948],[-46.1372,-23.7948],[-46.1372,-23.7944],[-46.1376,-23.7944],[-46.138,-23.7944],[-46.138,-23.794],[-46.1384,-23.794],[-46.1384,-23.7936],[-46.1388,-23.7936],[-46.1388,-23.7932],[-46.1396,-23.7932],[-46.1396,-23.7928],[-46.14,-23.7928],[-46.14,-23.7924],[-46.1404,-23.7924],[-46.1408,-23.7924],[-46.1408,-23.7912],[-46.1408,-23.7884],[-46.1412,-23.7884],[-46.1412,-23.788],[-46.1416,-23.788],[-46.1416,-23.7876],[-46.1428,-23.7876],[-46.1428,-23.7872],[-46.1436,-23.7872],[-46.1436,-23.7868],[-46.1436,-23.7864],[-46.144,-23.7864],[-46.1444,-23.7864],[-46.1444,-23.786],[-46.1456,-23.786],[-46.1456,-23.7856],[-46.1508,-23.7856],[-46.1512,-23.7856],[-46.1516,-23.7856],[-46.1516,-23.7852],[-46.152,-23.7852],[-46.152,-23.7848],[-46.1524,-23.7848],[-46.1524,-23.7844],[-46.1528,-23.7844],[-46.1528,-23.7836],[-46.1524,-23.7836],[-46.1524,-23.7832],[-46.152,-23.7832],[-46.152,-23.782],[-46.1524,-23.782],[-46.1524,-23.7804],[-46.1528,-23.7804],[-46.1528,-23.78],[-46.1528,-23.7796],[-46.1528,-23.7792],[-46.152,-23.7792],[-46.152,-23.7788],[-46.1524,-23.7788],[-46.1524,-23.7784],[-46.1528,-23.7784],[-46.1528,-23.7764],[-46.1524,-23.7764],[-46.1516,-23.7764],[-46.1516,-23.776],[-46.1516,-23.7752],[-46.1512,-23.7752],[-46.1512,-23.7748],[-46.1508,-23.7748],[-46.1508,-23.7744],[-46.1504,-23.7744],[-46.1492,-23.7744],[-46.148,-23.7744],[-46.1476,-23.7744],[-46.1476,-23.774],[-46.1468,-23.774],[-46.1468,-23.7736],[-46.1452,-23.7736],[-46.1448,-23.7736],[-46.1448,-23.7732],[-46.1444,-23.7732],[-46.1444,-23.7728],[-46.144,-23.7728]]]}},{"type":"Feature","properties":{"dsubbc":"rio itapanhau","nome":"Rio Itapanhaú"},"geometry":{"type":"Polygon","coordinates":[[[-46.0764,-23.7856],[-46.0764,-23.7852],[-46.076,-23.7852],[-46.0756,-23.7852],[-46.0752,-23.7852],[-46.0748,-23.7852],[-46.0748,-23.7848],[-46.0748,-23.7844],[-46.0744,-23.7844],[-46.074,-23.7844],[-46.074,-23.784],[-46.0736,-23.784],[-46.0736,-23.7836],[-46.074,-23.7836],[-46.074,-23.7832],[-46.0728,-23.7836],[-46.072,-23.7844],[-46.0716,-23.7852],[-46.0712,-23.786],[-46.0708,-23.7872],[-46.0704,-23.788],[-46.0688,-23.788],[-46.0676,-23.7876],[-46.0668,-23.7876],[-46.066,-23.7876],[-46.0652,-23.7872],[-46.0644,-23.7864],[-46.0636,-23.7868],[-46.0624,-23.7868],[-46.0616,-23.7868],[-46.0604,-23.7868],[-46.0596,-23.7868],[-46.0584,-23.7872],[-46.058,-23.7868],[-46.0576,-23.7864],[-46.0572,-23.7856],[-46.0568,-23.7848],[-46.056,-23.784],[-46.0548,-23.7836],[-46.0536,-23.784],[-46.0524,-23.784],[-46.0516,-23.7832],[-46.0512,-23.7828],[-46.0504,-23.782],[-46.05,-23.7812],[-46.0492,-23.78],[-46.048,-23.7788],[-46.0468,-23.778],[-46.0452,-23.7768],[-46.0428,-23.776],[-46.042,-23.776],[-46.0408,-23.776],[-46.0392,-23.7764],[-46.0384,-23.776],[-46.0364,-23.7748],[-46.0356,-23.774],[-46.0336,-23.7732],[-46.032,-23.7724],[-46.0312,-23.7732],[-46.0308,-23.774],[-46.0316,-23.7748],[-46.032,-23.776],[-46.0328,-23.7768],[-46.0336,-23.7776],[-46.0348,-23.778],[-46.0356,-23.7784],[-46.0372,-23.7792],[-46.0384,-23.7792],[-46.04,-23.7792],[-46.0412,-23.7792],[-46.0424,-23.7792],[-46.0436,-23.7796],[-46.044,-23.7804],[-46.0444,-23.7812],[-46.046,-23.7824],[-46.0472,-23.7836],[-46.0484,-23.7848],[-46.0492,-23.7856],[-46.0516,-23.7868],[-46.0532,-23.7872],[-46.0548,-23.7876],[-46.0552,-23.788],[-46.0568,-23.7892],[-46.0588,-23.7896],[-46.0608,-23.79],[-46.0632,-23.79],[-46.0648,-23.79],[-46.0668,-23.7904],[-46.0684,-23.7908],[-46.0696,-23.7916],[-46.0712,-23.792],[-46.0724,-23.792],[-46.0736,-23.7916],[-46.074,-23.7908],[-46.0744,-23.7896],[-46.0748,-23.7888],[-46.0756,-23.7876],[-46.076,-23.7868],[-46.0764,-23.7856]]]}},{"type":"Feature","properties":{"dsubbc":"rio itapanhau","nome":"Rio Itapanhaú"},"geometry":{"type":"Polygon","coordinates":[[[-46.06,-23.7764],[-46.06,-23.776],[-46.0596,-23.7756],[-46.0592,-23.7756],[-46.0592,-23.7752],[-46.0588,-23.7748],[-46.0584,-23.7748],[-46.058,-23.7748],[-46.0576,-23.7748],[-46.0572,-23.7748],[-46.0572,-23.7744],[-46.0568,-23.774],[-46.0572,-23.7736],[-46.0572,-23.7732],[-46.0572,-23.7728],[-46.0564,-23.7728],[-46.0564,-23.7724],[-46.0568,-23.7724],[-46.0568,-23.772],[-46.0564,-23.772],[-46.0564,-23.7724],[-46.056,-23.7724],[-46.0556,-23.772],[-46.0552,-23.772],[-46.0548,-23.772],[-46.0544,-23.7716],[-46.0544,-23.772],[-46.054,-23.7724],[-46.0536,-23.7728],[-46.054,-23.7732],[-46.0544,-23.7736],[-46.054,-23.7736],[-46.054,-23.774],[-46.054,-23.7744],[-46.054,-23.7748],[-46.0536,-23.7748],[-46.0536,-23.7752],[-46.054,-23.7752],[-46.0544,-23.7756],[-46.0544,-23.776],[-46.0536,-23.776],[-46.0536,-23.7764],[-46.054,-23.7764],[-46.0544,-23.7768],[-46.054,-23.7772],[-46.0544,-23.7772],[-46.0548,-23.7772],[-46.0552,-23.7768],[-46.0552,-23.7764],[-46.0556,-23.7764],[-46.056,-23.7764],[-46.0564,-23.7764],[-46.0564,-23.7768],[-46.0572,-23.7764],[-46.0576,-23.7768],[-46.058,-23.7768],[-46.0584,-23.7768],[-46.0588,-23.7768],[-46.0592,-23.7772],[-46.0596,-23.7772],[-46.0596,-23.7768],[-46.0596,-23.7764],[-46.06,-23.7764]]]}},{"type":"Feature","properties":{"dsubbc":"rio itapanhau","nome":"Rio Itapanhaú"},"geometry":{"type":"Polygon","coordinates":[[[-46.112,-23.7928],[-46.1124,-23.7924],[-46.1128,-23.7924],[-46.1132,-23.7924],[-46.1136,-23.7928],[-46.114,-23.7928],[-46.1144,-23.7936],[-46.1144,-23.794],[-46.1148,-23.7948],[-46.1152,-23.7944],[-46.1156,-23.7936],[-46.116,-23.7932],[-46.1164,-23.7924],[-46.1168,-23.792],[-46.1172,-23.7912],[-46.1176,-23.7904],[-46.118,-23.79],[-46.1184,-23.7896],[-46.1188,-23.7892],[-46.1192,-23.7888],[-46.1204,-23.788],[-46.1208,-23.788],[-46.1208,-23.7876],[-46.1212,-23.7876],[-46.1212,-23.7872],[-46.1212,-23.7864],[-46.1224,-23.7864],[-46.124,-23.7864],[-46.124,-23.786],[-46.124,-23.7856],[-46.1248,-23.7856],[-46.1248,-23.7852],[-46.1256,-23.7852],[-46.1256,-23.7848],[-46.126,-23.7848],[-46.126,-23.7844],[-46.1268,-23.7844],[-46.1268,-23.784],[-46.1276,-23.784],[-46.1276,-23.7836],[-46.1288,-23.7836],[-46.1288,-23.7832],[-46.1296,-23.7832],[-46.1296,-23.7828],[-46.13,-23.7828],[-46.13,-23.7824],[-46.1304,-23.7824],[-46.1308,-23.7824],[-46.1308,-23.7816],[-46.1312,-23.7816],[-46.1312,-23.7812],[-46.1316,-23.7812],[-46.1316,-23.7808],[-46.132,-23.7808],[-46.132,-23.7804],[-46.1324,-23.7804],[-46.1324,-23.78],[-46.1328,-23.78],[-46.1328,-23.7796],[-46.1332,-23.7796],[-46.1332,-23.7792],[-46.1336,-23.7792],[-46.1336,-23.7788],[-46.1336,-23.7784],[-46.134,-23.7784],[-46.1348,-23.7784],[-46.1348,-23.778],[-46.1348,-23.7776],[-46.1356,-23.7776],[-46.136,-23.7776],[-46.136,-23.7772],[-46.1368,-23.7772],[-46.1368,-23.7768],[-46.1376,-23.7768],[-46.1388,-23.7768],[-46.1388,-23.7764],[-46.1392,-23.7764],[-46.1392,-23.776],[-46.1396,-23.776],[-46.1396,-23.7756],[-46.14,-23.7756],[-46.14,-23.7752],[-46.1404,-23.7752],[-46.1404,-23.7748],[-46.1408,-23.7748],[-46.1408,-23.7744],[-46.1412,-23.7744],[-46.1412,-23.774],[-46.1416,-23.774],[-46.1424,-23.774],[-46.1424,-23.7736],[-46.1428,-23.7736],[-46.1436,-23.7736],[-46.1436,-23.7732],[-46.144,-23.7732],[-46.144,-23.7728],[-46.144,-23.7724],[-46.1436,-23.7724],[-46.1436,-23.7716],[-46.1428,-23.7716],[-46.1428,-23.7712],[-46.1424,-23.7712],[-46.1424,-23.7708],[-46.142,-23.7708],[-46.142,-23.7704],[-46.1416,-23.7704],[-46.1416,-23.77],[-46.1416,-23.7696],[-46.1408,-23.7696],[-46.1408,-23.7692],[-46.1404,-23.7692],[-46.1404,-23.7688],[-46.14,-23.7688],[-46.14,-23.7684],[-46.1396,-23.7684],[-46.1384,-23.7684],[-46.1372,-23.7684],[-46.1372,-23.7688],[-46.1364,-23.7688],[-46.1364,-23.7692],[-46.1348,-23.7692],[-46.1348,-23.7696],[-46.1344,-23.7696],[-46.1344,-23.77],[-46.134,-23.77],[-46.134,-23.7704],[-46.1336,-23.7704],[-46.1336,-23.7708],[-46.132,-23.7708],[-46.132,-23.7712],[-46.1308,-23.7712],[-46.1308,-23.7716],[-46.1304,-23.7716],[-46.13,-23.7716],[-46.13,-23.772],[-46.1296,-23.772],[-46.1296,-23.7724],[-46.1292,-23.7724],[-46.1288,-23.7724],[-46.1288,-23.7728],[-46.1288,-23.7732],[-46.1284,-23.7732],[-46.128,-23.7732],[-46.128,-23.7736],[-46.1276,-23.7736],[-46.126,-23.7736],[-46.126,-23.774],[-46.1248,-23.774],[-46.1248,-23.7744],[-46.124,-23.7744],[-46.1232,-23.7744],[-46.1228,-23.7752],[-46.1224,-23.776],[-46.122,-23.7764],[-46.1216,-23.7764],[-46.1212,-23.7768],[-46.1212,-23.7776],[-46.1208,-23.778],[-46.1204,-23.7784],[-46.12,-23.7792],[-46.1196,-23.7796],[-46.1192,-23.78],[-46.1188,-23.7804],[-46.1184,-23.7812],[-46.118,-23.7816],[-46.1176,-23.7824],[-46.1168,-23.7832],[-46.1164,-23.7836],[-46.116,-23.7844],[-46.1156,-23.7852],[-46.1152,-23.7856],[-46.1148,-23.7864],[-46.114,-23.7872],[-46.114,-23.7876],[-46.1132,-23.7888],[-46.1124,-23.7896],[-46.1124,-23.7904],[-46.112,-23.7908],[-46.112,-23.7912],[-46.112,-23.7916],[-46.112,-23.792],[-46.112,-23.7924],[-46.112,-23.7928]]]}},{"type":"Feature","properties":{"dsubbc":"rio itapanhau","nome":"Rio Itapanhaú"},"geometry":{"type":"Polygon","coordinates":[[[-46.096,-23.7644],[-46.0952,-23.7644],[-46.0952,-23.7648],[-46.0948,-23.7648],[-46.0948,-23.7652],[-46.0944,-23.7652],[-46.0944,-23.7656],[-46.094,-23.7656],[-46.094,-23.766],[-46.0936,-23.766],[-46.0936,-23.7664],[-46.0932,-23.7664],[-46.0932,-23.7668],[-46.0928,-23.7668],[-46.0928,-23.7672],[-46.0924,-23.7672],[-46.0924,-23.7676],[-46.092,-23.7676],[-46.0916,-23.7676],[-46.0916,-23.768],[-46.0912,-23.768],[-46.0912,-23.7684],[-46.0908,-23.7684],[-46.0904,-23.7684],[-46.0904,-23.7712],[-46.09,-23.7712],[-46.09,-23.7736],[-46.09,-23.7744],[-46.0896,-23.7744],[-46.0892,-23.7744],[-46.0892,-23.7748],[-46.0892,-23.7752],[-46.0884,-23.7752],[-46.0884,-23.7756],[-46.088,-23.7756],[-46.0876,-23.7756],[-46.0876,-23.776],[-46.0872,-23.776],[-46.0872,-23.7764],[-46.0868,-23.7764],[-46.086,-23.7764],[-46.086,-23.7768],[-46.086,-23.7772],[-46.0856,-23.7772],[-46.0856,-23.778],[-46.0852,-23.778],[-46.0852,-23.7784],[-46.0852,-23.7788],[-46.0844,-23.7788],[-46.0844,-23.7792],[-46.084,-23.7792],[-46.084,-23.7796],[-46.0832,-23.7796],[-46.0832,-23.78],[-46.0832,-23.7804],[-46.0828,-23.7804],[-46.0824,-23.7804],[-46.0824,-23.7816],[-46.082,-23.7824],[-46.082,-23.7828],[-46.082,-23.7836],[-46.0824,-23.7836],[-46.0824,-23.784],[-46.0828,-23.784],[-46.0832,-23.784],[-46.0836,-23.7844],[-46.084,-23.7844],[-46.0844,-23.7848],[-46.0848,-23.7848],[-46.0852,-23.7848],[-46.0856,-23.7848],[-46.086,-23.7848],[-46.0864,-23.7848],[-46.0868,-23.7844],[-46.0872,-23.7844],[-46.0872,-23.7848],[-46.0876,-23.7848],[-46.088,-23.7852],[-46.0884,-23.7852],[-46.0888,-23.7852],[-46.0892,-23.7856],[-46.0896,-23.7856],[-46.09,-23.7856],[-46.09,-23.786],[-46.0904,-23.786],[-46.0904,-23.7864],[-46.0908,-23.7864],[-46.0908,-23.7868],[-46.0908,-23.7872],[-46.0908,-23.7876],[-46.0904,-23.7876],[-46.09,-23.7876],[-46.0896,-23.7876],[-46.0896,-23.7872],[-46.0892,-23.7872],[-46.0888,-23.7872],[-46.0884,-23.7868],[-46.088,-23.7864],[-46.0876,-23.7864],[-46.0872,-23.7864],[-46.0868,-23.7864],[-46.0868,-23.7868],[-46.0864,-23.7868],[-46.086,-23.7872],[-46.086,-23.7876],[-46.0856,-23.7876],[-46.0856,-23.788],[-46.0852,-23.788],[-46.0852,-23.7884],[-46.0848,-23.7884],[-46.0844,-23.7884],[-46.0844,-23.7888],[-46.0844,-23.7892],[-46.0848,-23.7892],[-46.0852,-23.7892],[-46.0856,-23.7892],[-46.086,-23.7892],[-46.086,-23.7888],[-46.0864,-23.7888],[-46.0868,-23.7888],[-46.0872,-23.7888],[-46.0876,-23.7888],[-46.088,-23.7888],[-46.0888,-23.7888],[-46.0892,-23.7888],[-46.0896,-23.7888],[-46.09,-23.7888],[-46.09,-23.7892],[-46.0904,-23.7892],[-46.0908,-23.7892],[-46.0908,-23.7896],[-46.0916,-23.7892],[-46.092,-23.7892],[-46.0924,-23.7888],[-46.0928,-23.7888],[-46.0932,-23.7884],[-46.0936,-23.7884],[-46.0936,-23.788],[-46.094,-23.788],[-46.094,-23.7876],[-46.0948,-23.7876],[-46.0948,-23.7872],[-46.0952,-23.7872],[-46.0952,-23.7868],[-46.0952,-23.7864],[-46.0956,-23.7864],[-46.096,-23.7864],[-46.096,-23.786],[-46.096,-23.7856],[-46.0964,-23.7856],[-46.0968,-23.7856],[-46.0968,-23.7848],[-46.0968,-23.7844],[-46.0972,-23.7844],[-46.0972,-23.784],[-46.0972,-23.7832],[-46.0976,-23.7832],[-46.0976,-23.7824],[-46.098,-23.7824],[-46.098,-23.7816],[-46.098,-23.7812],[-46.0984,-23.7812],[-46.0984,-23.7808],[-46.0988,-23.7808],[-46.0988,-23.7804],[-46.0992,-23.7804],[-46.0992,-23.7796],[-46.0992,-23.7784],[-46.0996,-23.7784],[-46.0996,-23.7776],[-46.1,-23.7776],[-46.1,-23.7772],[-46.1,-23.7764],[-46.1004,-23.7764],[-46.1004,-23.7744],[-46.1,-23.7744],[-46.1,-23.7708],[-46.1,-23.7704],[-46.0996,-23.7704],[-46.0996,-23.77],[-46.0992,-23.77],[-46.0992,-23.7696],[-46.0996,-23.7696],[-46.0992,-23.7696],[-46.0992,-23.7688],[-46.0992,-23.7684],[-46.0988,-23.7684],[-46.0988,-23.7664],[-46.0984,-23.7664],[-46.0984,-23.766],[-46.0984,-23.7656],[-46.098,-23.7656],[-46.0972,-23.7656],[-46.0972,-23.7652],[-46.0972,-23.7648],[-46.0968,-23.7648],[-46.0968,-23.7644],[-46.0964,-23.7644],[-46.096,-23.7644]]]}},{"type":"Feature","properties":{"dsubbc":"rio itapanhau","nome":"Rio Itapanhaú"},"geometry":{"type":"Polygon","coordinates":[[[-46.064,-23.7784],[-46.0648,-23.7784],[-46.0652,-23.7788],[-46.0652,-23.7792],[-46.0652,-23.7796],[-46.0656,-23.7796],[-46.066,-23.7792],[-46.0664,-23.7792],[-46.0668,-23.7796],[-46.0672,-23.7796],[-46.0676,-23.7796],[-46.0684,-23.7796],[-46.0684,-23.78],[-46.0688,-23.78],[-46.0692,-23.7796],[-46.0692,-23.7792],[-46.0696,-23.7792],[-46.0696,-23.7796],[-46.0696,-23.78],[-46.0696,-23.7804],[-46.07,-23.7808],[-46.07,-23.7804],[-46.0704,-23.7804],[-46.0704,-23.78],[-46.0704,-23.7796],[-46.0708,-23.78],[-46.0712,-23.78],[-46.0712,-23.7804],[-46.0716,-23.7804],[-46.0716,-23.78],[-46.0716,-23.7796],[-46.0716,-23.7792],[-46.072,-23.7792],[-46.072,-23.7796],[-46.0724,-23.78],[-46.0724,-23.7804],[-46.0724,-23.7808],[-46.0728,-23.7808],[-46.0728,-23.7812],[-46.0732,-23.7812],[-46.0732,-23.7816],[-46.0736,-23.7816],[-46.074,-23.782],[-46.0744,-23.782],[-46.074,-23.782],[-46.0736,-23.7824],[-46.0736,-23.7828],[-46.074,-23.7828],[-46.0744,-23.7828],[-46.0744,-23.7832],[-46.074,-23.7832],[-46.074,-23.7836],[-46.0736,-23.7836],[-46.0736,-23.784],[-46.074,-23.784],[-46.074,-23.7844],[-46.0744,-23.7844],[-46.0748,-23.7844],[-46.0748,-23.7848],[-46.0748,-23.7852],[-46.0752,-23.7852],[-46.0756,-23.7852],[-46.076,-23.7852],[-46.0764,-23.7852],[-46.0764,-23.7856],[-46.0768,-23.7856],[-46.0772,-23.7856],[-46.0772,-23.7852],[-46.0768,-23.7852],[-46.0768,-23.7848],[-46.0772,-23.7848],[-46.0776,-23.7848],[-46.0776,-23.7852],[-46.078,-23.7852],[-46.078,-23.7856],[-46.078,-23.786],[-46.078,-23.7864],[-46.0784,-23.7868],[-46.0788,-23.7868],[-46.0788,-23.7872],[-46.0792,-23.7872],[-46.0792,-23.7876],[-46.0792,-23.788],[-46.0796,-23.788],[-46.0796,-23.7884],[-46.08,-23.7884],[-46.08,-23.7888],[-46.0804,-23.7888],[-46.0804,-23.7884],[-46.08,-23.788],[-46.08,-23.7876],[-46.08,-23.7872],[-46.08,-23.7868],[-46.08,-23.7864],[-46.08,-23.786],[-46.08,-23.7856],[-46.08,-23.7852],[-46.0804,-23.7852],[-46.0808,-23.7852],[-46.0808,-23.7856],[-46.0812,-23.7856],[-46.0812,-23.786],[-46.0816,-23.786],[-46.082,-23.786],[-46.082,-23.7856],[-46.082,-23.7852],[-46.0816,-23.7848],[-46.0812,-23.7848],[-46.0808,-23.7848],[-46.0804,-23.7844],[-46.08,-23.7844],[-46.0796,-23.7844],[-46.0796,-23.784],[-46.0792,-23.784],[-46.0792,-23.7836],[-46.0792,-23.7832],[-46.0784,-23.7832],[-46.078,-23.782],[-46.0776,-23.7816],[-46.0772,-23.7808],[-46.0772,-23.7804],[-46.0768,-23.78],[-46.0768,-23.7792],[-46.0768,-23.778],[-46.0764,-23.7768],[-46.076,-23.776],[-46.0756,-23.7748],[-46.0752,-23.774],[-46.0752,-23.7732],[-46.0748,-23.7728],[-46.0748,-23.772],[-46.0744,-23.7712],[-46.0744,-23.7704],[-46.0744,-23.7696],[-46.0744,-23.7684],[-46.074,-23.7672],[-46.0736,-23.7668],[-46.0732,-23.766],[-46.0728,-23.7652],[-46.0728,-23.7644],[-46.0724,-23.7636],[-46.0716,-23.7628],[-46.0712,-23.7616],[-46.0708,-23.7608],[-46.07,-23.76],[-46.07,-23.7592],[-46.0692,-23.7584],[-46.0692,-23.7608],[-46.068,-23.762],[-46.0672,-23.764],[-46.0672,-23.7668],[-46.0672,-23.7704],[-46.066,-23.7732],[-46.0656,-23.7744],[-46.0652,-23.7772],[-46.064,-23.7784]]]}},{"type":"Feature","properties":{"dsubbc":"rio itapanhau","nome":"Rio Itapanhaú"},"geometry":{"type":"Polygon","coordinates":[[[-46.054,-23.7512],[-46.054,-23.7524],[-46.054,-23.7528],[-46.054,-23.7536],[-46.054,-23.7544],[-46.054,-23.7548],[-46.054,-23.7552],[-46.054,-23.7556],[-46.0536,-23.7556],[-46.0536,-23.756],[-46.0532,-23.756],[-46.0528,-23.7564],[-46.0524,-23.7568],[-46.0524,-23.7572],[-46.052,-23.7576],[-46.0516,-23.758],[-46.0516,-23.7584],[-46.0512,-23.7588],[-46.0512,-23.7596],[-46.0504,-23.7604],[-46.0496,-23.7608],[-46.0492,-23.7608],[-46.0484,-23.7608],[-46.048,-23.7596],[-46.0476,-23.7592],[-46.0476,-23.7596],[-46.0472,-23.7596],[-46.0472,-23.76],[-46.0468,-23.7604],[-46.0464,-23.7608],[-46.046,-23.7608],[-46.046,-23.7612],[-46.046,-23.7616],[-46.046,-23.762],[-46.0456,-23.762],[-46.0452,-23.762],[-46.0448,-23.762],[-46.0444,-23.762],[-46.0444,-23.7624],[-46.0448,-23.7628],[-46.046,-23.7636],[-46.046,-23.764],[-46.0456,-23.764],[-46.0456,-23.7644],[-46.0452,-23.7644],[-46.0452,-23.7648],[-46.0452,-23.7652],[-46.0456,-23.7656],[-46.0456,-23.766],[-46.046,-23.766],[-46.0468,-23.7656],[-46.0472,-23.7652],[-46.0476,-23.7648],[-46.0476,-23.7644],[-46.048,-23.7644],[-46.048,-23.7648],[-46.048,-23.7652],[-46.0476,-23.7656],[-46.0472,-23.7664],[-46.0468,-23.7668],[-46.0464,-23.7668],[-46.0464,-23.7672],[-46.046,-23.7676],[-46.0452,-23.7676],[-46.0448,-23.7676],[-46.0448,-23.768],[-46.0448,-23.7684],[-46.0452,-23.7684],[-46.0456,-23.7684],[-46.046,-23.7688],[-46.0464,-23.7688],[-46.0468,-23.7688],[-46.0472,-23.7688],[-46.0476,-23.7688],[-46.048,-23.7692],[-46.048,-23.7696],[-46.0472,-23.7696],[-46.0468,-23.7696],[-46.0464,-23.77],[-46.0464,-23.7704],[-46.0468,-23.7704],[-46.0476,-23.7704],[-46.048,-23.7704],[-46.0488,-23.7708],[-46.0492,-23.7708],[-46.0496,-23.7708],[-46.05,-23.7708],[-46.05,-23.7712],[-46.0504,-23.7712],[-46.0504,-23.7716],[-46.0504,-23.772],[-46.0508,-23.7724],[-46.0516,-23.772],[-46.052,-23.772],[-46.0528,-23.7724],[-46.0532,-23.7724],[-46.0532,-23.772],[-46.0536,-23.772],[-46.0536,-23.7716],[-46.054,-23.7712],[-46.0544,-23.7712],[-46.0544,-23.7716],[-46.0548,-23.772],[-46.0552,-23.772],[-46.0556,-23.772],[-46.056,-23.7724],[-46.0564,-23.7724],[-46.0564,-23.772],[-46.0568,-23.772],[-46.0568,-23.7724],[-46.0564,-23.7724],[-46.0564,-23.7728],[-46.0572,-23.7728],[-46.0572,-23.7732],[-46.0572,-23.7736],[-46.0568,-23.774],[-46.0572,-23.7744],[-46.0572,-23.7748],[-46.0576,-23.7748],[-46.058,-23.7748],[-46.0584,-23.7748],[-46.0588,-23.7748],[-46.0592,-23.7752],[-46.0592,-23.7756],[-46.0596,-23.7756],[-46.06,-23.776],[-46.06,-23.7764],[-46.0608,-23.7772],[-46.0612,-23.7776],[-46.0616,-23.7776],[-46.0616,-23.7772],[-46.0616,-23.7768],[-46.0616,-23.7764],[-46.0616,-23.776],[-46.0616,-23.7756],[-46.062,-23.7756],[-46.062,-23.776],[-46.0624,-23.7764],[-46.0624,-23.7768],[-46.0624,-23.7772],[-46.0624,-23.7776],[-46.0628,-23.7776],[-46.0632,-23.7772],[-46.0636,-23.7768],[-46.064,-23.7768],[-46.064,-23.7772],[-46.064,-23.7776],[-46.064,-23.778],[-46.064,-23.7784],[-46.0652,-23.7772],[-46.0656,-23.7744],[-46.066,-23.7732],[-46.0672,-23.7704],[-46.0672,-23.7668],[-46.0672,-23.764],[-46.068,-23.762],[-46.0692,-23.7608],[-46.0692,-23.7584],[-46.0692,-23.756],[-46.0692,-23.7544],[-46.0688,-23.7544],[-46.0688,-23.7516],[-46.0692,-23.7516],[-46.0692,-23.7512],[-46.0692,-23.7508],[-46.0688,-23.7508],[-46.0688,-23.7504],[-46.0684,-23.7504],[-46.0684,-23.75],[-46.068,-23.75],[-46.068,-23.7496],[-46.0608,-23.7496],[-46.0608,-23.75],[-46.058,-23.75],[-46.0572,-23.75],[-46.0564,-23.75],[-46.056,-23.75],[-46.0556,-23.7504],[-46.0548,-23.7508],[-46.0544,-23.7508],[-46.054,-23.7512]]]}},{"type":"Feature","properties":{"dsubbc":"rio itapanhau","nome":"Rio Itapanhaú"},"geometry":{"type":"Polygon","coordinates":[[[-45.9952,-23.7996],[-45.9956,-23.7996],[-45.9956,-23.8],[-45.996,-23.8],[-45.996,-23.8004],[-45.9968,-23.8004],[-45.9976,-23.8004],[-45.9976,-23.8008],[-45.9976,-23.8012],[-45.998,-23.8012],[-45.998,-23.8016],[-45.9984,-23.8016],[-45.9984,-23.802],[-45.9988,-23.802],[-45.9988,-23.8024],[-45.9996,-23.8024],[-46.0,-23.8024],[-46.0004,-23.802],[-46.0004,-23.8008],[-46.0008,-23.8],[-46.0012,-23.7996],[-46.002,-23.7992],[-46.0032,-23.7992],[-46.0036,-23.7992],[-46.0048,-23.7992],[-46.0056,-23.7992],[-46.0064,-23.7992],[-46.0072,-23.7992],[-46.0076,-23.7992],[-46.0084,-23.7996],[-46.0088,-23.7996],[-46.0096,-23.8],[-46.0132,-23.8012],[-46.014,-23.8016],[-46.0144,-23.8016],[-46.0152,-23.802],[-46.0156,-23.802],[-46.0164,-23.8024],[-46.0172,-23.8024],[-46.0184,-23.8028],[-46.0192,-23.8032],[-46.02,-23.8032],[-46.0212,-23.8036],[-46.022,-23.804],[-46.0228,-23.804],[-46.0236,-23.8044],[-46.024,-23.8044],[-46.0244,-23.8048],[-46.0252,-23.8052],[-46.0264,-23.806],[-46.0272,-23.8064],[-46.028,-23.8068],[-46.0288,-23.8072],[-46.0296,-23.8076],[-46.0312,-23.8084],[-46.032,-23.8088],[-46.0332,-23.8096],[-46.034,-23.81],[-46.0344,-23.8104],[-46.0352,-23.8108],[-46.036,-23.8116],[-46.0364,-23.812],[-46.0368,-23.8124],[-46.0376,-23.8132],[-46.038,-23.8136],[-46.038,-23.814],[-46.0384,-23.8144],[-46.0388,-23.8152],[-46.0388,-23.8156],[-46.0392,-23.8164],[-46.0392,-23.8168],[-46.0392,-23.8172],[-46.0392,-23.8184],[-46.0388,-23.8188],[-46.0388,-23.8192],[-46.0384,-23.82],[-46.0392,-23.8204],[-46.0396,-23.8212],[-46.04,-23.8216],[-46.0408,-23.8232],[-46.0408,-23.824],[-46.042,-23.8252],[-46.044,-23.8284],[-46.046,-23.8296],[-46.0492,-23.8296],[-46.0512,-23.8288],[-46.0512,-23.8284],[-46.0508,-23.8284],[-46.0504,-23.8284],[-46.0504,-23.828],[-46.05,-23.828],[-46.0488,-23.8284],[-46.0484,-23.8284],[-46.048,-23.8284],[-46.0476,-23.8284],[-46.0472,-23.8284],[-46.0472,-23.828],[-46.0468,-23.828],[-46.0468,-23.8276],[-46.0468,-23.8272],[-46.0464,-23.8268],[-46.0464,-23.8264],[-46.0464,-23.826],[-46.046,-23.826],[-46.0456,-23.826],[-46.0452,-23.8256],[-46.0448,-23.8256],[-46.0444,-23.8252],[-46.0444,-23.8248],[-46.0444,-23.8244],[-46.0444,-23.8236],[-46.0448,-23.8232],[-46.0448,-23.8224],[-46.0456,-23.8216],[-46.0456,-23.8212],[-46.046,-23.8208],[-46.0468,-23.82],[-46.0472,-23.8196],[-46.0476,-23.8188],[-46.0484,-23.8188],[-46.0492,-23.8176],[-46.0504,-23.8168],[-46.0512,-23.816],[-46.052,-23.8156],[-46.0528,-23.8152],[-46.0536,-23.8148],[-46.0552,-23.8144],[-46.056,-23.814],[-46.0568,-23.814],[-46.0576,-23.8136],[-46.0584,-23.8136],[-46.06,-23.8136],[-46.0612,-23.8136],[-46.0624,-23.8136],[-46.064,-23.814],[-46.0656,-23.814],[-46.0664,-23.814],[-46.0672,-23.814],[-46.0676,-23.8144],[-46.068,-23.8144],[-46.0684,-23.8144],[-46.0692,-23.8148],[-46.07,-23.8152],[-46.0708,-23.8152],[-46.0716,-23.8156],[-46.0724,-23.8156],[-46.0736,-23.816],[-46.0752,-23.8164],[-46.076,-23.8168],[-46.0768,-23.8172],[-46.0776,-23.8176],[-46.0804,-23.8184],[-46.082,-23.8188],[-46.0828,-23.8192],[-46.084,-23.82],[-46.0852,-23.8204],[-46.0856,-23.8204],[-46.086,-23.8204],[-46.0864,-23.8208],[-46.0876,-23.8212],[-46.0884,-23.8212],[-46.09,-23.822],[-46.092,-23.8228],[-46.0932,-23.8232],[-46.0948,-23.824],[-46.0964,-23.8248],[-46.0984,-23.8256],[-46.0992,-23.826],[-46.1,-23.826],[-46.1008,-23.8264],[-46.1024,-23.8272],[-46.1032,-23.8276],[-46.104,-23.828],[-46.1044,-23.828],[-46.1048,-23.8284],[-46.106,-23.8288],[-46.1068,-23.8296],[-46.1072,-23.8296],[-46.1076,-23.8296],[-46.108,-23.83],[-46.1084,-23.83],[-46.1088,-23.8304],[-46.1104,-23.8308],[-46.112,-23.8316],[-46.1128,-23.832],[-46.114,-23.8328],[-46.1148,-23.8332],[-46.1168,-23.8344],[-46.1184,-23.8352],[-46.1204,-23.8364],[-46.122,-23.8376],[-46.1236,-23.8388],[-46.1252,-23.84],[-46.128,-23.8428],[-46.1288,-23.8436],[-46.13,-23.8448],[-46.1308,-23.8456],[-46.1312,-23.846],[-46.1316,-23.8468],[-46.132,-23.8476],[-46.1324,-23.8484],[-46.1328,-23.8488],[-46.1332,-23.8496],[-46.1332,-23.8504],[-46.1336,-23.8512],[-46.1336,-23.8516],[-46.1336,-23.8524],[-46.1328,-23.8564],[-46.1324,-23.8564],[-46.134,-23.8572],[-46.1376,-23.8576],[-46.1408,-23.858],[-46.1436,-23.8584],[-46.144,-23.8584],[-46.1468,-23.8588],[-46.1476,-23.8592],[-46.1496,-23.8596],[-46.1512,-23.8604],[-46.1524,-23.8608],[-46.1532,-23.8612],[-46.154,-23.8616],[-46.1556,-23.8596],[-46.1556,-23.8592],[-46.156,-23.8588],[-46.156,-23.858],[-46.156,-23.8568],[-46.156,-23.8556],[-46.1556,-23.8544],[-46.1552,-23.8528],[-46.1544,-23.8516],[-46.1544,-23.8508],[-46.154,-23.85],[-46.1532,-23.8492],[-46.1524,-23.848],[-46.1516,-23.8472],[-46.1508,-23.8468],[-46.15,-23.8464],[-46.1488,-23.846],[-46.1476,-23.8456],[-46.1456,-23.8452],[-46.1448,-23.8448],[-46.1444,-23.8444],[-46.1436,-23.844],[-46.1432,-23.8432],[-46.1432,-23.8428],[-46.1436,-23.8424],[-46.1436,-23.842],[-46.1444,-23.8416],[-46.1444,-23.8404],[-46.1444,-23.84],[-46.1444,-23.8396],[-46.1448,-23.8392],[-46.1448,-23.8388],[-46.1448,-23.8384],[-46.1448,-23.838],[-46.1444,-23.8376],[-46.1444,-23.8372],[-46.144,-23.8372],[-46.1436,-23.8368],[-46.1436,-23.8364],[-46.1432,-23.8364],[-46.1428,-23.836],[-46.1424,-23.8356],[-46.1416,-23.8356],[-46.1416,-23.8352],[-46.1412,-23.8348],[-46.1412,-23.8344],[-46.1408,-23.8344],[-46.1404,-23.834],[-46.1404,-23.8336],[-46.14,-23.8332],[-46.1396,-23.8328],[-46.1392,-23.8324],[-46.1388,-23.832],[-46.1388,-23.8316],[-46.1392,-23.8312],[-46.1404,-23.8312],[-46.1408,-23.8312],[-46.1408,-23.8316],[-46.1412,-23.832],[-46.1416,-23.8324],[-46.142,-23.8332],[-46.1424,-23.834],[-46.1428,-23.834],[-46.1432,-23.8344],[-46.144,-23.8344],[-46.1444,-23.8348],[-46.1448,-23.8356],[-46.1452,-23.836],[-46.1456,-23.836],[-46.146,-23.8364],[-46.146,-23.8372],[-46.1464,-23.838],[-46.1464,-23.8388],[-46.1468,-23.8392],[-46.1468,-23.8396],[-46.1468,-23.8404],[-46.1468,-23.8412],[-46.1468,-23.8416],[-46.1484,-23.8416],[-46.1492,-23.842],[-46.1496,-23.8416],[-46.15,-23.8416],[-46.1504,-23.8412],[-46.1512,-23.8404],[-46.1512,-23.8396],[-46.1516,-23.8384],[-46.1516,-23.838],[-46.1516,-23.8376],[-46.1516,-23.8372],[-46.1512,-23.8352],[-46.1512,-23.8336],[-46.1512,-23.832],[-46.1508,-23.8312],[-46.1512,-23.8304],[-46.1516,-23.83],[-46.152,-23.8296],[-46.1532,-23.8292],[-46.154,-23.8292],[-46.1556,-23.8292],[-46.156,-23.8292],[-46.1564,-23.8288],[-46.1564,-23.8284],[-46.156,-23.8276],[-46.156,-23.8264],[-46.1552,-23.8248],[-46.1548,-23.8232],[-46.1544,-23.8216],[-46.1544,-23.8204],[-46.154,-23.8196],[-46.154,-23.8192],[-46.1536,-23.8188],[-46.1532,-23.818],[-46.1532,-23.8176],[-46.1524,-23.8172],[-46.1516,-23.8172],[-46.1512,-23.8172],[-46.1508,-23.8172],[-46.1504,-23.8176],[-46.15,-23.818],[-46.1496,-23.8188],[-46.1492,-23.8196],[-46.1484,-23.8204],[-46.148,-23.8212],[-46.1472,-23.822],[-46.1464,-23.8224],[-46.1456,-23.8224],[-46.1452,-23.8224],[-46.1448,-23.822],[-46.1448,-23.8216],[-46.1444,-23.8212],[-46.1448,-23.8208],[-46.1448,-23.82],[-46.1448,-23.8192],[-46.1452,-23.8176],[-46.1452,-23.8168],[-46.1452,-23.8164],[-46.1452,-23.8156],[-46.1452,-23.8152],[-46.1448,-23.8148],[-46.1444,-23.8148],[-46.144,-23.8148],[-46.1432,-23.8148],[-46.1428,-23.8148],[-46.1424,-23.8148],[-46.1416,-23.8152],[-46.1408,-23.8156],[-46.1396,-23.816],[-46.1384,-23.8168],[-46.1372,-23.8168],[-46.1364,-23.8172],[-46.1356,-23.8172],[-46.1352,-23.8168],[-46.1344,-23.8164],[-46.134,-23.816],[-46.1336,-23.8152],[-46.1332,-23.814],[-46.1328,-23.8128],[-46.1328,-23.8116],[-46.132,-23.8104],[-46.132,-23.8096],[-46.1316,-23.8092],[-46.1312,-23.8092],[-46.1312,-23.8088],[-46.1308,-23.8088],[-46.1304,-23.8092],[-46.13,-23.8092],[-46.13,-23.8096],[-46.13,-23.81],[-46.1304,-23.8104],[-46.1304,-23.8108],[-46.1304,-23.8116],[-46.1308,-23.812],[-46.1304,-23.8124],[-46.13,-23.8124],[-46.1296,-23.8128],[-46.1288,-23.8128],[-46.128,-23.8132],[-46.1268,-23.8132],[-46.126,-23.8132],[-46.1252,-23.8132],[-46.1244,-23.8132],[-46.124,-23.8132],[-46.1232,-23.8132],[-46.1228,-23.8136],[-46.1228,-23.814],[-46.122,-23.8144],[-46.122,-23.8148],[-46.1212,-23.8148],[-46.1208,-23.8148],[-46.1204,-23.8148],[-46.12,-23.8148],[-46.1196,-23.8144],[-46.1196,-23.8136],[-46.1192,-23.8128],[-46.1196,-23.8124],[-46.1196,-23.812],[-46.1196,-23.8116],[-46.1188,-23.8104],[-46.1168,-23.8096],[-46.1148,-23.8096],[-46.1128,-23.8116],[-46.11,-23.8124],[-46.1084,-23.8124],[-46.1072,-23.8124],[-46.1064,-23.8112],[-46.1056,-23.8096],[-46.104,-23.8092],[-46.1028,-23.8092],[-46.1004,-23.8112],[-46.0992,-23.8112],[-46.096,-23.8112],[-46.0956,-23.81],[-46.0956,-23.8084],[-46.0952,-23.8064],[-46.0936,-23.804],[-46.0932,-23.8024],[-46.0936,-23.7984],[-46.0948,-23.796],[-46.0936,-23.7956],[-46.0928,-23.7952],[-46.0924,-23.7948],[-46.0916,-23.7944],[-46.0912,-23.7944],[-46.0908,-23.794],[-46.0904,-23.794],[-46.09,-23.7944],[-46.0904,-23.7948],[-46.0904,-23.7952],[-46.0908,-23.7952],[-46.0908,-23.7956],[-46.0908,-23.796],[-46.0908,-23.7964],[-46.0904,-23.7964],[-46.09,-23.7964],[-46.09,-23.796],[-46.0896,-23.796],[-46.0896,-23.7956],[-46.0892,-23.7956],[-46.0888,-23.7956],[-46.0884,-23.7956],[-46.088,-23.796],[-46.0876,-23.7964],[-46.0872,-23.7968],[-46.0872,-23.7972],[-46.0868,-23.7976],[-46.0868,-23.798],[-46.0864,-23.7984],[-46.0864,-23.7988],[-46.0864,-23.7992],[-46.086,-23.7996],[-46.0856,-23.8],[-46.0852,-23.8004],[-46.0856,-23.8008],[-46.086,-23.8008],[-46.0864,-23.8008],[-46.0872,-23.8004],[-46.0876,-23.8004],[-46.088,-23.8],[-46.0884,-23.8],[-46.0888,-23.7996],[-46.0896,-23.8],[-46.09,-23.8012],[-46.0896,-23.802],[-46.0888,-23.8028],[-46.088,-23.8044],[-46.0872,-23.8048],[-46.0864,-23.8056],[-46.0852,-23.8056],[-46.084,-23.8056],[-46.0836,-23.8052],[-46.0836,-23.8048],[-46.0836,-23.804],[-46.0832,-23.8032],[-46.0836,-23.8028],[-46.0836,-23.8024],[-46.0836,-23.802],[-46.084,-23.8016],[-46.084,-23.8012],[-46.084,-23.8008],[-46.0844,-23.8004],[-46.0844,-23.8],[-46.0844,-23.7996],[-46.0844,-23.7992],[-46.0844,-23.7988],[-46.0844,-23.7984],[-46.0848,-23.7976],[-46.0848,-23.7972],[-46.0848,-23.7968],[-46.0848,-23.7964],[-46.0844,-23.796],[-46.0844,-23.7956],[-46.0844,-23.7952],[-46.0848,-23.7952],[-46.0852,-23.7952],[-46.0856,-23.7952],[-46.086,-23.7956],[-46.0864,-23.7956],[-46.0868,-23.7952],[-46.0868,-23.7948],[-46.0868,-23.7944],[-46.0868,-23.794],[-46.0868,-23.7936],[-46.0868,-23.7932],[-46.0872,-23.7928],[-46.0872,-23.7924],[-46.0872,-23.792],[-46.0876,-23.792],[-46.0876,-23.7916],[-46.088,-23.7916],[-46.0884,-23.7916],[-46.0888,-23.7916],[-46.0892,-23.7912],[-46.0896,-23.7912],[-46.09,-23.7908],[-46.0904,-23.7904],[-46.0908,-23.79],[-46.0908,-23.7896],[-46.0908,-23.7892],[-46.0904,-23.7892],[-46.09,-23.7892],[-46.09,-23.7888],[-46.0896,-23.7888],[-46.0892,-23.7888],[-46.0888,-23.7888],[-46.088,-23.7888],[-46.0876,-23.7888],[-46.0872,-23.7888],[-46.0868,-23.7888],[-46.0864,-23.7888],[-46.086,-23.7888],[-46.086,-23.7892],[-46.0856,-23.7892],[-46.0852,-23.7892],[-46.0848,-23.7892],[-46.0844,-23.7892],[-46.0844,-23.7888],[-46.0844,-23.7884],[-46.0848,-23.7884],[-46.0852,-23.7884],[-46.0852,-23.788],[-46.0856,-23.788],[-46.0856,-23.7876],[-46.086,-23.7876],[-46.086,-23.7872],[-46.0864,-23.7868],[-46.0868,-23.7868],[-46.0868,-23.7864],[-46.0872,-23.7864],[-46.0876,-23.7864],[-46.088,-23.7864],[-46.0884,-23.7868],[-46.0888,-23.7872],[-46.0892,-23.7872],[-46.0896,-23.7872],[-46.0896,-23.7876],[-46.09,-23.7876],[-46.0904,-23.7876],[-46.0908,-23.7876],[-46.0908,-23.7872],[-46.0908,-23.7868],[-46.0908,-23.7864],[-46.0904,-23.7864],[-46.0904,-23.786],[-46.09,-23.786],[-46.09,-23.7856],[-46.0896,-23.7856],[-46.0892,-23.7856],[-46.0888,-23.7852],[-46.0884,-23.7852],[-46.088,-23.7852],[-46.0876,-23.7848],[-46.0872,-23.7848],[-46.0872,-23.7844],[-46.0868,-23.7844],[-46.0864,-23.7848],[-46.086,-23.7848],[-46.0856,-23.7848],[-46.0852,-23.7848],[-46.0848,-23.7848],[-46.0844,-23.7848],[-46.084,-23.7844],[-46.0836,-23.7844],[-46.0832,-23.784],[-46.0828,-23.784],[-46.0824,-23.784],[-46.0824,-23.7836],[-46.082,-23.7836],[-46.082,-23.7832],[-46.0816,-23.7832],[-46.0816,-23.7828],[-46.0812,-23.7824],[-46.0808,-23.7824],[-46.0804,-23.7828],[-46.08,-23.7828],[-46.08,-23.7832],[-46.0796,-23.7832],[-46.0792,-23.7832],[-46.0792,-23.7836],[-46.0792,-23.784],[-46.0796,-23.784],[-46.0796,-23.7844],[-46.08,-23.7844],[-46.0804,-23.7844],[-46.0808,-23.7848],[-46.0812,-23.7848],[-46.0816,-23.7848],[-46.082,-23.7852],[-46.082,-23.7856],[-46.082,-23.786],[-46.0816,-23.786],[-46.0812,-23.786],[-46.0812,-23.7856],[-46.0808,-23.7856],[-46.0808,-23.7852],[-46.0804,-23.7852],[-46.08,-23.7852],[-46.08,-23.7856],[-46.08,-23.786],[-46.08,-23.7864],[-46.08,-23.7868],[-46.08,-23.7872],[-46.08,-23.7876],[-46.08,-23.788],[-46.0804,-23.7884],[-46.0804,-23.7888],[-46.08,-23.7888],[-46.08,-23.7884],[-46.0796,-23.7884],[-46.0796,-23.788],[-46.0792,-23.788],[-46.0792,-23.7876],[-46.0792,-23.7872],[-46.0788,-23.7872],[-46.0788,-23.7868],[-46.0784,-23.7868],[-46.078,-23.7864],[-46.078,-23.786],[-46.078,-23.7856],[-46.078,-23.7852],[-46.0776,-23.7852],[-46.0776,-23.7848],[-46.0772,-23.7848],[-46.0768,-23.7848],[-46.0768,-23.7852],[-46.0772,-23.7852],[-46.0772,-23.7856],[-46.0768,-23.7856],[-46.0764,-23.7856],[-46.076,-23.7868],[-46.0756,-23.7876],[-46.0748,-23.7888],[-46.0744,-23.7896],[-46.074,-23.7908],[-46.0736,-23.7916],[-46.0724,-23.792],[-46.0712,-23.792],[-46.0696,-23.7916],[-46.0684,-23.7908],[-46.0668,-23.7904],[-46.0648,-23.79],[-46.0632,-23.79],[-46.0608,-23.79],[-46.0588,-23.7896],[-46.0568,-23.7892],[-46.0552,-23.788],[-46.0548,-23.7876],[-46.0532,-23.7872],[-46.0516,-23.7868],[-46.0492,-23.7856],[-46.0484,-23.7848],[-46.0472,-23.7836],[-46.046,-23.7824],[-46.0444,-23.7812],[-46.044,-23.7804],[-46.0436,-23.7796],[-46.0424,-23.7792],[-46.0412,-23.7792],[-46.04,-23.7792],[-46.0384,-23.7792],[-46.0372,-23.7792],[-46.0356,-23.7784],[-46.0348,-23.778],[-46.0336,-23.7776],[-46.0328,-23.7768],[-46.032,-23.776],[-46.0316,-23.7748],[-46.0308,-23.774],[-46.0312,-23.7732],[-46.032,-23.7724],[-46.0336,-23.7732],[-46.0356,-23.774],[-46.0364,-23.7748],[-46.0384,-23.776],[-46.0392,-23.7764],[-46.0408,-23.776],[-46.042,-23.776],[-46.0428,-23.776],[-46.0452,-23.7768],[-46.0468,-23.778],[-46.048,-23.7788],[-46.0492,-23.78],[-46.05,-23.7812],[-46.0504,-23.782],[-46.0512,-23.7828],[-46.0516,-23.7832],[-46.0524,-23.784],[-46.0536,-23.784],[-46.0548,-23.7836],[-46.056,-23.784],[-46.0568,-23.7848],[-46.0572,-23.7856],[-46.0576,-23.7864],[-46.058,-23.7868],[-46.0584,-23.7872],[-46.0596,-23.7868],[-46.0604,-23.7868],[-46.0616,-23.7868],[-46.0624,-23.7868],[-46.0636,-23.7868],[-46.0644,-23.7864],[-46.0652,-23.7872],[-46.066,-23.7876],[-46.0668,-23.7876],[-46.0676,-23.7876],[-46.0688,-23.788],[-46.0704,-23.788],[-46.0708,-23.7872],[-46.0712,-23.786],[-46.0716,-23.7852],[-46.072,-23.7844],[-46.0728,-23.7836],[-46.074,-23.7832],[-46.0744,-23.7832],[-46.0744,-23.7828],[-46.074,-23.7828],[-46.0736,-23.7828],[-46.0736,-23.7824],[-46.074,-23.782],[-46.0744,-23.782],[-46.074,-23.782],[-46.0736,-23.7816],[-46.0732,-23.7816],[-46.0732,-23.7812],[-46.0728,-23.7812],[-46.0728,-23.7808],[-46.0724,-23.7808],[-46.0724,-23.7804],[-46.0724,-23.78],[-46.072,-23.7796],[-46.072,-23.7792],[-46.0716,-23.7792],[-46.0716,-23.7796],[-46.0716,-23.78],[-46.0716,-23.7804],[-46.0712,-23.7804],[-46.0712,-23.78],[-46.0708,-23.78],[-46.0704,-23.7796],[-46.0704,-23.78],[-46.0704,-23.7804],[-46.07,-23.7804],[-46.07,-23.7808],[-46.0696,-23.7804],[-46.0696,-23.78],[-46.0696,-23.7796],[-46.0696,-23.7792],[-46.0692,-23.7792],[-46.0692,-23.7796],[-46.0688,-23.78],[-46.0684,-23.78],[-46.0684,-23.7796],[-46.0676,-23.7796],[-46.0672,-23.7796],[-46.0668,-23.7796],[-46.0664,-23.7792],[-46.066,-23.7792],[-46.0656,-23.7796],[-46.0652,-23.7796],[-46.0652,-23.7792],[-46.0652,-23.7788],[-46.0648,-23.7784],[-46.064,-23.7784],[-46.064,-23.778],[-46.064,-23.7776],[-46.064,-23.7772],[-46.064,-23.7768],[-46.0636,-23.7768],[-46.0632,-23.7772],[-46.0628,-23.7776],[-46.0624,-23.7776],[-46.0624,-23.7772],[-46.0624,-23.7768],[-46.0624,-23.7764],[-46.062,-23.776],[-46.062,-23.7756],[-46.0616,-23.7756],[-46.0616,-23.776],[-46.0616,-23.7764],[-46.0616,-23.7768],[-46.0616,-23.7772],[-46.0616,-23.7776],[-46.0612,-23.7776],[-46.0608,-23.7772],[-46.06,-23.7764],[-46.0596,-23.7764],[-46.0596,-23.7768],[-46.0596,-23.7772],[-46.0592,-23.7772],[-46.0588,-23.7768],[-46.0584,-23.7768],[-46.058,-23.7768],[-46.0576,-23.7768],[-46.0572,-23.7764],[-46.0564,-23.7768],[-46.0564,-23.7764],[-46.056,-23.7764],[-46.0556,-23.7764],[-46.0552,-23.7764],[-46.0552,-23.7768],[-46.0548,-23.7772],[-46.0544,-23.7772],[-46.054,-23.7772],[-46.0544,-23.7768],[-46.054,-23.7764],[-46.0536,-23.7764],[-46.0536,-23.776],[-46.0544,-23.776],[-46.0544,-23.7756],[-46.054,-23.7752],[-46.0536,-23.7752],[-46.0536,-23.7748],[-46.054,-23.7748],[-46.054,-23.7744],[-46.054,-23.774],[-46.054,-23.7736],[-46.0544,-23.7736],[-46.054,-23.7732],[-46.0536,-23.7728],[-46.054,-23.7724],[-46.0544,-23.772],[-46.0544,-23.7716],[-46.0544,-23.7712],[-46.054,-23.7712],[-46.0536,-23.7716],[-46.0536,-23.772],[-46.0532,-23.772],[-46.0532,-23.7724],[-46.0528,-23.7724],[-46.052,-23.772],[-46.0516,-23.772],[-46.0508,-23.7724],[-46.0504,-23.772],[-46.0504,-23.7716],[-46.0504,-23.7712],[-46.05,-23.7712],[-46.05,-23.7708],[-46.0496,-23.7708],[-46.0492,-23.7708],[-46.0488,-23.7708],[-46.048,-23.7704],[-46.0476,-23.7704],[-46.0468,-23.7704],[-46.0464,-23.7704],[-46.0464,-23.77],[-46.0468,-23.7696],[-46.0472,-23.7696],[-46.048,-23.7696],[-46.048,-23.7692],[-46.0476,-23.7688],[-46.0472,-23.7688],[-46.0468,-23.7688],[-46.0464,-23.7688],[-46.046,-23.7688],[-46.0456,-23.7684],[-46.0452,-23.7684],[-46.0448,-23.7684],[-46.0448,-23.768],[-46.0448,-23.7676],[-46.0452,-23.7676],[-46.046,-23.7676],[-46.0464,-23.7672],[-46.0464,-23.7668],[-46.0468,-23.7668],[-46.0472,-23.7664],[-46.0476,-23.7656],[-46.048,-23.7652],[-46.048,-23.7648],[-46.048,-23.7644],[-46.0476,-23.7644],[-46.0476,-23.7648],[-46.0472,-23.7652],[-46.0468,-23.7656],[-46.046,-23.766],[-46.0456,-23.766],[-46.0456,-23.7656],[-46.0452,-23.7652],[-46.0452,-23.7648],[-46.0452,-23.7644],[-46.0456,-23.7644],[-46.0456,-23.764],[-46.046,-23.764],[-46.046,-23.7636],[-46.0448,-23.7628],[-46.0444,-23.7624],[-46.0444,-23.762],[-46.0448,-23.762],[-46.0436,-23.7612],[-46.0424,-23.76],[-46.0408,-23.7592],[-46.04,-23.758],[-46.0396,-23.7572],[-46.0392,-23.7564],[-46.0392,-23.7552],[-46.0388,-23.7548],[-46.0388,-23.7544],[-46.0384,-23.7544],[-46.0384,-23.754],[-46.0384,-23.7536],[-46.038,-23.7536],[-46.038,-23.7532],[-46.0376,-23.7528],[-46.0372,-23.7524],[-46.0368,-23.752],[-46.0368,-23.7516],[-46.0364,-23.7512],[-46.036,-23.7508],[-46.036,-23.7504],[-46.036,-23.7496],[-46.0356,-23.7492],[-46.0356,-23.7488],[-46.0356,-23.7484],[-46.036,-23.7472],[-46.0356,-23.7464],[-46.0356,-23.7452],[-46.0356,-23.7456],[-46.0352,-23.746],[-46.0348,-23.7464],[-46.0344,-23.7468],[-46.0344,-23.7472],[-46.034,-23.7476],[-46.0336,-23.748],[-46.0332,-23.7484],[-46.0328,-23.7488],[-46.0324,-23.7496],[-46.032,-23.75],[-46.0312,-23.7508],[-46.0312,-23.7528],[-46.0308,-23.754],[-46.03,-23.7552],[-46.0296,-23.7568],[-46.0284,-23.7592],[-46.0272,-23.7612],[-46.0268,-23.7636],[-46.0256,-23.7672],[-46.0248,-23.7696],[-46.024,-23.7716],[-46.0228,-23.7732],[-46.0208,-23.7756],[-46.018,-23.7784],[-46.0156,-23.7808],[-46.0128,-23.7832],[-46.01,-23.786],[-46.008,-23.7884],[-46.0056,-23.7904],[-46.0032,-23.7924],[-46.0012,-23.794],[-45.998,-23.7964],[-45.9952,-23.7996]]]}},{"type":"Feature","properties":{"dsubbc":"rio itapanhau","nome":"Rio Itapanhaú"},"geometry":{"type":"Polygon","coordinates":[[[-46.0432,-23.7456],[-46.0428,-23.7464],[-46.0428,-23.7472],[-46.0424,-23.748],[-46.0424,-23.7488],[-46.0424,-23.7492],[-46.0424,-23.75],[-46.0424,-23.7508],[-46.0432,-23.7524],[-46.0436,-23.7528],[-46.0436,-23.7532],[-46.044,-23.7548],[-46.0448,-23.7552],[-46.0452,-23.7552],[-46.0456,-23.7556],[-46.046,-23.7556],[-46.0472,-23.756],[-46.0476,-23.756],[-46.0488,-23.7564],[-46.05,-23.7568],[-46.0508,-23.7572],[-46.0516,-23.758],[-46.052,-23.7576],[-46.0524,-23.7572],[-46.0524,-23.7568],[-46.0528,-23.7564],[-46.0532,-23.756],[-46.0536,-23.756],[-46.0536,-23.7556],[-46.054,-23.7556],[-46.054,-23.7552],[-46.054,-23.7548],[-46.054,-23.7544],[-46.054,-23.7536],[-46.054,-23.7528],[-46.054,-23.7524],[-46.054,-23.7512],[-46.054,-23.7508],[-46.0536,-23.7508],[-46.0528,-23.75],[-46.0524,-23.7496],[-46.0516,-23.7488],[-46.0516,-23.748],[-46.0508,-23.7468],[-46.05,-23.7468],[-46.0492,-23.7464],[-46.0484,-23.746],[-46.0472,-23.7456],[-46.046,-23.7448],[-46.046,-23.7452],[-46.0456,-23.7452],[-46.0456,-23.7456],[-46.0452,-23.7456],[-46.0452,-23.746],[-46.0448,-23.746],[-46.0448,-23.7464],[-46.044,-23.7464],[-46.0436,-23.7464],[-46.0436,-23.746],[-46.0432,-23.746],[-46.0432,-23.7456]]]}},{"type":"Feature","properties":{"dsubbc":"rio itapanhau","nome":"Rio Itapanhaú"},"geometry":{"type":"Polygon","coordinates":[[[-46.0356,-23.7452],[-46.0356,-23.7464],[-46.036,-23.7472],[-46.0356,-23.7484],[-46.0356,-23.7488],[-46.0356,-23.7492],[-46.036,-23.7496],[-46.036,-23.7504],[-46.036,-23.7508],[-46.0364,-23.7512],[-46.0368,-23.7516],[-46.0368,-23.752],[-46.0372,-23.7524],[-46.0376,-23.7528],[-46.038,-23.7532],[-46.038,-23.7536],[-46.0384,-23.7536],[-46.0384,-23.754],[-46.0384,-23.7544],[-46.0388,-23.7544],[-46.0388,-23.7548],[-46.0392,-23.7552],[-46.0392,-23.7564],[-46.0396,-23.7572],[-46.04,-23.758],[-46.0408,-23.7592],[-46.0424,-23.76],[-46.0436,-23.7612],[-46.0448,-23.762],[-46.0452,-23.762],[-46.0456,-23.762],[-46.046,-23.762],[-46.046,-23.7616],[-46.046,-23.7612],[-46.046,-23.7608],[-46.0464,-23.7608],[-46.0468,-23.7604],[-46.0472,-23.76],[-46.0472,-23.7596],[-46.0476,-23.7596],[-46.0476,-23.7592],[-46.048,-23.7596],[-46.0484,-23.7608],[-46.0492,-23.7608],[-46.0496,-23.7608],[-46.0504,-23.7604],[-46.0512,-23.7596],[-46.0512,-23.7588],[-46.0516,-23.7584],[-46.0516,-23.758],[-46.0508,-23.7572],[-46.05,-23.7568],[-46.0488,-23.7564],[-46.0476,-23.756],[-46.0472,-23.756],[-46.046,-23.7556],[-46.0456,-23.7556],[-46.0452,-23.7552],[-46.0448,-23.7552],[-46.044,-23.7548],[-46.0436,-23.7532],[-46.0436,-23.7528],[-46.0432,-23.7524],[-46.0424,-23.7508],[-46.0424,-23.75],[-46.0424,-23.7492],[-46.0424,-23.7488],[-46.0424,-23.748],[-46.0428,-23.7472],[-46.0428,-23.7464],[-46.0432,-23.7456],[-46.0424,-23.7456],[-46.0424,-23.7452],[-46.042,-23.7452],[-46.042,-23.7448],[-46.0416,-23.7448],[-46.0416,-23.7444],[-46.0412,-23.7444],[-46.0412,-23.744],[-46.0408,-23.744],[-46.0408,-23.7436],[-46.0404,-23.7436],[-46.04,-23.7436],[-46.04,-23.7432],[-46.0384,-23.7432],[-46.0384,-23.7436],[-46.0384,-23.7432],[-46.038,-23.7432],[-46.038,-23.7428],[-46.0376,-23.7428],[-46.0372,-23.7432],[-46.0368,-23.744],[-46.0364,-23.7444],[-46.0364,-23.7448],[-46.036,-23.7448],[-46.0356,-23.7452]]]}},{"type":"Feature","properties":{"dsubbc":"rio itapanhau","nome":"Rio Itapanhaú"},"geometry":{"type":"Polygon","coordinates":[[[-46.0504,-23.7432],[-46.0508,-23.7436],[-46.0512,-23.7436],[-46.052,-23.7436],[-46.052,-23.744],[-46.0524,-23.744],[-46.0528,-23.7444],[-46.0532,-23.7448],[-46.0536,-23.7456],[-46.054,-23.746],[-46.054,-23.7464],[-46.054,-23.7468],[-46.054,-23.7476],[-46.054,-23.7484],[-46.0536,-23.7492],[-46.0536,-23.7496],[-46.054,-23.7496],[-46.0544,-23.7492],[-46.0548,-23.7488],[-46.0552,-23.7488],[-46.0552,-23.7484],[-46.0556,-23.7484],[-46.0556,-23.748],[-46.056,-23.748],[-46.056,-23.7476],[-46.0564,-23.7476],[-46.0564,-23.7472],[-46.0568,-23.7472],[-46.0572,-23.7472],[-46.0572,-23.7468],[-46.0576,-23.7468],[-46.0576,-23.746],[-46.058,-23.746],[-46.058,-23.7456],[-46.0584,-23.7456],[-46.0584,-23.7452],[-46.0588,-23.7452],[-46.0588,-23.7448],[-46.0592,-23.7448],[-46.0592,-23.7444],[-46.0596,-23.7444],[-46.0596,-23.744],[-46.06,-23.744],[-46.06,-23.7436],[-46.0604,-23.7436],[-46.0604,-23.7428],[-46.0604,-23.7412],[-46.06,-23.7412],[-46.06,-23.7392],[-46.0604,-23.7392],[-46.0604,-23.7388],[-46.0596,-23.7388],[-46.0592,-23.7392],[-46.0588,-23.7392],[-46.058,-23.7392],[-46.0576,-23.7396],[-46.0572,-23.7396],[-46.0568,-23.74],[-46.0564,-23.74],[-46.056,-23.74],[-46.0556,-23.7404],[-46.0548,-23.7404],[-46.0544,-23.7408],[-46.054,-23.7408],[-46.0536,-23.7412],[-46.0532,-23.7416],[-46.0528,-23.7416],[-46.052,-23.742],[-46.0516,-23.7424],[-46.0512,-23.7428],[-46.0504,-23.7432]]]}},{"type":"Feature","properties":{"dsubbc":"rio itapanhau","nome":"Rio Itapanhaú"},"geometry":{"type":"Polygon","coordinates":[[[-46.04,-23.7432],[-46.04,-23.7436],[-46.0404,-23.7436],[-46.0408,-23.7436],[-46.0408,-23.744],[-46.0412,-23.744],[-46.0412,-23.7444],[-46.0416,-23.7444],[-46.0416,-23.7448],[-46.042,-23.7448],[-46.042,-23.7452],[-46.0424,-23.7452],[-46.0424,-23.7456],[-46.0432,-23.7456],[-46.0432,-23.746],[-46.0436,-23.746],[-46.0436,-23.7464],[-46.044,-23.7464],[-46.0448,-23.7464],[-46.0448,-23.746],[-46.0452,-23.746],[-46.0452,-23.7456],[-46.0456,-23.7456],[-46.0456,-23.7452],[-46.046,-23.7452],[-46.046,-23.7448],[-46.0472,-23.7456],[-46.0484,-23.746],[-46.0492,-23.7464],[-46.05,-23.7468],[-46.0508,-23.7468],[-46.0516,-23.748],[-46.0516,-23.7488],[-46.0524,-23.7496],[-46.0528,-23.75],[-46.0536,-23.7508],[-46.054,-23.7508],[-46.054,-23.7504],[-46.054,-23.75],[-46.0536,-23.7496],[-46.0536,-23.7492],[-46.054,-23.7484],[-46.054,-23.7476],[-46.054,-23.7468],[-46.054,-23.7464],[-46.054,-23.746],[-46.0536,-23.7456],[-46.0532,-23.7448],[-46.0528,-23.7444],[-46.0524,-23.744],[-46.052,-23.744],[-46.052,-23.7436],[-46.0512,-23.7436],[-46.0508,-23.7436],[-46.0504,-23.7432],[-46.05,-23.7428],[-46.0496,-23.7424],[-46.0492,-23.7424],[-46.048,-23.742],[-46.0468,-23.7416],[-46.0464,-23.7412],[-46.046,-23.7408],[-46.0456,-23.7408],[-46.0456,-23.7404],[-46.0456,-23.7396],[-46.0452,-23.7392],[-46.0452,-23.7388],[-46.0448,-23.7384],[-46.044,-23.7392],[-46.0432,-23.7396],[-46.0432,-23.7404],[-46.0424,-23.7412],[-46.042,-23.7412],[-46.042,-23.7416],[-46.0416,-23.7416],[-46.0416,-23.742],[-46.0412,-23.742],[-46.0412,-23.7424],[-46.0408,-23.7424],[-46.0404,-23.7428],[-46.04,-23.7428],[-46.04,-23.7432]]]}},{"type":"Feature","properties":{"dsubbc":"rio itapanhau","nome":"Rio Itapanhaú"},"geometry":{"type":"Polygon","coordinates":[[[-46.036,-23.7376],[-46.036,-23.738],[-46.0364,-23.738],[-46.0364,-23.7384],[-46.0364,-23.7396],[-46.0368,-23.7396],[-46.0368,-23.7404],[-46.0372,-23.7404],[-46.0372,-23.7416],[-46.0372,-23.7424],[-46.0376,-23.7424],[-46.0376,-23.7428],[-46.038,-23.7428],[-46.038,-23.7432],[-46.0384,-23.7432],[-46.0384,-23.7436],[-46.0384,-23.7432],[-46.04,-23.7432],[-46.04,-23.7428],[-46.0404,-23.7428],[-46.0408,-23.7424],[-46.0412,-23.7424],[-46.0412,-23.742],[-46.0416,-23.742],[-46.0416,-23.7416],[-46.042,-23.7416],[-46.042,-23.7412],[-46.0424,-23.7412],[-46.0432,-23.7404],[-46.0432,-23.7396],[-46.044,-23.7392],[-46.0448,-23.7384],[-46.044,-23.738],[-46.0436,-23.7372],[-46.0432,-23.7372],[-46.0432,-23.7368],[-46.0428,-23.7364],[-46.0428,-23.736],[-46.042,-23.7364],[-46.0412,-23.7364],[-46.0408,-23.7364],[-46.0404,-23.7364],[-46.0404,-23.7368],[-46.04,-23.7368],[-46.0392,-23.7368],[-46.0376,-23.7368],[-46.0376,-23.7372],[-46.0368,-23.7372],[-46.0368,-23.7376],[-46.036,-23.7376]]]}},{"type":"Feature","properties":{"dsubbc":"rio itapanhau","nome":"Rio Itapanhaú"},"geometry":{"type":"Polygon","coordinates":[[[-46.0428,-23.7364],[-46.0432,-23.7368],[-46.0432,-23.7372],[-46.0436,-23.7372],[-46.044,-23.738],[-46.0448,-23.7384],[-46.0452,-23.7388],[-46.0452,-23.7392],[-46.0456,-23.7396],[-46.0456,-23.7404],[-46.0456,-23.7408],[-46.046,-23.7408],[-46.0464,-23.7412],[-46.0468,-23.7416],[-46.048,-23.742],[-46.048,-23.7416],[-46.048,-23.7412],[-46.0484,-23.7412],[-46.0484,-23.7408],[-46.0484,-23.74],[-46.0484,-23.7396],[-46.0484,-23.7392],[-46.0484,-23.7388],[-46.0484,-23.7384],[-46.0484,-23.7368],[-46.0488,-23.7368],[-46.0488,-23.7364],[-46.0492,-23.7364],[-46.0492,-23.736],[-46.0492,-23.7356],[-46.0496,-23.7356],[-46.0488,-23.7356],[-46.048,-23.7356],[-46.048,-23.736],[-46.0472,-23.736],[-46.0472,-23.7364],[-46.0456,-23.7364],[-46.0452,-23.7364],[-46.0448,-23.7364],[-46.0444,-23.7364],[-46.044,-23.7364],[-46.0436,-23.7364],[-46.0432,-23.7364],[-46.0428,-23.7364]]]}},{"type":"Feature","properties":{"dsubbc":"rio cubatao","nome":"Rio Cubatão"},"geometry":{"type":"Polygon","coordinates":[[[-46.238,-23.7348],[-46.2376,-23.7348],[-46.2376,-23.7352],[-46.2372,-23.7352],[-46.2372,-23.7356],[-46.2372,-23.736],[-46.2368,-23.736],[-46.2364,-23.736],[-46.2364,-23.7364],[-46.2364,-23.7368],[-46.236,-23.7368],[-46.236,-23.7372],[-46.2356,-23.7372],[-46.2356,-23.7376],[-46.2348,-23.7376],[-46.2348,-23.7372],[-46.2324,-23.7372],[-46.2324,-23.7376],[-46.232,-23.7376],[-46.2312,-23.7376],[-46.2312,-23.7372],[-46.2308,-23.7372],[-46.2308,-23.7368],[-46.2296,-23.7368],[-46.2292,-23.7368],[-46.2292,-23.7372],[-46.2292,-23.7376],[-46.2288,-23.7376],[-46.2288,-23.738],[-46.2284,-23.738],[-46.2264,-23.738],[-46.2264,-23.7384],[-46.226,-23.7384],[-46.226,-23.7388],[-46.2256,-23.7388],[-46.2252,-23.7388],[-46.2252,-23.7392],[-46.2252,-23.7396],[-46.2248,-23.7396],[-46.2248,-23.7408],[-46.2224,-23.7408],[-46.2224,-23.7416],[-46.222,-23.7416],[-46.222,-23.742],[-46.2212,-23.742],[-46.2212,-23.7424],[-46.2208,-23.7424],[-46.2208,-23.7428],[-46.2204,-23.7428],[-46.2204,-23.7432],[-46.22,-23.7432],[-46.2196,-23.7432],[-46.2196,-23.7436],[-46.2192,-23.7436],[-46.2188,-23.7436],[-46.2188,-23.744],[-46.2184,-23.744],[-46.2184,-23.7444],[-46.2164,-23.7444],[-46.2164,-23.744],[-46.2164,-23.7436],[-46.2156,-23.7436],[-46.2152,-23.7436],[-46.2152,-23.7432],[-46.2152,-23.7428],[-46.2148,-23.7428],[-46.2144,-23.7428],[-46.2144,-23.7424],[-46.2136,-23.7424],[-46.2136,-23.742],[-46.2124,-23.742],[-46.2124,-23.7416],[-46.2116,-23.7416],[-46.2116,-23.742],[-46.2112,-23.742],[-46.2108,-23.742],[-46.2108,-23.7424],[-46.2104,-23.7424],[-46.2104,-23.7428],[-46.2092,-23.7428],[-46.2084,-23.7428],[-46.2084,-23.7436],[-46.2084,-23.7452],[-46.2084,-23.7468],[-46.208,-23.7468],[-46.208,-23.7472],[-46.2084,-23.7472],[-46.2084,-23.7484],[-46.2084,-23.7496],[-46.2084,-23.75],[-46.2072,-23.75],[-46.2072,-23.7504],[-46.2072,-23.7508],[-46.2068,-23.7508],[-46.2064,-23.7508],[-46.2064,-23.7512],[-46.206,-23.7512],[-46.206,-23.7516],[-46.2056,-23.7516],[-46.2052,-23.7516],[-46.2044,-23.7516],[-46.2036,-23.7516],[-46.2036,-23.752],[-46.2036,-23.7528],[-46.204,-23.7528],[-46.204,-23.7532],[-46.2044,-23.7532],[-46.2044,-23.7536],[-46.2044,-23.754],[-46.2048,-23.754],[-46.2048,-23.7548],[-46.2052,-23.7548],[-46.2052,-23.7556],[-46.2052,-23.7564],[-46.2056,-23.7564],[-46.2056,-23.7576],[-46.206,-23.7576],[-46.21,-23.7576],[-46.2104,-23.7576],[-46.2104,-23.7564],[-46.2124,-23.7564],[-46.2124,-23.7568],[-46.2128,-23.7568],[-46.2128,-23.7572],[-46.2132,-23.7572],[-46.2132,-23.7576],[-46.2144,-23.7576],[-46.2152,-23.7576],[-46.2152,-23.7584],[-46.2156,-23.7584],[-46.2156,-23.7592],[-46.216,-23.7592],[-46.216,-23.76],[-46.216,-23.7636],[-46.2164,-23.7636],[-46.2164,-23.764],[-46.2164,-23.7644],[-46.2164,-23.7648],[-46.2168,-23.7648],[-46.2168,-23.7652],[-46.2172,-23.7652],[-46.2172,-23.7656],[-46.2176,-23.7656],[-46.2176,-23.7664],[-46.218,-23.7664],[-46.218,-23.7672],[-46.2184,-23.7672],[-46.2184,-23.7676],[-46.2184,-23.7684],[-46.2188,-23.7684],[-46.2188,-23.7692],[-46.2192,-23.7692],[-46.2192,-23.77],[-46.2196,-23.77],[-46.2196,-23.7704],[-46.22,-23.7704],[-46.2204,-23.7704],[-46.2204,-23.7712],[-46.2204,-23.7716],[-46.2208,-23.7716],[-46.2208,-23.7724],[-46.2212,-23.7724],[-46.2212,-23.7728],[-46.2212,-23.7736],[-46.2224,-23.7736],[-46.2224,-23.7732],[-46.2252,-23.7732],[-46.2252,-23.7728],[-46.2256,-23.7728],[-46.2256,-23.7724],[-46.226,-23.7724],[-46.2264,-23.7724],[-46.2264,-23.772],[-46.2272,-23.772],[-46.2272,-23.7716],[-46.2276,-23.7716],[-46.2284,-23.7716],[-46.2352,-23.7716],[-46.2352,-23.772],[-46.2356,-23.772],[-46.2356,-23.7724],[-46.2368,-23.7724],[-46.2368,-23.7728],[-46.2372,-23.7728],[-46.2372,-23.7732],[-46.2376,-23.7732],[-46.2376,-23.7736],[-46.2384,-23.7736],[-46.2396,-23.7736],[-46.2396,-23.774],[-46.2412,-23.774],[-46.2412,-23.7744],[-46.2416,-23.7744],[-46.2416,-23.7748],[-46.242,-23.7748],[-46.242,-23.7756],[-46.2424,-23.7756],[-46.2424,-23.776],[-46.2428,-23.776],[-46.2428,-23.7764],[-46.2432,-23.7764],[-46.2432,-23.7768],[-46.2428,-23.7768],[-46.2428,-23.7776],[-46.2424,-23.7776],[-46.2424,-23.778],[-46.2416,-23.778],[-46.2416,-23.7784],[-46.2412,-23.7784],[-46.2408,-23.7784],[-46.2408,-23.7788],[-46.24,-23.7788],[-46.24,-23.7792],[-46.2392,-23.7792],[-46.2392,-23.7796],[-46.2392,-23.7812],[-46.2388,-23.7812],[-46.2388,-23.7824],[-46.2384,-23.7824],[-46.2384,-23.7832],[-46.238,-23.7832],[-46.238,-23.7836],[-46.238,-23.784],[-46.238,-23.7856],[-46.238,-23.786],[-46.2372,-23.786],[-46.2372,-23.7864],[-46.2364,-23.7864],[-46.2352,-23.7864],[-46.2352,-23.7868],[-46.2344,-23.7868],[-46.2344,-23.7872],[-46.2344,-23.7884],[-46.2344,-23.7888],[-46.2348,-23.7888],[-46.2348,-23.7892],[-46.2352,-23.7892],[-46.2364,-23.7892],[-46.2364,-23.7896],[-46.2372,-23.7896],[-46.2372,-23.79],[-46.2384,-23.79],[-46.2384,-23.7904],[-46.2388,-23.7904],[-46.2388,-23.7908],[-46.2392,-23.7908],[-46.2392,-23.7912],[-46.2392,-23.792],[-46.2392,-23.7948],[-46.24,-23.7948],[-46.24,-23.7952],[-46.242,-23.7952],[-46.242,-23.7948],[-46.2424,-23.7948],[-46.2424,-23.7944],[-46.2428,-23.7944],[-46.2428,-23.7936],[-46.2432,-23.7936],[-46.2432,-23.7932],[-46.2432,-23.7924],[-46.2436,-23.7924],[-46.244,-23.7924],[-46.244,-23.7928],[-46.2444,-23.7928],[-46.2444,-23.7932],[-46.2452,-23.7932],[-46.2456,-23.7932],[-46.2456,-23.794],[-46.2476,-23.794],[-46.2476,-23.7936],[-46.2484,-23.7936],[-46.2484,-23.7932],[-46.25,-23.7932],[-46.25,-23.7936],[-46.25,-23.794],[-46.2504,-23.794],[-46.2504,-23.7936],[-46.2508,-23.7936],[-46.2508,-23.7932],[-46.2512,-23.7932],[-46.2512,-23.7928],[-46.252,-23.7928],[-46.252,-23.7924],[-46.2524,-23.7924],[-46.2528,-23.7924],[-46.2528,-23.792],[-46.2532,-23.792],[-46.2532,-23.7916],[-46.2532,-23.7912],[-46.2536,-23.7912],[-46.254,-23.7912],[-46.2544,-23.7912],[-46.2544,-23.7916],[-46.2552,-23.7916],[-46.2552,-23.792],[-46.256,-23.792],[-46.256,-23.7924],[-46.256,-23.7932],[-46.2564,-23.7932],[-46.2568,-23.7932],[-46.2568,-23.794],[-46.2572,-23.794],[-46.2572,-23.7944],[-46.258,-23.7944],[-46.258,-23.7952],[-46.2584,-23.7952],[-46.2584,-23.7964],[-46.2588,-23.7964],[-46.2592,-23.7964],[-46.2592,-23.7968],[-46.2596,-23.7968],[-46.2596,-23.7972],[-46.26,-23.7972],[-46.26,-23.7976],[-46.2608,-23.7976],[-46.2608,-23.798],[-46.2612,-23.798],[-46.2612,-23.8004],[-46.2616,-23.8004],[-46.2616,-23.8016],[-46.262,-23.8016],[-46.262,-23.8024],[-46.2624,-23.8024],[-46.2624,-23.8028],[-46.2628,-23.8028],[-46.2628,-23.8032],[-46.2632,-23.8032],[-46.2632,-23.8036],[-46.2636,-23.8036],[-46.2636,-23.8044],[-46.264,-23.8044],[-46.264,-23.8048],[-46.264,-23.8052],[-46.2644,-23.8052],[-46.2644,-23.8056],[-46.2648,-23.8056],[-46.2648,-23.8064],[-46.2652,-23.8064],[-46.2652,-23.8068],[-46.2656,-23.8068],[-46.2656,-23.8072],[-46.266,-23.8072],[-46.266,-23.8076],[-46.266,-23.808],[-46.2664,-23.808],[-46.2664,-23.8084],[-46.2668,-23.8084],[-46.2672,-23.8084],[-46.2672,-23.8088],[-46.2672,-23.8092],[-46.2676,-23.8092],[-46.268,-23.8092],[-46.268,-23.8096],[-46.2684,-23.8096],[-46.2684,-23.8104],[-46.2688,-23.8104],[-46.2688,-23.8112],[-46.2684,-23.8112],[-46.2684,-23.8132],[-46.2688,-23.8132],[-46.2692,-23.8132],[-46.2692,-23.8144],[-46.2692,-23.8148],[-46.2696,-23.8148],[-46.2696,-23.8152],[-46.27,-23.8152],[-46.27,-23.8156],[-46.2704,-23.8156],[-46.2704,-23.816],[-46.2708,-23.816],[-46.2708,-23.8164],[-46.2712,-23.8164],[-46.2712,-23.8168],[-46.2716,-23.8168],[-46.2716,-23.8176],[-46.272,-23.8176],[-46.272,-23.818],[-46.2724,-23.818],[-46.2724,-23.8184],[-46.2728,-23.8184],[-46.2728,-23.8196],[-46.2728,-23.8204],[-46.2732,-23.8204],[-46.2732,-23.8208],[-46.2736,-23.8208],[-46.2736,-23.8212],[-46.274,-23.8212],[-46.274,-23.8216],[-46.274,-23.822],[-46.2744,-23.822],[-46.2748,-23.822],[-46.2748,-23.8224],[-46.2752,-23.8224],[-46.2752,-23.8232],[-46.2756,-23.8232],[-46.2756,-23.8236],[-46.276,-23.8236],[-46.276,-23.824],[-46.2764,-23.824],[-46.2768,-23.824],[-46.2768,-23.8244],[-46.2776,-23.8244],[-46.2776,-23.8252],[-46.2784,-23.8252],[-46.2812,-23.8252],[-46.2812,-23.8256],[-46.2824,-23.8256],[-46.2824,-23.826],[-46.2828,-23.826],[-46.2836,-23.826],[-46.2836,-23.8264],[-46.284,-23.8264],[-46.284,-23.8268],[-46.284,-23.8272],[-46.2844,-23.8272],[-46.2844,-23.8276],[-46.2848,-23.8276],[-46.2848,-23.828],[-46.2852,-23.828],[-46.2852,-23.8284],[-46.2856,-23.8284],[-46.2864,-23.8284],[-46.2864,-23.828],[-46.2876,-23.828],[-46.2876,-23.8284],[-46.288,-23.8284],[-46.288,-23.8288],[-46.2884,-23.8288],[-46.2884,-23.8292],[-46.2896,-23.8292],[-46.29,-23.8292],[-46.29,-23.8296],[-46.2904,-23.8296],[-46.2904,-23.83],[-46.2908,-23.83],[-46.2908,-23.8304],[-46.2912,-23.8304],[-46.2912,-23.8308],[-46.2916,-23.8308],[-46.2916,-23.8312],[-46.2924,-23.8312],[-46.2936,-23.8312],[-46.2936,-23.8316],[-46.294,-23.8316],[-46.294,-23.832],[-46.2944,-23.832],[-46.2944,-23.8324],[-46.2948,-23.8324],[-46.2948,-23.8328],[-46.2948,-23.8332],[-46.2956,-23.8332],[-46.296,-23.8332],[-46.296,-23.8336],[-46.296,-23.834],[-46.2964,-23.834],[-46.2968,-23.834],[-46.2968,-23.8344],[-46.2972,-23.8344],[-46.2972,-23.8356],[-46.2972,-23.836],[-46.2976,-23.836],[-46.2976,-23.84],[-46.298,-23.84],[-46.298,-23.8408],[-46.298,-23.8412],[-46.2984,-23.8412],[-46.2988,-23.8412],[-46.2988,-23.842],[-46.2988,-23.8424],[-46.2992,-23.8424],[-46.2992,-23.8428],[-46.2996,-23.8428],[-46.2996,-23.8432],[-46.3,-23.8432],[-46.3,-23.8436],[-46.3004,-23.8436],[-46.3004,-23.844],[-46.3008,-23.844],[-46.3012,-23.844],[-46.3012,-23.8444],[-46.3016,-23.8444],[-46.3016,-23.8448],[-46.302,-23.8448],[-46.302,-23.8452],[-46.3028,-23.8452],[-46.3028,-23.846],[-46.3032,-23.846],[-46.3032,-23.8464],[-46.3036,-23.8464],[-46.3036,-23.8468],[-46.304,-23.8468],[-46.304,-23.8472],[-46.304,-23.8476],[-46.3044,-23.8476],[-46.3044,-23.848],[-46.3048,-23.848],[-46.3056,-23.848],[-46.3056,-23.8484],[-46.306,-23.8484],[-46.306,-23.8488],[-46.3064,-23.8488],[-46.3064,-23.8492],[-46.3068,-23.8492],[-46.3068,-23.8496],[-46.3072,-23.8496],[-46.3072,-23.85],[-46.3076,-23.85],[-46.3076,-23.8504],[-46.3076,-23.8508],[-46.308,-23.8508],[-46.308,-23.8512],[-46.3084,-23.8512],[-46.3088,-23.8512],[-46.3088,-23.8516],[-46.3088,-23.852],[-46.3092,-23.852],[-46.3096,-23.852],[-46.3096,-23.8524],[-46.3096,-23.8532],[-46.3096,-23.8536],[-46.31,-23.8536],[-46.31,-23.854],[-46.3104,-23.854],[-46.3108,-23.854],[-46.3108,-23.8552],[-46.3108,-23.8556],[-46.3112,-23.8556],[-46.3112,-23.856],[-46.3116,-23.856],[-46.3116,-23.8588],[-46.3116,-23.8596],[-46.312,-23.8596],[-46.312,-23.86],[-46.3124,-23.86],[-46.3124,-23.8604],[-46.3128,-23.8604],[-46.3128,-23.8608],[-46.3128,-23.8612],[-46.3132,-23.8612],[-46.3132,-23.8616],[-46.314,-23.8616],[-46.314,-23.862],[-46.3148,-23.862],[-46.3148,-23.8624],[-46.3152,-23.8624],[-46.3152,-23.8628],[-46.3156,-23.8628],[-46.3156,-23.8644],[-46.3156,-23.8648],[-46.3156,-23.8656],[-46.3168,-23.8656],[-46.3168,-23.8652],[-46.3176,-23.8656],[-46.3204,-23.8684],[-46.3212,-23.8704],[-46.3244,-23.8708],[-46.3256,-23.87],[-46.3276,-23.872],[-46.33,-23.8712],[-46.332,-23.8716],[-46.3344,-23.874],[-46.3356,-23.8772],[-46.3372,-23.8788],[-46.3392,-23.8832],[-46.344,-23.8844],[-46.3468,-23.886],[-46.3488,-23.8872],[-46.3516,-23.8884],[-46.3596,-23.8932],[-46.3624,-23.8956],[-46.3676,-23.9036],[-46.368,-23.9084],[-46.3696,-23.9132],[-46.3708,-23.9132],[-46.3752,-23.9144],[-46.3768,-23.9152],[-46.3784,-23.9156],[-46.3804,-23.916],[-46.3816,-23.9164],[-46.3836,-23.9168],[-46.3852,-23.9172],[-46.3872,-23.9176],[-46.3876,-23.9176],[-46.3892,-23.9172],[-46.3904,-23.9168],[-46.3908,-23.916],[-46.3908,-23.9156],[-46.3908,-23.9144],[-46.3908,-23.914],[-46.3904,-23.9128],[-46.3896,-23.912],[-46.3888,-23.9112],[-46.3884,-23.9104],[-46.388,-23.91],[-46.388,-23.9092],[-46.3884,-23.9088],[-46.3888,-23.908],[-46.3888,-23.9076],[-46.3904,-23.9064],[-46.392,-23.9048],[-46.3924,-23.9048],[-46.3928,-23.9048],[-46.3932,-23.9048],[-46.3936,-23.9052],[-46.3944,-23.906],[-46.396,-23.9072],[-46.3968,-23.9076],[-46.3984,-23.9084],[-46.3988,-23.9088],[-46.4,-23.9088],[-46.4004,-23.9088],[-46.4008,-23.9088],[-46.4012,-23.908],[-46.402,-23.9068],[-46.4024,-23.906],[-46.4024,-23.9052],[-46.4024,-23.9048],[-46.4024,-23.9044],[-46.402,-23.904],[-46.4016,-23.9032],[-46.4012,-23.9028],[-46.4008,-23.9028],[-46.4008,-23.9024],[-46.4,-23.902],[-46.3992,-23.9016],[-46.3988,-23.9012],[-46.3984,-23.9012],[-46.3984,-23.9008],[-46.3984,-23.9],[-46.3984,-23.8992],[-46.3988,-23.8988],[-46.3988,-23.8984],[-46.3992,-23.898],[-46.4,-23.8976],[-46.4004,-23.8972],[-46.4004,-23.8968],[-46.4008,-23.8968],[-46.4008,-23.8964],[-46.4008,-23.8956],[-46.4008,-23.894],[-46.4008,-23.8936],[-46.4008,-23.8928],[-46.4008,-23.892],[-46.4012,-23.8916],[-46.4016,-23.8912],[-46.4024,-23.8912],[-46.4028,-23.8908],[-46.4028,-23.8904],[-46.4028,-23.89],[-46.4028,-23.8896],[-46.4028,-23.8888],[-46.4028,-23.8884],[-46.4028,-23.888],[-46.4028,-23.8876],[-46.4032,-23.8868],[-46.4032,-23.8864],[-46.4036,-23.886],[-46.404,-23.8852],[-46.4044,-23.8848],[-46.4048,-23.8844],[-46.4052,-23.8836],[-46.4056,-23.8836],[-46.4064,-23.8836],[-46.408,-23.8832],[-46.4088,-23.8832],[-46.4096,-23.8832],[-46.41,-23.8828],[-46.41,-23.8824],[-46.4108,-23.882],[-46.4108,-23.8816],[-46.4116,-23.8812],[-46.4116,-23.8808],[-46.412,-23.8804],[-46.412,-23.88],[-46.412,-23.8796],[-46.4116,-23.8788],[-46.412,-23.878],[-46.412,-23.8776],[-46.4124,-23.8764],[-46.4132,-23.8748],[-46.4132,-23.8744],[-46.4136,-23.874],[-46.414,-23.874],[-46.4144,-23.874],[-46.4152,-23.874],[-46.4156,-23.874],[-46.4164,-23.8744],[-46.4172,-23.8748],[-46.4176,-23.8752],[-46.418,-23.8756],[-46.4188,-23.876],[-46.4192,-23.8764],[-46.4196,-23.8768],[-46.42,-23.8772],[-46.4208,-23.8776],[-46.4212,-23.878],[-46.4216,-23.8784],[-46.422,-23.8788],[-46.422,-23.8792],[-46.422,-23.8796],[-46.4224,-23.8804],[-46.4224,-23.8808],[-46.4236,-23.8804],[-46.4244,-23.8796],[-46.426,-23.8788],[-46.4268,-23.8776],[-46.4276,-23.8768],[-46.4284,-23.8756],[-46.4284,-23.876],[-46.4288,-23.876],[-46.4292,-23.8752],[-46.43,-23.874],[-46.4308,-23.8728],[-46.4312,-23.8712],[-46.432,-23.8708],[-46.4324,-23.87],[-46.434,-23.8688],[-46.4348,-23.868],[-46.436,-23.8668],[-46.4368,-23.8664],[-46.4376,-23.866],[-46.4388,-23.8652],[-46.4396,-23.8648],[-46.44,-23.8648],[-46.44,-23.8644],[-46.4404,-23.8644],[-46.4408,-23.8644],[-46.4408,-23.8648],[-46.4412,-23.8648],[-46.4428,-23.8648],[-46.4428,-23.8652],[-46.4444,-23.8652],[-46.4444,-23.8648],[-46.446,-23.8648],[-46.4464,-23.8648],[-46.4464,-23.8644],[-46.4468,-23.8644],[-46.4468,-23.864],[-46.4472,-23.864],[-46.4476,-23.864],[-46.4476,-23.8636],[-46.448,-23.8636],[-46.448,-23.8632],[-46.448,-23.8628],[-46.4484,-23.8628],[-46.45,-23.8628],[-46.452,-23.8628],[-46.4532,-23.8628],[-46.4532,-23.8632],[-46.4536,-23.8632],[-46.4536,-23.8636],[-46.454,-23.8636],[-46.454,-23.864],[-46.4544,-23.864],[-46.4552,-23.864],[-46.4552,-23.8636],[-46.4556,-23.8636],[-46.4556,-23.8632],[-46.456,-23.8632],[-46.456,-23.8628],[-46.4564,-23.8628],[-46.4564,-23.8624],[-46.4568,-23.8624],[-46.4568,-23.862],[-46.4572,-23.862],[-46.4572,-23.8616],[-46.4576,-23.8616],[-46.4576,-23.8612],[-46.458,-23.8612],[-46.458,-23.8608],[-46.4584,-23.8608],[-46.4584,-23.8604],[-46.4588,-23.8604],[-46.4588,-23.86],[-46.4592,-23.86],[-46.4592,-23.8596],[-46.4596,-23.8596],[-46.4596,-23.8588],[-46.46,-23.8588],[-46.46,-23.8584],[-46.46,-23.8568],[-46.4596,-23.8568],[-46.4596,-23.8564],[-46.4592,-23.8564],[-46.4592,-23.856],[-46.4572,-23.8532],[-46.456,-23.852],[-46.4544,-23.8504],[-46.4528,-23.8492],[-46.4528,-23.8472],[-46.454,-23.8448],[-46.456,-23.844],[-46.4588,-23.842],[-46.46,-23.842],[-46.4616,-23.8412],[-46.4632,-23.84],[-46.4652,-23.8388],[-46.4668,-23.8372],[-46.468,-23.8364],[-46.4696,-23.8356],[-46.4704,-23.8336],[-46.4708,-23.832],[-46.4704,-23.83],[-46.47,-23.8284],[-46.4688,-23.8264],[-46.468,-23.8248],[-46.468,-23.8228],[-46.4684,-23.8204],[-46.4684,-23.8184],[-46.468,-23.8164],[-46.4676,-23.8144],[-46.468,-23.8124],[-46.47,-23.8108],[-46.4712,-23.8072],[-46.4708,-23.8072],[-46.4708,-23.8068],[-46.4704,-23.8068],[-46.4704,-23.8064],[-46.47,-23.8064],[-46.47,-23.806],[-46.4644,-23.806],[-46.4644,-23.8064],[-46.464,-23.8064],[-46.464,-23.8068],[-46.4636,-23.8068],[-46.4636,-23.8072],[-46.4632,-23.8072],[-46.4632,-23.8076],[-46.4628,-23.8076],[-46.4624,-23.8076],[-46.4624,-23.808],[-46.462,-23.808],[-46.462,-23.8084],[-46.4616,-23.8084],[-46.4592,-23.8084],[-46.4592,-23.8088],[-46.4588,-23.8088],[-46.4588,-23.8092],[-46.4588,-23.8096],[-46.4584,-23.8096],[-46.458,-23.8096],[-46.458,-23.81],[-46.4576,-23.81],[-46.4576,-23.8092],[-46.4572,-23.8092],[-46.4572,-23.8084],[-46.4568,-23.8084],[-46.4568,-23.808],[-46.4568,-23.8076],[-46.4564,-23.8076],[-46.456,-23.8076],[-46.456,-23.8072],[-46.456,-23.8068],[-46.452,-23.8068],[-46.452,-23.8072],[-46.452,-23.8068],[-46.4516,-23.8068],[-46.4516,-23.8064],[-46.4512,-23.8064],[-46.4512,-23.804],[-46.4508,-23.804],[-46.4508,-23.8036],[-46.4484,-23.8024],[-46.4472,-23.8024],[-46.446,-23.8024],[-46.4456,-23.8024],[-46.4448,-23.802],[-46.444,-23.802],[-46.4428,-23.8024],[-46.4424,-23.8024],[-46.4412,-23.8024],[-46.4404,-23.802],[-46.4392,-23.802],[-46.438,-23.8016],[-46.4372,-23.8016],[-46.436,-23.8016],[-46.4352,-23.8012],[-46.434,-23.8012],[-46.4332,-23.8008],[-46.4324,-23.8012],[-46.4312,-23.8012],[-46.4304,-23.8016],[-46.43,-23.802],[-46.4304,-23.8028],[-46.4308,-23.8044],[-46.4312,-23.8052],[-46.4324,-23.8064],[-46.4328,-23.8076],[-46.434,-23.8092],[-46.4352,-23.81],[-46.4356,-23.8108],[-46.4356,-23.8104],[-46.4356,-23.8108],[-46.4352,-23.8108],[-46.4352,-23.8112],[-46.4348,-23.8112],[-46.4336,-23.8116],[-46.4312,-23.8132],[-46.4308,-23.8132],[-46.4304,-23.8136],[-46.43,-23.8136],[-46.4284,-23.8132],[-46.4268,-23.8132],[-46.4264,-23.8132],[-46.426,-23.8132],[-46.4252,-23.8132],[-46.4252,-23.8128],[-46.4248,-23.8128],[-46.4244,-23.8128],[-46.424,-23.8128],[-46.4232,-23.8128],[-46.4228,-23.8124],[-46.4224,-23.8124],[-46.422,-23.8124],[-46.4212,-23.8124],[-46.4212,-23.812],[-46.4208,-23.812],[-46.4208,-23.8124],[-46.4212,-23.8124],[-46.4212,-23.8128],[-46.4208,-23.8128],[-46.4208,-23.8136],[-46.42,-23.8136],[-46.42,-23.814],[-46.42,-23.8144],[-46.4184,-23.8144],[-46.4184,-23.814],[-46.418,-23.814],[-46.418,-23.8144],[-46.4176,-23.8144],[-46.4172,-23.8144],[-46.4172,-23.8148],[-46.4172,-23.8152],[-46.4168,-23.8152],[-46.416,-23.8152],[-46.416,-23.8156],[-46.4156,-23.8156],[-46.4156,-23.816],[-46.4124,-23.816],[-46.4124,-23.8156],[-46.412,-23.8156],[-46.412,-23.8152],[-46.4112,-23.8152],[-46.4112,-23.8148],[-46.4112,-23.8144],[-46.4108,-23.8144],[-46.4096,-23.8144],[-46.4096,-23.814],[-46.4092,-23.814],[-46.4092,-23.8136],[-46.4088,-23.8136],[-46.4088,-23.8132],[-46.4084,-23.8132],[-46.408,-23.8132],[-46.408,-23.8128],[-46.408,-23.8124],[-46.4076,-23.8124],[-46.4072,-23.8124],[-46.4072,-23.8116],[-46.4072,-23.8112],[-46.4068,-23.8112],[-46.4068,-23.8104],[-46.4064,-23.8104],[-46.4064,-23.81],[-46.406,-23.81],[-46.406,-23.8096],[-46.4052,-23.8096],[-46.4052,-23.8092],[-46.4044,-23.8092],[-46.4044,-23.8088],[-46.404,-23.8088],[-46.404,-23.8084],[-46.4036,-23.8084],[-46.4032,-23.8084],[-46.4032,-23.8088],[-46.4032,-23.8092],[-46.4028,-23.8092],[-46.4028,-23.8096],[-46.4024,-23.8096],[-46.4024,-23.8104],[-46.402,-23.8104],[-46.4016,-23.8104],[-46.4016,-23.8108],[-46.4012,-23.8108],[-46.4012,-23.8112],[-46.4004,-23.8112],[-46.4,-23.8112],[-46.396,-23.8112],[-46.396,-23.8108],[-46.3956,-23.8108],[-46.3956,-23.8112],[-46.3948,-23.8112],[-46.3944,-23.8112],[-46.3944,-23.8116],[-46.394,-23.8116],[-46.3936,-23.8116],[-46.3936,-23.8112],[-46.3932,-23.8112],[-46.3928,-23.8112],[-46.3928,-23.8108],[-46.392,-23.8108],[-46.392,-23.8104],[-46.3916,-23.8104],[-46.3916,-23.81],[-46.3912,-23.81],[-46.3912,-23.8096],[-46.3916,-23.8096],[-46.3916,-23.8088],[-46.392,-23.8088],[-46.392,-23.8084],[-46.3924,-23.8084],[-46.3924,-23.808],[-46.3928,-23.808],[-46.3928,-23.8064],[-46.3932,-23.8064],[-46.3932,-23.8044],[-46.3928,-23.8044],[-46.3928,-23.8024],[-46.3916,-23.8024],[-46.3912,-23.8024],[-46.3912,-23.802],[-46.3912,-23.8016],[-46.3908,-23.8016],[-46.3908,-23.8012],[-46.3904,-23.8012],[-46.3904,-23.8008],[-46.39,-23.8008],[-46.39,-23.8004],[-46.3896,-23.8004],[-46.3896,-23.8],[-46.3892,-23.8],[-46.3892,-23.7996],[-46.3884,-23.7996],[-46.3884,-23.7992],[-46.388,-23.7992],[-46.388,-23.7988],[-46.3876,-23.7988],[-46.3876,-23.7976],[-46.388,-23.7976],[-46.388,-23.7972],[-46.3884,-23.7972],[-46.3884,-23.7968],[-46.3884,-23.7964],[-46.3888,-23.7964],[-46.3888,-23.796],[-46.3892,-23.796],[-46.3892,-23.7956],[-46.3892,-23.7952],[-46.3888,-23.7952],[-46.3888,-23.7948],[-46.3884,-23.7948],[-46.3884,-23.7944],[-46.388,-23.7944],[-46.3872,-23.7944],[-46.3872,-23.794],[-46.3872,-23.7936],[-46.3876,-23.7936],[-46.3876,-23.7932],[-46.388,-23.7932],[-46.388,-23.7928],[-46.3884,-23.7928],[-46.3884,-23.7924],[-46.3888,-23.7924],[-46.3888,-23.7916],[-46.3892,-23.7916],[-46.3892,-23.7912],[-46.3888,-23.7908],[-46.3888,-23.7904],[-46.3888,-23.79],[-46.3884,-23.79],[-46.3884,-23.7896],[-46.3884,-23.7892],[-46.3872,-23.7892],[-46.3872,-23.7888],[-46.3864,-23.7888],[-46.3864,-23.7884],[-46.386,-23.7884],[-46.3856,-23.7884],[-46.3856,-23.788],[-46.3848,-23.788],[-46.3848,-23.7864],[-46.3844,-23.7864],[-46.3844,-23.786],[-46.384,-23.786],[-46.384,-23.7856],[-46.3836,-23.7856],[-46.3832,-23.7856],[-46.3832,-23.7852],[-46.3812,-23.7852],[-46.3812,-23.7848],[-46.3808,-23.7848],[-46.3808,-23.7844],[-46.3792,-23.7844],[-46.3792,-23.7816],[-46.3792,-23.7812],[-46.3788,-23.7812],[-46.3784,-23.7812],[-46.3784,-23.7808],[-46.378,-23.7808],[-46.3776,-23.7808],[-46.3772,-23.7804],[-46.3772,-23.7808],[-46.3772,-23.7812],[-46.3768,-23.7812],[-46.3768,-23.7816],[-46.3764,-23.7816],[-46.3764,-23.782],[-46.376,-23.782],[-46.376,-23.7844],[-46.3756,-23.7844],[-46.3752,-23.7844],[-46.3752,-23.7848],[-46.3748,-23.7848],[-46.3748,-23.7852],[-46.3744,-23.7852],[-46.3744,-23.7856],[-46.374,-23.7856],[-46.374,-23.7852],[-46.3736,-23.7852],[-46.3736,-23.7848],[-46.3724,-23.7848],[-46.3724,-23.7844],[-46.372,-23.7844],[-46.372,-23.7828],[-46.3716,-23.7828],[-46.3716,-23.7824],[-46.3712,-23.7824],[-46.3696,-23.7824],[-46.3692,-23.7824],[-46.3692,-23.7828],[-46.3688,-23.7828],[-46.3688,-23.7824],[-46.3684,-23.7824],[-46.3684,-23.782],[-46.368,-23.782],[-46.368,-23.7816],[-46.3676,-23.7816],[-46.3676,-23.782],[-46.3672,-23.782],[-46.3668,-23.782],[-46.3668,-23.7824],[-46.3664,-23.7824],[-46.366,-23.7824],[-46.366,-23.7828],[-46.3656,-23.7828],[-46.3652,-23.7824],[-46.3648,-23.7824],[-46.3644,-23.7824],[-46.3644,-23.782],[-46.364,-23.7816],[-46.3636,-23.7816],[-46.3636,-23.7812],[-46.3632,-23.7812],[-46.3628,-23.7812],[-46.3628,-23.7808],[-46.3624,-23.7808],[-46.362,-23.7804],[-46.3616,-23.7804],[-46.3612,-23.7804],[-46.3608,-23.7804],[-46.3608,-23.78],[-46.3604,-23.78],[-46.36,-23.7796],[-46.3596,-23.7796],[-46.3592,-23.7796],[-46.3584,-23.7796],[-46.3584,-23.7792],[-46.3584,-23.7796],[-46.358,-23.7796],[-46.358,-23.7804],[-46.3576,-23.7804],[-46.3576,-23.7808],[-46.3572,-23.7808],[-46.3572,-23.7812],[-46.3568,-23.7812],[-46.3568,-23.7816],[-46.3564,-23.7816],[-46.356,-23.7816],[-46.356,-23.782],[-46.3556,-23.782],[-46.3556,-23.7824],[-46.3556,-23.782],[-46.3552,-23.782],[-46.3552,-23.7816],[-46.3548,-23.7816],[-46.3544,-23.7816],[-46.354,-23.7816],[-46.354,-23.782],[-46.3536,-23.782],[-46.3536,-23.7824],[-46.3532,-23.7824],[-46.3532,-23.7836],[-46.3528,-23.7836],[-46.3532,-23.7836],[-46.3532,-23.7864],[-46.3524,-23.7864],[-46.3516,-23.7864],[-46.3516,-23.786],[-46.3512,-23.786],[-46.3512,-23.7856],[-46.3508,-23.7856],[-46.3504,-23.7856],[-46.3504,-23.7852],[-46.3504,-23.7848],[-46.3492,-23.7848],[-46.3492,-23.7844],[-46.3484,-23.7844],[-46.348,-23.7844],[-46.348,-23.784],[-46.3476,-23.784],[-46.3476,-23.7836],[-46.3472,-23.7836],[-46.3472,-23.7832],[-46.3464,-23.7832],[-46.3464,-23.7828],[-46.3464,-23.7824],[-46.344,-23.7824],[-46.3436,-23.7824],[-46.3436,-23.782],[-46.3436,-23.7816],[-46.3432,-23.7816],[-46.3432,-23.7812],[-46.3428,-23.7812],[-46.3428,-23.7804],[-46.3424,-23.7804],[-46.3424,-23.78],[-46.342,-23.78],[-46.342,-23.7796],[-46.3416,-23.7796],[-46.3412,-23.7796],[-46.3412,-23.7792],[-46.3408,-23.7792],[-46.3408,-23.7788],[-46.3404,-23.7788],[-46.3404,-23.7784],[-46.34,-23.7784],[-46.34,-23.778],[-46.3396,-23.778],[-46.3388,-23.778],[-46.3388,-23.7784],[-46.3384,-23.7784],[-46.3384,-23.7804],[-46.336,-23.7804],[-46.3344,-23.7804],[-46.3344,-23.78],[-46.3328,-23.78],[-46.3328,-23.7804],[-46.3324,-23.7804],[-46.3316,-23.7804],[-46.3308,-23.7804],[-46.3308,-23.7808],[-46.3304,-23.7808],[-46.3304,-23.7812],[-46.3296,-23.7812],[-46.3296,-23.7808],[-46.33,-23.7808],[-46.33,-23.7804],[-46.3304,-23.7804],[-46.3304,-23.78],[-46.33,-23.78],[-46.33,-23.7788],[-46.3296,-23.7788],[-46.3296,-23.7784],[-46.3296,-23.7776],[-46.3292,-23.7776],[-46.3284,-23.7776],[-46.3284,-23.7772],[-46.3276,-23.7772],[-46.3276,-23.7768],[-46.3264,-23.7768],[-46.3244,-23.7768],[-46.3244,-23.7764],[-46.3244,-23.776],[-46.3236,-23.776],[-46.3236,-23.7756],[-46.322,-23.7756],[-46.3208,-23.7756],[-46.3208,-23.7752],[-46.3204,-23.7752],[-46.3204,-23.7756],[-46.32,-23.7756],[-46.3188,-23.7756],[-46.3188,-23.776],[-46.3188,-23.7764],[-46.318,-23.7764],[-46.318,-23.7768],[-46.3176,-23.7768],[-46.3168,-23.7768],[-46.3164,-23.7768],[-46.3164,-23.7756],[-46.316,-23.7756],[-46.316,-23.7748],[-46.3156,-23.7748],[-46.3152,-23.7748],[-46.3148,-23.7748],[-46.314,-23.7748],[-46.314,-23.7752],[-46.3136,-23.7752],[-46.3136,-23.7756],[-46.3136,-23.7764],[-46.3136,-23.7768],[-46.3132,-23.7768],[-46.3136,-23.7768],[-46.3136,-23.7772],[-46.3132,-23.7772],[-46.3132,-23.7776],[-46.3128,-23.7776],[-46.3128,-23.778],[-46.3128,-23.7784],[-46.312,-23.7784],[-46.3116,-23.7784],[-46.3116,-23.7788],[-46.3116,-23.7792],[-46.3112,-23.7792],[-46.3112,-23.7796],[-46.3108,-23.7796],[-46.3096,-23.7796],[-46.3092,-23.7796],[-46.3092,-23.7792],[-46.3088,-23.7792],[-46.3088,-23.7788],[-46.3088,-23.7784],[-46.3084,-23.7784],[-46.3084,-23.7788],[-46.308,-23.7788],[-46.308,-23.7792],[-46.3068,-23.7792],[-46.3068,-23.7796],[-46.3056,-23.7796],[-46.3056,-23.7792],[-46.3056,-23.7788],[-46.3052,-23.7788],[-46.3052,-23.7784],[-46.3048,-23.7784],[-46.3048,-23.7788],[-46.3048,-23.7792],[-46.3044,-23.7792],[-46.3044,-23.7796],[-46.3032,-23.7796],[-46.3028,-23.7796],[-46.3028,-23.78],[-46.3028,-23.7808],[-46.3024,-23.7808],[-46.3024,-23.782],[-46.302,-23.782],[-46.302,-23.784],[-46.302,-23.7876],[-46.3016,-23.7876],[-46.3016,-23.788],[-46.3012,-23.788],[-46.3012,-23.7876],[-46.3008,-23.7876],[-46.3,-23.7876],[-46.2996,-23.7876],[-46.2992,-23.7876],[-46.2992,-23.788],[-46.2988,-23.788],[-46.2988,-23.7884],[-46.2976,-23.7884],[-46.2976,-23.7888],[-46.2972,-23.7888],[-46.2972,-23.7884],[-46.2968,-23.7884],[-46.2968,-23.788],[-46.2968,-23.7876],[-46.2964,-23.7876],[-46.296,-23.7876],[-46.296,-23.7864],[-46.2956,-23.7864],[-46.2956,-23.7856],[-46.2956,-23.7848],[-46.2952,-23.7848],[-46.2952,-23.7844],[-46.2948,-23.7844],[-46.2948,-23.784],[-46.2944,-23.784],[-46.2944,-23.7836],[-46.294,-23.7836],[-46.2936,-23.7836],[-46.2936,-23.7832],[-46.2932,-23.7832],[-46.2932,-23.7828],[-46.2928,-23.7828],[-46.2928,-23.7824],[-46.2924,-23.7824],[-46.292,-23.7824],[-46.292,-23.782],[-46.2916,-23.782],[-46.2916,-23.7816],[-46.2912,-23.7816],[-46.2912,-23.7812],[-46.2908,-23.7812],[-46.2908,-23.7808],[-46.2908,-23.7804],[-46.2896,-23.7804],[-46.2896,-23.78],[-46.2888,-23.78],[-46.2888,-23.7796],[-46.2884,-23.7796],[-46.2884,-23.7792],[-46.288,-23.7792],[-46.288,-23.7788],[-46.2876,-23.7788],[-46.2876,-23.7784],[-46.2876,-23.778],[-46.2868,-23.778],[-46.2868,-23.7776],[-46.286,-23.7776],[-46.2856,-23.7776],[-46.2856,-23.7772],[-46.2852,-23.7772],[-46.2852,-23.7768],[-46.2848,-23.7768],[-46.2844,-23.7768],[-46.2844,-23.7764],[-46.284,-23.7764],[-46.284,-23.7756],[-46.2832,-23.7756],[-46.2832,-23.7752],[-46.2828,-23.7752],[-46.2828,-23.7748],[-46.2828,-23.7744],[-46.2824,-23.7744],[-46.2824,-23.774],[-46.282,-23.774],[-46.282,-23.7736],[-46.2812,-23.7736],[-46.2812,-23.7732],[-46.2808,-23.7732],[-46.2808,-23.7728],[-46.2804,-23.7728],[-46.2804,-23.7724],[-46.28,-23.7724],[-46.28,-23.772],[-46.28,-23.7716],[-46.2796,-23.7716],[-46.2788,-23.7716],[-46.2788,-23.7712],[-46.2788,-23.7708],[-46.2784,-23.7708],[-46.2784,-23.7704],[-46.278,-23.7704],[-46.278,-23.77],[-46.2776,-23.77],[-46.2776,-23.7696],[-46.2772,-23.7696],[-46.2768,-23.7696],[-46.2768,-23.7692],[-46.2768,-23.7688],[-46.2764,-23.7688],[-46.276,-23.7688],[-46.276,-23.7684],[-46.2756,-23.7684],[-46.2756,-23.768],[-46.2748,-23.768],[-46.2748,-23.7676],[-46.2744,-23.7676],[-46.2744,-23.7664],[-46.274,-23.7664],[-46.274,-23.766],[-46.2736,-23.766],[-46.2736,-23.7656],[-46.2728,-23.7656],[-46.2724,-23.7656],[-46.2712,-23.7656],[-46.2712,-23.766],[-46.2708,-23.766],[-46.2708,-23.7664],[-46.27,-23.7664],[-46.27,-23.7668],[-46.2696,-23.7668],[-46.2696,-23.7672],[-46.2692,-23.7672],[-46.2692,-23.7676],[-46.2688,-23.7676],[-46.2688,-23.768],[-46.264,-23.768],[-46.264,-23.7676],[-46.2628,-23.7676],[-46.2616,-23.7676],[-46.2604,-23.7676],[-46.2604,-23.768],[-46.26,-23.768],[-46.26,-23.7676],[-46.2596,-23.7676],[-46.2592,-23.7676],[-46.2592,-23.7672],[-46.2588,-23.7672],[-46.2588,-23.7668],[-46.2584,-23.7668],[-46.2584,-23.7664],[-46.258,-23.7664],[-46.258,-23.766],[-46.258,-23.7656],[-46.2572,-23.7656],[-46.2568,-23.7656],[-46.2568,-23.7652],[-46.2568,-23.7648],[-46.2564,-23.7648],[-46.2564,-23.7644],[-46.256,-23.7644],[-46.256,-23.764],[-46.256,-23.7608],[-46.256,-23.76],[-46.256,-23.7596],[-46.254,-23.7596],[-46.2524,-23.7596],[-46.2524,-23.7592],[-46.252,-23.7592],[-46.252,-23.7588],[-46.2516,-23.7588],[-46.2516,-23.7584],[-46.2512,-23.7584],[-46.2512,-23.7564],[-46.2512,-23.756],[-46.2508,-23.756],[-46.2508,-23.7556],[-46.25,-23.7556],[-46.2484,-23.7556],[-46.2484,-23.7552],[-46.248,-23.7552],[-46.248,-23.7548],[-46.248,-23.7536],[-46.2476,-23.7536],[-46.2476,-23.7532],[-46.2472,-23.7532],[-46.2472,-23.7528],[-46.2472,-23.7508],[-46.2472,-23.7504],[-46.2476,-23.7504],[-46.2476,-23.7488],[-46.248,-23.7488],[-46.248,-23.746],[-46.2472,-23.746],[-46.2472,-23.7456],[-46.246,-23.7456],[-46.246,-23.7448],[-46.2456,-23.7448],[-46.2456,-23.7428],[-46.2452,-23.7428],[-46.2452,-23.7424],[-46.2444,-23.7424],[-46.2444,-23.742],[-46.244,-23.742],[-46.2432,-23.742],[-46.2432,-23.7416],[-46.2424,-23.7416],[-46.2424,-23.7412],[-46.242,-23.7412],[-46.242,-23.7404],[-46.242,-23.74],[-46.2416,-23.74],[-46.2416,-23.7392],[-46.2412,-23.7392],[-46.2412,-23.7384],[-46.2412,-23.738],[-46.2408,-23.738],[-46.2408,-23.7376],[-46.2404,-23.7376],[-46.2404,-23.7368],[-46.24,-23.7368],[-46.24,-23.7364],[-46.24,-23.736],[-46.2396,-23.736],[-46.2392,-23.736],[-46.2392,-23.7356],[-46.2384,-23.7356],[-46.2384,-23.7352],[-46.238,-23.7352],[-46.238,-23.7348]]]}},{"type":"Feature","properties":{"dsubbc":"rio itapanhau","nome":"Rio Itapanhaú"},"geometry":{"type":"Polygon","coordinates":[[[-46.0384,-23.7336],[-46.0384,-23.734],[-46.0384,-23.7344],[-46.038,-23.7344],[-46.038,-23.7348],[-46.0376,-23.7348],[-46.0372,-23.7348],[-46.0372,-23.7352],[-46.0372,-23.7356],[-46.0368,-23.7356],[-46.0364,-23.7356],[-46.0364,-23.736],[-46.0364,-23.7364],[-46.036,-23.7364],[-46.036,-23.7368],[-46.0356,-23.7368],[-46.0356,-23.7372],[-46.0352,-23.7372],[-46.0352,-23.7376],[-46.0356,-23.7376],[-46.036,-23.7376],[-46.0368,-23.7376],[-46.0368,-23.7372],[-46.0376,-23.7372],[-46.0376,-23.7368],[-46.0392,-23.7368],[-46.04,-23.7368],[-46.0404,-23.7368],[-46.0404,-23.7364],[-46.0408,-23.7364],[-46.0412,-23.7364],[-46.042,-23.7364],[-46.0428,-23.736],[-46.0424,-23.7356],[-46.0424,-23.7352],[-46.0424,-23.7344],[-46.0416,-23.7344],[-46.0408,-23.734],[-46.0396,-23.7336],[-46.0388,-23.7336],[-46.0384,-23.7336]]]}},{"type":"Feature","properties":{"dsubbc":"rio itapanhau","nome":"Rio Itapanhaú"},"geometry":{"type":"Polygon","coordinates":[[[-46.08,-23.7332],[-46.08,-23.7336],[-46.0796,-23.7336],[-46.0792,-23.7336],[-46.0792,-23.736],[-46.0792,-23.7372],[-46.0788,-23.7372],[-46.0788,-23.7376],[-46.0784,-23.7376],[-46.0784,-23.7388],[-46.078,-23.7388],[-46.078,-23.7396],[-46.078,-23.7408],[-46.0776,-23.7408],[-46.0776,-23.7416],[-46.0772,-23.7416],[-46.0772,-23.742],[-46.0764,-23.742],[-46.0764,-23.7424],[-46.076,-23.7424],[-46.076,-23.7428],[-46.0752,-23.7428],[-46.0752,-23.7432],[-46.0748,-23.7432],[-46.0748,-23.7436],[-46.0744,-23.7436],[-46.0744,-23.7444],[-46.074,-23.7444],[-46.074,-23.7456],[-46.074,-23.746],[-46.0736,-23.746],[-46.0736,-23.7468],[-46.0732,-23.7468],[-46.0732,-23.7472],[-46.0728,-23.7472],[-46.0728,-23.7476],[-46.0724,-23.7476],[-46.072,-23.7476],[-46.072,-23.748],[-46.072,-23.7484],[-46.0716,-23.7484],[-46.0716,-23.7488],[-46.0712,-23.7488],[-46.0712,-23.7492],[-46.0712,-23.7496],[-46.0708,-23.7496],[-46.0704,-23.7496],[-46.0704,-23.75],[-46.07,-23.75],[-46.07,-23.7504],[-46.0696,-23.7504],[-46.0696,-23.7508],[-46.0692,-23.7508],[-46.0692,-23.7512],[-46.0692,-23.7516],[-46.0688,-23.7516],[-46.0688,-23.7544],[-46.0692,-23.7544],[-46.0692,-23.756],[-46.0692,-23.7584],[-46.07,-23.7592],[-46.07,-23.76],[-46.0708,-23.7608],[-46.0712,-23.7616],[-46.0716,-23.7628],[-46.0724,-23.7636],[-46.0728,-23.7644],[-46.0728,-23.7652],[-46.0732,-23.766],[-46.0736,-23.7668],[-46.074,-23.7672],[-46.0744,-23.7684],[-46.0744,-23.7696],[-46.0744,-23.7704],[-46.0744,-23.7712],[-46.0748,-23.772],[-46.0748,-23.7728],[-46.0752,-23.7732],[-46.0752,-23.774],[-46.0756,-23.7748],[-46.076,-23.776],[-46.0764,-23.7768],[-46.0768,-23.778],[-46.0768,-23.7792],[-46.0768,-23.78],[-46.0772,-23.7804],[-46.0772,-23.7808],[-46.0776,-23.7816],[-46.078,-23.782],[-46.0784,-23.7832],[-46.0792,-23.7832],[-46.0796,-23.7832],[-46.08,-23.7832],[-46.08,-23.7828],[-46.0804,-23.7828],[-46.0808,-23.7824],[-46.0812,-23.7824],[-46.0816,-23.7828],[-46.0816,-23.7832],[-46.082,-23.7832],[-46.082,-23.7836],[-46.082,-23.7828],[-46.082,-23.7824],[-46.0824,-23.7816],[-46.0824,-23.7804],[-46.0828,-23.7804],[-46.0832,-23.7804],[-46.0832,-23.78],[-46.0832,-23.7796],[-46.084,-23.7796],[-46.084,-23.7792],[-46.0844,-23.7792],[-46.0844,-23.7788],[-46.0852,-23.7788],[-46.0852,-23.7784],[-46.0852,-23.778],[-46.0856,-23.778],[-46.0856,-23.7772],[-46.086,-23.7772],[-46.086,-23.7768],[-46.086,-23.7764],[-46.0868,-23.7764],[-46.0872,-23.7764],[-46.0872,-23.776],[-46.0876,-23.776],[-46.0876,-23.7756],[-46.088,-23.7756],[-46.0884,-23.7756],[-46.0884,-23.7752],[-46.0892,-23.7752],[-46.0892,-23.7748],[-46.0892,-23.7744],[-46.0896,-23.7744],[-46.09,-23.7744],[-46.09,-23.7736],[-46.09,-23.7712],[-46.0904,-23.7712],[-46.0904,-23.7684],[-46.0908,-23.7684],[-46.0912,-23.7684],[-46.0912,-23.768],[-46.0916,-23.768],[-46.0916,-23.7676],[-46.092,-23.7676],[-46.0924,-23.7676],[-46.0924,-23.7672],[-46.0928,-23.7672],[-46.0928,-23.7668],[-46.0932,-23.7668],[-46.0932,-23.7664],[-46.0936,-23.7664],[-46.0936,-23.766],[-46.094,-23.766],[-46.094,-23.7656],[-46.0944,-23.7656],[-46.0944,-23.7652],[-46.0948,-23.7652],[-46.0948,-23.7648],[-46.0952,-23.7648],[-46.0952,-23.7644],[-46.096,-23.7644],[-46.096,-23.7636],[-46.0964,-23.7636],[-46.0964,-23.7608],[-46.0968,-23.7608],[-46.0968,-23.7604],[-46.0972,-23.7604],[-46.0972,-23.76],[-46.0976,-23.76],[-46.0976,-23.7596],[-46.098,-23.7596],[-46.098,-23.7592],[-46.098,-23.7588],[-46.0984,-23.7588],[-46.0984,-23.7584],[-46.0988,-23.7584],[-46.0988,-23.7576],[-46.0992,-23.7576],[-46.0992,-23.7572],[-46.0996,-23.7572],[-46.0996,-23.7564],[-46.1,-23.7564],[-46.1,-23.756],[-46.1,-23.7556],[-46.1004,-23.7556],[-46.1008,-23.7556],[-46.1008,-23.7552],[-46.1008,-23.7548],[-46.1012,-23.7548],[-46.1012,-23.7544],[-46.1016,-23.7544],[-46.102,-23.7544],[-46.102,-23.752],[-46.102,-23.7516],[-46.1024,-23.7516],[-46.1028,-23.7516],[-46.1028,-23.7512],[-46.1028,-23.7508],[-46.1032,-23.7508],[-46.1036,-23.7508],[-46.1036,-23.7504],[-46.104,-23.7504],[-46.104,-23.75],[-46.104,-23.7496],[-46.1044,-23.7496],[-46.1044,-23.748],[-46.1048,-23.748],[-46.1048,-23.7476],[-46.1048,-23.7472],[-46.1052,-23.7472],[-46.1052,-23.7468],[-46.1056,-23.7468],[-46.1056,-23.7452],[-46.1056,-23.7448],[-46.1052,-23.7448],[-46.1052,-23.7444],[-46.1048,-23.7444],[-46.1048,-23.7436],[-46.1048,-23.7432],[-46.1044,-23.7432],[-46.1044,-23.7428],[-46.104,-23.7428],[-46.104,-23.7424],[-46.104,-23.7416],[-46.1036,-23.7416],[-46.1036,-23.7408],[-46.104,-23.7408],[-46.104,-23.7404],[-46.104,-23.74],[-46.1044,-23.74],[-46.1044,-23.7392],[-46.104,-23.7392],[-46.104,-23.7388],[-46.104,-23.738],[-46.1036,-23.738],[-46.1036,-23.7376],[-46.1032,-23.7376],[-46.1032,-23.7368],[-46.1028,-23.7368],[-46.1028,-23.7364],[-46.102,-23.7364],[-46.102,-23.736],[-46.0992,-23.736],[-46.0992,-23.7356],[-46.098,-23.7356],[-46.098,-23.7352],[-46.0976,-23.7352],[-46.0976,-23.7348],[-46.0972,-23.7348],[-46.0964,-23.7348],[-46.0964,-23.7344],[-46.096,-23.7344],[-46.096,-23.734],[-46.096,-23.7336],[-46.0952,-23.7336],[-46.092,-23.7336],[-46.092,-23.7332],[-46.0916,-23.7332],[-46.0916,-23.7328],[-46.0896,-23.7328],[-46.0892,-23.7328],[-46.0892,-23.7332],[-46.0888,-23.7332],[-46.0888,-23.7336],[-46.0848,-23.7336],[-46.0848,-23.7332],[-46.084,-23.7332],[-46.084,-23.7328],[-46.0832,-23.7328],[-46.0828,-23.7328],[-46.0828,-23.7332],[-46.08,-23.7332]]]}},{"type":"Feature","properties":{"dsubbc":"rio itapanhau","nome":"Rio Itapanhaú"},"geometry":{"type":"Polygon","coordinates":[[[-46.0496,-23.7356],[-46.0492,-23.7356],[-46.0492,-23.736],[-46.0492,-23.7364],[-46.0488,-23.7364],[-46.0488,-23.7368],[-46.0484,-23.7368],[-46.0484,-23.7384],[-46.0484,-23.7388],[-46.0484,-23.7392],[-46.0484,-23.7396],[-46.0484,-23.74],[-46.0484,-23.7408],[-46.0484,-23.7412],[-46.048,-23.7412],[-46.048,-23.7416],[-46.048,-23.742],[-46.0492,-23.7424],[-46.0496,-23.7424],[-46.05,-23.7428],[-46.0504,-23.7432],[-46.0512,-23.7428],[-46.0516,-23.7424],[-46.052,-23.742],[-46.0528,-23.7416],[-46.0532,-23.7416],[-46.0536,-23.7412],[-46.054,-23.7408],[-46.0544,-23.7408],[-46.0548,-23.7404],[-46.0556,-23.7404],[-46.056,-23.74],[-46.0564,-23.74],[-46.0568,-23.74],[-46.0572,-23.7396],[-46.0576,-23.7396],[-46.058,-23.7392],[-46.0588,-23.7392],[-46.0592,-23.7392],[-46.0596,-23.7388],[-46.0604,-23.7388],[-46.0604,-23.738],[-46.0608,-23.738],[-46.0608,-23.7376],[-46.0612,-23.7376],[-46.0612,-23.7372],[-46.0616,-23.7372],[-46.0616,-23.7368],[-46.062,-23.7368],[-46.062,-23.736],[-46.0624,-23.736],[-46.0624,-23.7352],[-46.0624,-23.7348],[-46.0628,-23.7348],[-46.0628,-23.7328],[-46.0624,-23.7328],[-46.0624,-23.7324],[-46.0628,-23.7324],[-46.0628,-23.732],[-46.0632,-23.732],[-46.0632,-23.7316],[-46.0632,-23.7312],[-46.0632,-23.7308],[-46.0636,-23.7308],[-46.064,-23.7308],[-46.064,-23.7292],[-46.0644,-23.7292],[-46.0644,-23.7288],[-46.0624,-23.7288],[-46.0572,-23.7288],[-46.0572,-23.7292],[-46.0568,-23.7292],[-46.0568,-23.7296],[-46.0564,-23.7296],[-46.0564,-23.7304],[-46.056,-23.7304],[-46.056,-23.7308],[-46.0556,-23.7308],[-46.0552,-23.7308],[-46.0552,-23.7312],[-46.0548,-23.7312],[-46.0548,-23.7316],[-46.054,-23.7316],[-46.0536,-23.7316],[-46.0536,-23.732],[-46.0532,-23.732],[-46.0532,-23.7324],[-46.0532,-23.7328],[-46.0528,-23.7328],[-46.0524,-23.7328],[-46.0524,-23.7332],[-46.0524,-23.7336],[-46.052,-23.7336],[-46.0516,-23.7336],[-46.0516,-23.734],[-46.0512,-23.734],[-46.0512,-23.7344],[-46.0508,-23.7344],[-46.0508,-23.7348],[-46.0504,-23.7348],[-46.0504,-23.7352],[-46.05,-23.7352],[-46.05,-23.7356],[-46.0496,-23.7356]]]}},{"type":"Feature","properties":{"dsubbc":"rio itapanhau","nome":"Rio Itapanhaú"},"geometry":{"type":"Polygon","coordinates":[[[-46.066,-23.724],[-46.0656,-23.724],[-46.0656,-23.726],[-46.0656,-23.7264],[-46.066,-23.7264],[-46.066,-23.7268],[-46.066,-23.728],[-46.066,-23.7284],[-46.0656,-23.7284],[-46.0656,-23.7288],[-46.0648,-23.7288],[-46.0644,-23.7288],[-46.0644,-23.7292],[-46.064,-23.7292],[-46.064,-23.7308],[-46.0636,-23.7308],[-46.0632,-23.7308],[-46.0632,-23.7312],[-46.0632,-23.7316],[-46.0632,-23.732],[-46.0628,-23.732],[-46.0628,-23.7324],[-46.0624,-23.7324],[-46.0624,-23.7328],[-46.0628,-23.7328],[-46.0628,-23.7348],[-46.0624,-23.7348],[-46.0624,-23.7352],[-46.0624,-23.736],[-46.062,-23.736],[-46.062,-23.7368],[-46.0616,-23.7368],[-46.0616,-23.7372],[-46.0612,-23.7372],[-46.0612,-23.7376],[-46.0608,-23.7376],[-46.0608,-23.738],[-46.0604,-23.738],[-46.0604,-23.7388],[-46.0604,-23.7392],[-46.06,-23.7392],[-46.06,-23.7412],[-46.0604,-23.7412],[-46.0604,-23.7428],[-46.0604,-23.7436],[-46.06,-23.7436],[-46.06,-23.744],[-46.0596,-23.744],[-46.0596,-23.7444],[-46.0592,-23.7444],[-46.0592,-23.7448],[-46.0588,-23.7448],[-46.0588,-23.7452],[-46.0584,-23.7452],[-46.0584,-23.7456],[-46.058,-23.7456],[-46.058,-23.746],[-46.0576,-23.746],[-46.0576,-23.7468],[-46.0572,-23.7468],[-46.0572,-23.7472],[-46.0568,-23.7472],[-46.0564,-23.7472],[-46.0564,-23.7476],[-46.056,-23.7476],[-46.056,-23.748],[-46.0556,-23.748],[-46.0556,-23.7484],[-46.0552,-23.7484],[-46.0552,-23.7488],[-46.0548,-23.7488],[-46.0544,-23.7492],[-46.054,-23.7496],[-46.0536,-23.7496],[-46.054,-23.75],[-46.054,-23.7504],[-46.054,-23.7508],[-46.054,-23.7512],[-46.0544,-23.7508],[-46.0548,-23.7508],[-46.0556,-23.7504],[-46.056,-23.75],[-46.0564,-23.75],[-46.0572,-23.75],[-46.058,-23.75],[-46.0608,-23.75],[-46.0608,-23.7496],[-46.068,-23.7496],[-46.068,-23.75],[-46.0684,-23.75],[-46.0684,-23.7504],[-46.0688,-23.7504],[-46.0688,-23.7508],[-46.0692,-23.7508],[-46.0696,-23.7508],[-46.0696,-23.7504],[-46.07,-23.7504],[-46.07,-23.75],[-46.0704,-23.75],[-46.0704,-23.7496],[-46.0708,-23.7496],[-46.0712,-23.7496],[-46.0712,-23.7492],[-46.0712,-23.7488],[-46.0716,-23.7488],[-46.0716,-23.7484],[-46.072,-23.7484],[-46.072,-23.748],[-46.072,-23.7476],[-46.0724,-23.7476],[-46.0728,-23.7476],[-46.0728,-23.7472],[-46.0732,-23.7472],[-46.0732,-23.7468],[-46.0736,-23.7468],[-46.0736,-23.746],[-46.074,-23.746],[-46.074,-23.7456],[-46.074,-23.7444],[-46.0744,-23.7444],[-46.0744,-23.7436],[-46.0748,-23.7436],[-46.0748,-23.7432],[-46.0752,-23.7432],[-46.0752,-23.7428],[-46.076,-23.7428],[-46.076,-23.7424],[-46.0764,-23.7424],[-46.0764,-23.742],[-46.0772,-23.742],[-46.0772,-23.7416],[-46.0776,-23.7416],[-46.0776,-23.7408],[-46.078,-23.7408],[-46.078,-23.7396],[-46.078,-23.7388],[-46.0784,-23.7388],[-46.0784,-23.7376],[-46.0788,-23.7376],[-46.0788,-23.7372],[-46.0792,-23.7372],[-46.0792,-23.736],[-46.0792,-23.7336],[-46.0796,-23.7336],[-46.08,-23.7336],[-46.08,-23.7332],[-46.08,-23.7328],[-46.0792,-23.7328],[-46.0784,-23.7328],[-46.078,-23.7328],[-46.0772,-23.7328],[-46.0772,-23.7324],[-46.0772,-23.732],[-46.0768,-23.732],[-46.0768,-23.7316],[-46.0764,-23.7316],[-46.0764,-23.7312],[-46.076,-23.7312],[-46.076,-23.7308],[-46.0752,-23.7308],[-46.0752,-23.7304],[-46.0748,-23.7304],[-46.0748,-23.73],[-46.0744,-23.73],[-46.0744,-23.7296],[-46.074,-23.7296],[-46.0732,-23.7296],[-46.0732,-23.7292],[-46.0728,-23.7292],[-46.0728,-23.7288],[-46.0724,-23.7288],[-46.072,-23.7288],[-46.072,-23.7284],[-46.072,-23.728],[-46.0716,-23.728],[-46.0716,-23.7276],[-46.0712,-23.7276],[-46.0712,-23.7272],[-46.0708,-23.7272],[-46.0708,-23.7268],[-46.0704,-23.7268],[-46.07,-23.7268],[-46.07,-23.7264],[-46.0692,-23.7264],[-46.0692,-23.726],[-46.0692,-23.7252],[-46.0688,-23.7252],[-46.0688,-23.7248],[-46.0684,-23.7248],[-46.0684,-23.7244],[-46.068,-23.7244],[-46.068,-23.724],[-46.066,-23.724]]]}},{"type":"Feature","properties":{"dsubbc":"rio itapanhau","nome":"Rio Itapanhaú"},"geometry":{"type":"Polygon","coordinates":[[[-46.0384,-23.7336],[-46.0388,-23.7336],[-46.0396,-23.7336],[-46.0408,-23.734],[-46.0416,-23.7344],[-46.0424,-23.7344],[-46.0424,-23.734],[-46.0428,-23.7336],[-46.0432,-23.7336],[-46.0432,-23.7332],[-46.0432,-23.7328],[-46.0432,-23.7324],[-46.0436,-23.732],[-46.044,-23.7316],[-46.0444,-23.7312],[-46.044,-23.7308],[-46.0432,-23.7308],[-46.042,-23.73],[-46.0412,-23.7296],[-46.0404,-23.7288],[-46.0396,-23.7284],[-46.0388,-23.7276],[-46.038,-23.7272],[-46.0376,-23.7268],[-46.0372,-23.7268],[-46.0364,-23.7264],[-46.0356,-23.726],[-46.0356,-23.7256],[-46.0352,-23.7256],[-46.0348,-23.7256],[-46.0344,-23.7256],[-46.034,-23.7252],[-46.0336,-23.7252],[-46.0332,-23.7248],[-46.0324,-23.7244],[-46.0324,-23.724],[-46.032,-23.7236],[-46.0312,-23.7232],[-46.0312,-23.7228],[-46.0308,-23.7224],[-46.0304,-23.722],[-46.03,-23.722],[-46.0296,-23.722],[-46.0296,-23.7224],[-46.0292,-23.7224],[-46.0292,-23.7228],[-46.0296,-23.7236],[-46.0296,-23.724],[-46.03,-23.724],[-46.03,-23.7244],[-46.0304,-23.7244],[-46.0304,-23.7256],[-46.0304,-23.726],[-46.0308,-23.7272],[-46.0316,-23.7284],[-46.0324,-23.7292],[-46.0328,-23.7296],[-46.0336,-23.73],[-46.0336,-23.7308],[-46.034,-23.7316],[-46.0344,-23.7324],[-46.0356,-23.7328],[-46.036,-23.7336],[-46.0372,-23.7336],[-46.0384,-23.7336]]]}},{"type":"Feature","properties":{"dsubbc":"rio itapanhau","nome":"Rio Itapanhaú"},"geometry":{"type":"Polygon","coordinates":[[[-46.0296,-23.72],[-46.0296,-23.7204],[-46.0296,-23.7208],[-46.0296,-23.7212],[-46.03,-23.7212],[-46.03,-23.7216],[-46.03,-23.722],[-46.0304,-23.722],[-46.0308,-23.7224],[-46.0312,-23.7228],[-46.0312,-23.7232],[-46.032,-23.7236],[-46.0324,-23.724],[-46.0324,-23.7244],[-46.0332,-23.7248],[-46.0336,-23.7252],[-46.034,-23.7252],[-46.0344,-23.7256],[-46.0348,-23.7256],[-46.0352,-23.7256],[-46.0356,-23.7256],[-46.0356,-23.726],[-46.0364,-23.7264],[-46.0372,-23.7268],[-46.0376,-23.7268],[-46.038,-23.7272],[-46.0388,-23.7276],[-46.0396,-23.7284],[-46.0404,-23.7288],[-46.0412,-23.7296],[-46.042,-23.73],[-46.0432,-23.7308],[-46.044,-23.7308],[-46.0436,-23.7304],[-46.0432,-23.73],[-46.0432,-23.7296],[-46.0428,-23.7288],[-46.0424,-23.7284],[-46.0424,-23.728],[-46.0424,-23.7276],[-46.0424,-23.7268],[-46.0424,-23.7264],[-46.0424,-23.726],[-46.0416,-23.7256],[-46.0416,-23.7252],[-46.0416,-23.7248],[-46.0412,-23.724],[-46.0408,-23.724],[-46.0404,-23.7244],[-46.04,-23.724],[-46.0396,-23.724],[-46.0392,-23.724],[-46.0388,-23.7236],[-46.0384,-23.7236],[-46.038,-23.7236],[-46.0376,-23.7232],[-46.0372,-23.7232],[-46.0368,-23.7228],[-46.0364,-23.7228],[-46.036,-23.7228],[-46.036,-23.7224],[-46.0352,-23.7224],[-46.0352,-23.722],[-46.0352,-23.7216],[-46.0348,-23.7216],[-46.0344,-23.7216],[-46.0344,-23.7212],[-46.0344,-23.7208],[-46.034,-23.7208],[-46.0324,-23.7208],[-46.0312,-23.7208],[-46.0312,-23.7204],[-46.0312,-23.72],[-46.0308,-23.72],[-46.0304,-23.72],[-46.0296,-23.72]]]}},{"type":"Feature","properties":{"dsubbc":"rio itapanhau","nome":"Rio Itapanhaú"},"geometry":{"type":"Polygon","coordinates":[[[-46.0416,-23.7224],[-46.0416,-23.7228],[-46.0412,-23.7232],[-46.0412,-23.724],[-46.0416,-23.7248],[-46.0416,-23.7252],[-46.0416,-23.7256],[-46.0424,-23.726],[-46.0424,-23.7264],[-46.0424,-23.7268],[-46.0424,-23.7276],[-46.0424,-23.728],[-46.0424,-23.7284],[-46.0428,-23.7288],[-46.0432,-23.7296],[-46.0432,-23.73],[-46.0436,-23.7304],[-46.044,-23.7308],[-46.0444,-23.7312],[-46.044,-23.7316],[-46.0436,-23.732],[-46.0432,-23.7324],[-46.0432,-23.7328],[-46.0436,-23.7328],[-46.044,-23.7328],[-46.0444,-23.7328],[-46.0448,-23.7328],[-46.0452,-23.7328],[-46.0456,-23.7328],[-46.046,-23.7328],[-46.0464,-23.7328],[-46.0472,-23.7328],[-46.0472,-23.7324],[-46.0472,-23.732],[-46.0476,-23.732],[-46.0476,-23.7316],[-46.048,-23.7316],[-46.0484,-23.7316],[-46.0484,-23.7312],[-46.0484,-23.7308],[-46.0492,-23.7308],[-46.0496,-23.7308],[-46.0496,-23.7304],[-46.05,-23.7304],[-46.05,-23.73],[-46.0504,-23.73],[-46.0504,-23.7296],[-46.0508,-23.7296],[-46.0508,-23.7292],[-46.0512,-23.7292],[-46.0512,-23.7288],[-46.0516,-23.7288],[-46.0516,-23.7268],[-46.052,-23.7268],[-46.052,-23.726],[-46.0524,-23.726],[-46.0524,-23.7256],[-46.0524,-23.7252],[-46.0528,-23.7252],[-46.0528,-23.7248],[-46.0532,-23.7248],[-46.0532,-23.724],[-46.0536,-23.724],[-46.0536,-23.7232],[-46.054,-23.7232],[-46.054,-23.7228],[-46.0544,-23.7228],[-46.0544,-23.7224],[-46.0544,-23.722],[-46.0548,-23.722],[-46.0548,-23.7216],[-46.0552,-23.7216],[-46.0552,-23.7208],[-46.0556,-23.7208],[-46.0556,-23.7204],[-46.056,-23.7204],[-46.056,-23.72],[-46.0564,-23.72],[-46.0564,-23.7196],[-46.056,-23.7196],[-46.056,-23.72],[-46.0552,-23.72],[-46.0544,-23.72],[-46.0544,-23.7204],[-46.0536,-23.7204],[-46.0536,-23.7208],[-46.0532,-23.7208],[-46.0492,-23.7208],[-46.0488,-23.7208],[-46.0488,-23.7212],[-46.0476,-23.7212],[-46.0476,-23.7216],[-46.0472,-23.7216],[-46.0464,-23.7216],[-46.0464,-23.722],[-46.0456,-23.722],[-46.0456,-23.7224],[-46.0452,-23.7224],[-46.0452,-23.7228],[-46.0444,-23.7228],[-46.044,-23.7228],[-46.0436,-23.7224],[-46.0428,-23.7224],[-46.0424,-23.7228],[-46.042,-23.7228],[-46.0416,-23.7224]]]}},{"type":"Feature","properties":{"dsubbc":"rio itapanhau","nome":"Rio Itapanhaú"},"geometry":{"type":"Polygon","coordinates":[[[-46.058,-23.7188],[-46.0572,-23.7188],[-46.0572,-23.7192],[-46.0564,-23.7192],[-46.0564,-23.7196],[-46.0564,-23.72],[-46.056,-23.72],[-46.056,-23.7204],[-46.0556,-23.7204],[-46.0556,-23.7208],[-46.0552,-23.7208],[-46.0552,-23.7216],[-46.0548,-23.7216],[-46.0548,-23.722],[-46.0544,-23.722],[-46.0544,-23.7224],[-46.0544,-23.7228],[-46.054,-23.7228],[-46.054,-23.7232],[-46.0536,-23.7232],[-46.0536,-23.724],[-46.0532,-23.724],[-46.0532,-23.7248],[-46.0528,-23.7248],[-46.0528,-23.7252],[-46.0524,-23.7252],[-46.0524,-23.7256],[-46.0524,-23.726],[-46.052,-23.726],[-46.052,-23.7268],[-46.0516,-23.7268],[-46.0516,-23.7288],[-46.0512,-23.7288],[-46.0512,-23.7292],[-46.0508,-23.7292],[-46.0508,-23.7296],[-46.0504,-23.7296],[-46.0504,-23.73],[-46.05,-23.73],[-46.05,-23.7304],[-46.0496,-23.7304],[-46.0496,-23.7308],[-46.0492,-23.7308],[-46.0484,-23.7308],[-46.0484,-23.7312],[-46.0484,-23.7316],[-46.048,-23.7316],[-46.0476,-23.7316],[-46.0476,-23.732],[-46.0472,-23.732],[-46.0472,-23.7324],[-46.0472,-23.7328],[-46.0464,-23.7328],[-46.046,-23.7328],[-46.0456,-23.7328],[-46.0452,-23.7328],[-46.0448,-23.7328],[-46.0444,-23.7328],[-46.044,-23.7328],[-46.0436,-23.7328],[-46.0432,-23.7328],[-46.0432,-23.7332],[-46.0432,-23.7336],[-46.0428,-23.7336],[-46.0424,-23.734],[-46.0424,-23.7344],[-46.0424,-23.7352],[-46.0424,-23.7356],[-46.0428,-23.736],[-46.0428,-23.7364],[-46.0432,-23.7364],[-46.0436,-23.7364],[-46.044,-23.7364],[-46.0444,-23.7364],[-46.0448,-23.7364],[-46.0452,-23.7364],[-46.0456,-23.7364],[-46.0472,-23.7364],[-46.0472,-23.736],[-46.048,-23.736],[-46.048,-23.7356],[-46.0488,-23.7356],[-46.0496,-23.7356],[-46.05,-23.7356],[-46.05,-23.7352],[-46.0504,-23.7352],[-46.0504,-23.7348],[-46.0508,-23.7348],[-46.0508,-23.7344],[-46.0512,-23.7344],[-46.0512,-23.734],[-46.0516,-23.734],[-46.0516,-23.7336],[-46.052,-23.7336],[-46.0524,-23.7336],[-46.0524,-23.7332],[-46.0524,-23.7328],[-46.0528,-23.7328],[-46.0532,-23.7328],[-46.0532,-23.7324],[-46.0532,-23.732],[-46.0536,-23.732],[-46.0536,-23.7316],[-46.054,-23.7316],[-46.0548,-23.7316],[-46.0548,-23.7312],[-46.0552,-23.7312],[-46.0552,-23.7308],[-46.0556,-23.7308],[-46.056,-23.7308],[-46.056,-23.7304],[-46.0564,-23.7304],[-46.0564,-23.7296],[-46.0568,-23.7296],[-46.0568,-23.7292],[-46.0572,-23.7292],[-46.0572,-23.7288],[-46.0624,-23.7288],[-46.0644,-23.7288],[-46.0648,-23.7288],[-46.0656,-23.7288],[-46.0656,-23.7284],[-46.066,-23.7284],[-46.066,-23.728],[-46.066,-23.7268],[-46.066,-23.7264],[-46.0656,-23.7264],[-46.0656,-23.726],[-46.0656,-23.724],[-46.066,-23.724],[-46.066,-23.7236],[-46.0656,-23.7236],[-46.0656,-23.7228],[-46.0652,-23.7228],[-46.0652,-23.7224],[-46.0652,-23.722],[-46.0648,-23.722],[-46.0648,-23.7216],[-46.0644,-23.7216],[-46.064,-23.7216],[-46.064,-23.7212],[-46.0636,-23.7212],[-46.0636,-23.7208],[-46.0632,-23.7208],[-46.0628,-23.7208],[-46.0628,-23.7204],[-46.0624,-23.7204],[-46.0624,-23.72],[-46.062,-23.72],[-46.0616,-23.72],[-46.0616,-23.7196],[-46.0612,-23.7196],[-46.0612,-23.7192],[-46.0604,-23.7192],[-46.0604,-23.7188],[-46.058,-23.7188]]]}},{"type":"Feature","properties":{"dsubbc":"rio itapanhau","nome":"Rio Itapanhaú"},"geometry":{"type":"Polygon","coordinates":[[[-46.0312,-23.7204],[-46.0312,-23.7208],[-46.0324,-23.7208],[-46.034,-23.7208],[-46.0344,-23.7208],[-46.0344,-23.7212],[-46.0344,-23.7216],[-46.0348,-23.7216],[-46.0352,-23.7216],[-46.0352,-23.722],[-46.0352,-23.7224],[-46.036,-23.7224],[-46.036,-23.7228],[-46.0364,-23.7228],[-46.0368,-23.7228],[-46.0372,-23.7232],[-46.0376,-23.7232],[-46.038,-23.7236],[-46.0384,-23.7236],[-46.0388,-23.7236],[-46.0392,-23.724],[-46.0396,-23.724],[-46.04,-23.724],[-46.0404,-23.7244],[-46.0408,-23.724],[-46.0412,-23.724],[-46.0412,-23.7232],[-46.0416,-23.7228],[-46.0416,-23.7224],[-46.042,-23.722],[-46.042,-23.7216],[-46.042,-23.7212],[-46.0424,-23.7208],[-46.0424,-23.7204],[-46.0424,-23.7196],[-46.0412,-23.7184],[-46.0408,-23.7184],[-46.0404,-23.718],[-46.0396,-23.7184],[-46.0392,-23.7184],[-46.0388,-23.7188],[-46.0384,-23.7188],[-46.038,-23.7192],[-46.0372,-23.7192],[-46.0368,-23.7192],[-46.0356,-23.7192],[-46.0352,-23.7196],[-46.0344,-23.7196],[-46.034,-23.7196],[-46.0332,-23.72],[-46.0328,-23.72],[-46.0324,-23.72],[-46.0312,-23.7204]]]}},{"type":"Feature","properties":{"dsubbc":"rio itapanhau","nome":"Rio Itapanhaú"},"geometry":{"type":"Polygon","coordinates":[[[-46.0424,-23.7204],[-46.0424,-23.7208],[-46.042,-23.7212],[-46.042,-23.7216],[-46.042,-23.722],[-46.0416,-23.7224],[-46.042,-23.7228],[-46.0424,-23.7228],[-46.0428,-23.7224],[-46.0436,-23.7224],[-46.044,-23.7228],[-46.0444,-23.7228],[-46.0452,-23.7228],[-46.0452,-23.7224],[-46.0456,-23.7224],[-46.0456,-23.722],[-46.0464,-23.722],[-46.0464,-23.7216],[-46.0472,-23.7216],[-46.0476,-23.7216],[-46.0476,-23.7212],[-46.0488,-23.7212],[-46.0488,-23.7208],[-46.0492,-23.7208],[-46.0532,-23.7208],[-46.0536,-23.7208],[-46.0536,-23.7204],[-46.0544,-23.7204],[-46.0544,-23.72],[-46.0552,-23.72],[-46.056,-23.72],[-46.056,-23.7196],[-46.0564,-23.7196],[-46.0564,-23.7192],[-46.0572,-23.7192],[-46.0572,-23.7188],[-46.058,-23.7188],[-46.0576,-23.7188],[-46.0576,-23.7184],[-46.0572,-23.7184],[-46.0572,-23.718],[-46.0568,-23.718],[-46.0568,-23.7176],[-46.0564,-23.7176],[-46.0564,-23.7172],[-46.0564,-23.7168],[-46.056,-23.7168],[-46.0556,-23.7168],[-46.0556,-23.7164],[-46.054,-23.7164],[-46.054,-23.7168],[-46.0532,-23.7168],[-46.0528,-23.7168],[-46.0528,-23.7172],[-46.0524,-23.7172],[-46.0524,-23.7176],[-46.0512,-23.7176],[-46.0512,-23.718],[-46.05,-23.718],[-46.05,-23.7184],[-46.0496,-23.7184],[-46.0496,-23.7188],[-46.0492,-23.7188],[-46.0492,-23.7192],[-46.0476,-23.7192],[-46.0468,-23.7192],[-46.0464,-23.7192],[-46.0464,-23.7196],[-46.046,-23.7196],[-46.0456,-23.7196],[-46.0452,-23.7196],[-46.0448,-23.7196],[-46.0448,-23.72],[-46.0444,-23.72],[-46.044,-23.72],[-46.0436,-23.72],[-46.0436,-23.7204],[-46.0432,-23.7204],[-46.0428,-23.7204],[-46.0424,-23.7204]]]}},{"type":"Feature","properties":{"dsubbc":"rio itapanhau","nome":"Rio Itapanhaú"},"geometry":{"type":"Polygon","coordinates":[[[-46.0288,-23.7192],[-46.0288,-23.7196],[-46.0296,-23.7196],[-46.0296,-23.72],[-46.0304,-23.72],[-46.0308,-23.72],[-46.0312,-23.72],[-46.0312,-23.7204],[-46.0324,-23.72],[-46.0328,-23.72],[-46.0332,-23.72],[-46.034,-23.7196],[-46.0344,-23.7196],[-46.0352,-23.7196],[-46.0356,-23.7192],[-46.0368,-23.7192],[-46.0372,-23.7192],[-46.038,-23.7192],[-46.0384,-23.7188],[-46.0388,-23.7188],[-46.0392,-23.7184],[-46.0396,-23.7184],[-46.0404,-23.718],[-46.04,-23.7176],[-46.04,-23.7172],[-46.0396,-23.7172],[-46.0396,-23.7168],[-46.0392,-23.7168],[-46.0392,-23.7164],[-46.0384,-23.7152],[-46.038,-23.7152],[-46.0376,-23.7148],[-46.0364,-23.716],[-46.0356,-23.7164],[-46.0348,-23.7164],[-46.034,-23.7168],[-46.0332,-23.7168],[-46.0312,-23.7168],[-46.0312,-23.7172],[-46.0312,-23.7176],[-46.0308,-23.7176],[-46.0308,-23.718],[-46.0304,-23.718],[-46.0304,-23.7184],[-46.03,-23.7184],[-46.03,-23.7188],[-46.0296,-23.7188],[-46.0296,-23.7192],[-46.0288,-23.7192]]]}},{"type":"Feature","properties":{"dsubbc":"rio itapanhau","nome":"Rio Itapanhaú"},"geometry":{"type":"Polygon","coordinates":[[[-46.0264,-23.7156],[-46.0264,-23.7168],[-46.0264,-23.7176],[-46.0268,-23.7176],[-46.0268,-23.718],[-46.0272,-23.718],[-46.0272,-23.7184],[-46.0276,-23.7184],[-46.0276,-23.7188],[-46.0284,-23.7188],[-46.0284,-23.7192],[-46.0288,-23.7192],[-46.0296,-23.7192],[-46.0296,-23.7188],[-46.03,-23.7188],[-46.03,-23.7184],[-46.0304,-23.7184],[-46.0304,-23.718],[-46.0308,-23.718],[-46.0308,-23.7176],[-46.0312,-23.7176],[-46.0312,-23.7172],[-46.0312,-23.7168],[-46.0332,-23.7168],[-46.034,-23.7168],[-46.0348,-23.7164],[-46.0356,-23.7164],[-46.0364,-23.716],[-46.0376,-23.7148],[-46.0372,-23.7148],[-46.0368,-23.7144],[-46.0364,-23.7144],[-46.0364,-23.714],[-46.0364,-23.7132],[-46.036,-23.7128],[-46.0344,-23.7136],[-46.0336,-23.714],[-46.0332,-23.714],[-46.0316,-23.7144],[-46.0308,-23.7148],[-46.028,-23.7148],[-46.0268,-23.7148],[-46.0268,-23.7152],[-46.0264,-23.7152],[-46.0264,-23.7156]]]}},{"type":"Feature","properties":{"dsubbc":"rio itapanhau","nome":"Rio Itapanhaú"},"geometry":{"type":"Polygon","coordinates":[[[-46.0252,-23.7072],[-46.0236,-23.7072],[-46.0236,-23.7076],[-46.0236,-23.708],[-46.0236,-23.7084],[-46.0236,-23.7088],[-46.0236,-23.7092],[-46.0232,-23.71],[-46.0232,-23.7104],[-46.0228,-23.7104],[-46.0228,-23.7108],[-46.0228,-23.7112],[-46.0228,-23.7116],[-46.0228,-23.712],[-46.0228,-23.7124],[-46.0232,-23.7124],[-46.0232,-23.7128],[-46.0236,-23.7132],[-46.024,-23.7136],[-46.0244,-23.7136],[-46.0248,-23.714],[-46.0248,-23.7144],[-46.0252,-23.7148],[-46.0256,-23.7148],[-46.0256,-23.7152],[-46.026,-23.7152],[-46.026,-23.7156],[-46.0264,-23.7156],[-46.0264,-23.7152],[-46.0268,-23.7152],[-46.0268,-23.7148],[-46.028,-23.7148],[-46.0308,-23.7148],[-46.0316,-23.7144],[-46.0332,-23.714],[-46.0336,-23.714],[-46.0344,-23.7136],[-46.036,-23.7128],[-46.0356,-23.7124],[-46.034,-23.7124],[-46.0336,-23.7124],[-46.0328,-23.7124],[-46.0324,-23.7116],[-46.032,-23.7116],[-46.0312,-23.7108],[-46.0312,-23.7104],[-46.0308,-23.71],[-46.0304,-23.71],[-46.03,-23.7096],[-46.0292,-23.7096],[-46.0288,-23.7088],[-46.0284,-23.7088],[-46.028,-23.7088],[-46.0276,-23.7088],[-46.0272,-23.708],[-46.0268,-23.708],[-46.0264,-23.7076],[-46.0256,-23.7076],[-46.0252,-23.7072]]]}},{"type":"Feature","properties":{"dsubbc":"rio itapanhau","nome":"Rio Itapanhaú"},"geometry":{"type":"Polygon","coordinates":[[[-46.0136,-23.712],[-46.0136,-23.7124],[-46.014,-23.7124],[-46.014,-23.7128],[-46.0144,-23.7128],[-46.0148,-23.7128],[-46.0148,-23.7132],[-46.0156,-23.7132],[-46.0156,-23.7136],[-46.0156,-23.714],[-46.0164,-23.714],[-46.0164,-23.7144],[-46.0176,-23.7144],[-46.0176,-23.7148],[-46.018,-23.7148],[-46.018,-23.7152],[-46.0188,-23.7152],[-46.0188,-23.7156],[-46.0196,-23.7156],[-46.0196,-23.716],[-46.0216,-23.716],[-46.0216,-23.7156],[-46.022,-23.7156],[-46.022,-23.7152],[-46.0224,-23.7152],[-46.0224,-23.7148],[-46.0232,-23.7148],[-46.0232,-23.7152],[-46.0248,-23.7152],[-46.0248,-23.7148],[-46.0252,-23.7148],[-46.0248,-23.7144],[-46.0248,-23.714],[-46.0244,-23.7136],[-46.024,-23.7136],[-46.0236,-23.7132],[-46.0232,-23.7128],[-46.0232,-23.7124],[-46.0228,-23.7124],[-46.0228,-23.712],[-46.0228,-23.7116],[-46.0228,-23.7112],[-46.0228,-23.7108],[-46.0228,-23.7104],[-46.0232,-23.7104],[-46.0232,-23.71],[-46.0236,-23.7092],[-46.0236,-23.7088],[-46.0236,-23.7084],[-46.0236,-23.708],[-46.0236,-23.7076],[-46.0236,-23.7072],[-46.0228,-23.7072],[-46.0228,-23.7068],[-46.0224,-23.7068],[-46.022,-23.7068],[-46.0216,-23.7068],[-46.0212,-23.7064],[-46.0204,-23.7064],[-46.0204,-23.706],[-46.0196,-23.7068],[-46.0192,-23.7072],[-46.0188,-23.7076],[-46.0184,-23.708],[-46.0184,-23.7084],[-46.018,-23.7088],[-46.0176,-23.7096],[-46.0172,-23.71],[-46.0168,-23.7104],[-46.0168,-23.7108],[-46.0164,-23.7108],[-46.016,-23.7112],[-46.0156,-23.7116],[-46.0152,-23.7116],[-46.0144,-23.712],[-46.0136,-23.712]]]}},{"type":"Feature","properties":{"dsubbc":"rio itapanhau","nome":"Rio Itapanhaú"},"geometry":{"type":"Polygon","coordinates":[[[-46.0424,-23.7196],[-46.0424,-23.7204],[-46.0428,-23.7204],[-46.0432,-23.7204],[-46.0436,-23.7204],[-46.0436,-23.72],[-46.044,-23.72],[-46.0444,-23.72],[-46.0448,-23.72],[-46.0448,-23.7196],[-46.0452,-23.7196],[-46.0456,-23.7196],[-46.046,-23.7196],[-46.0464,-23.7196],[-46.0464,-23.7192],[-46.0468,-23.7192],[-46.0476,-23.7192],[-46.0492,-23.7192],[-46.0492,-23.7188],[-46.0496,-23.7188],[-46.0496,-23.7184],[-46.05,-23.7184],[-46.05,-23.718],[-46.0512,-23.718],[-46.0512,-23.7176],[-46.0524,-23.7176],[-46.0524,-23.7172],[-46.0528,-23.7172],[-46.0528,-23.7168],[-46.0532,-23.7168],[-46.054,-23.7168],[-46.054,-23.7164],[-46.0556,-23.7164],[-46.0556,-23.7168],[-46.056,-23.7168],[-46.0564,-23.7168],[-46.0564,-23.7172],[-46.0564,-23.7176],[-46.0568,-23.7176],[-46.0568,-23.718],[-46.0572,-23.718],[-46.0572,-23.7184],[-46.0576,-23.7184],[-46.0576,-23.7188],[-46.058,-23.7188],[-46.0604,-23.7188],[-46.0604,-23.7192],[-46.0612,-23.7192],[-46.0612,-23.7196],[-46.0616,-23.7196],[-46.0616,-23.72],[-46.062,-23.72],[-46.0624,-23.72],[-46.0624,-23.7204],[-46.0628,-23.7204],[-46.0628,-23.7208],[-46.0632,-23.7208],[-46.0636,-23.7208],[-46.0636,-23.7212],[-46.064,-23.7212],[-46.064,-23.7216],[-46.0644,-23.7216],[-46.0648,-23.7216],[-46.0648,-23.722],[-46.0652,-23.722],[-46.0652,-23.7224],[-46.0652,-23.7228],[-46.0656,-23.7228],[-46.0656,-23.7236],[-46.066,-23.7236],[-46.066,-23.724],[-46.068,-23.724],[-46.068,-23.7244],[-46.0684,-23.7244],[-46.0684,-23.7248],[-46.0688,-23.7248],[-46.0688,-23.7252],[-46.0692,-23.7252],[-46.0692,-23.726],[-46.0692,-23.7264],[-46.07,-23.7264],[-46.07,-23.7268],[-46.0704,-23.7268],[-46.0708,-23.7268],[-46.0708,-23.7272],[-46.0712,-23.7272],[-46.0712,-23.7276],[-46.0716,-23.7276],[-46.0716,-23.728],[-46.072,-23.728],[-46.072,-23.7284],[-46.072,-23.7288],[-46.0724,-23.7288],[-46.0728,-23.7288],[-46.0728,-23.7292],[-46.0732,-23.7292],[-46.0732,-23.7296],[-46.074,-23.7296],[-46.0744,-23.7296],[-46.0744,-23.73],[-46.0748,-23.73],[-46.0748,-23.7304],[-46.0752,-23.7304],[-46.0752,-23.7308],[-46.076,-23.7308],[-46.076,-23.7312],[-46.0764,-23.7312],[-46.0764,-23.7316],[-46.0768,-23.7316],[-46.0768,-23.732],[-46.0772,-23.732],[-46.0772,-23.7324],[-46.0772,-23.7328],[-46.078,-23.7328],[-46.0784,-23.7328],[-46.0792,-23.7328],[-46.08,-23.7328],[-46.08,-23.7332],[-46.0828,-23.7332],[-46.0828,-23.7328],[-46.0832,-23.7328],[-46.084,-23.7328],[-46.084,-23.7332],[-46.0848,-23.7332],[-46.0848,-23.7336],[-46.0888,-23.7336],[-46.0888,-23.7332],[-46.0892,-23.7332],[-46.0892,-23.7328],[-46.0896,-23.7328],[-46.0916,-23.7328],[-46.0916,-23.7332],[-46.092,-23.7332],[-46.092,-23.7336],[-46.0952,-23.7336],[-46.096,-23.7336],[-46.096,-23.734],[-46.096,-23.7344],[-46.0964,-23.7344],[-46.0964,-23.7348],[-46.0972,-23.7348],[-46.0976,-23.7348],[-46.0976,-23.7352],[-46.098,-23.7352],[-46.098,-23.7356],[-46.0992,-23.7356],[-46.0992,-23.736],[-46.102,-23.736],[-46.102,-23.7364],[-46.1028,-23.7364],[-46.1028,-23.736],[-46.1032,-23.736],[-46.1032,-23.7356],[-46.1036,-23.7356],[-46.1036,-23.7348],[-46.1032,-23.7348],[-46.1032,-23.7344],[-46.1036,-23.7344],[-46.1036,-23.734],[-46.104,-23.734],[-46.104,-23.7336],[-46.104,-23.7332],[-46.1044,-23.7332],[-46.1044,-23.7328],[-46.106,-23.7328],[-46.1064,-23.7328],[-46.1064,-23.7324],[-46.1068,-23.7324],[-46.1068,-23.732],[-46.1068,-23.7312],[-46.1068,-23.7308],[-46.1064,-23.7308],[-46.106,-23.7308],[-46.106,-23.73],[-46.1056,-23.73],[-46.1056,-23.7296],[-46.1052,-23.7296],[-46.104,-23.7296],[-46.104,-23.7292],[-46.1036,-23.7292],[-46.1036,-23.7288],[-46.1028,-23.7288],[-46.1028,-23.7284],[-46.102,-23.7284],[-46.102,-23.728],[-46.102,-23.7284],[-46.1012,-23.7284],[-46.1012,-23.7288],[-46.1004,-23.7288],[-46.1,-23.7288],[-46.0988,-23.7288],[-46.0988,-23.7284],[-46.098,-23.7284],[-46.098,-23.728],[-46.098,-23.7276],[-46.0976,-23.7276],[-46.0972,-23.7276],[-46.0972,-23.7268],[-46.0972,-23.726],[-46.0972,-23.7248],[-46.098,-23.7248],[-46.098,-23.7244],[-46.098,-23.7232],[-46.0984,-23.7232],[-46.0984,-23.7228],[-46.0988,-23.7228],[-46.0992,-23.7228],[-46.0992,-23.7224],[-46.0996,-23.7224],[-46.0996,-23.722],[-46.1,-23.722],[-46.1,-23.7216],[-46.1004,-23.7216],[-46.1004,-23.7208],[-46.1,-23.7208],[-46.1,-23.72],[-46.1,-23.7196],[-46.0996,-23.7196],[-46.0996,-23.7188],[-46.0992,-23.7188],[-46.0992,-23.7184],[-46.0992,-23.718],[-46.0988,-23.718],[-46.098,-23.718],[-46.098,-23.7176],[-46.0976,-23.7176],[-46.0976,-23.7172],[-46.0972,-23.7172],[-46.0972,-23.7144],[-46.0968,-23.7144],[-46.0968,-23.714],[-46.0964,-23.714],[-46.0964,-23.7136],[-46.096,-23.7136],[-46.096,-23.7132],[-46.0956,-23.7136],[-46.094,-23.7136],[-46.0936,-23.7136],[-46.092,-23.7132],[-46.0912,-23.7132],[-46.09,-23.7132],[-46.0892,-23.7128],[-46.0876,-23.7124],[-46.0864,-23.7124],[-46.0856,-23.712],[-46.0844,-23.712],[-46.0828,-23.7116],[-46.0812,-23.7108],[-46.0796,-23.7108],[-46.0788,-23.7108],[-46.0776,-23.7108],[-46.0768,-23.7104],[-46.0764,-23.7112],[-46.0756,-23.7116],[-46.0748,-23.712],[-46.074,-23.7124],[-46.0724,-23.7124],[-46.0716,-23.7124],[-46.0704,-23.712],[-46.0696,-23.7116],[-46.0692,-23.7116],[-46.068,-23.7116],[-46.0672,-23.7112],[-46.0668,-23.7108],[-46.0664,-23.7104],[-46.0652,-23.7096],[-46.0648,-23.7092],[-46.0644,-23.7088],[-46.064,-23.7084],[-46.0632,-23.708],[-46.062,-23.7072],[-46.0612,-23.7068],[-46.0604,-23.7064],[-46.0596,-23.706],[-46.058,-23.7056],[-46.0576,-23.7056],[-46.0568,-23.706],[-46.0564,-23.7064],[-46.056,-23.7068],[-46.0556,-23.7072],[-46.0548,-23.7076],[-46.054,-23.708],[-46.0536,-23.708],[-46.0528,-23.7084],[-46.0524,-23.7088],[-46.0524,-23.7092],[-46.0516,-23.7096],[-46.0504,-23.7104],[-46.05,-23.7112],[-46.0492,-23.7116],[-46.0488,-23.7124],[-46.048,-23.7128],[-46.048,-23.7136],[-46.0476,-23.714],[-46.0464,-23.7148],[-46.046,-23.7152],[-46.0444,-23.7164],[-46.0436,-23.7172],[-46.0432,-23.7176],[-46.0428,-23.718],[-46.0428,-23.7184],[-46.0428,-23.7188],[-46.0428,-23.7192],[-46.0424,-23.7196]]]}},{"type":"Feature","properties":{"dsubbc":"rio itapanhau","nome":"Rio Itapanhaú"},"geometry":{"type":"Polygon","coordinates":[[[-46.0332,-23.704],[-46.0332,-23.7044],[-46.0336,-23.7044],[-46.0336,-23.7052],[-46.034,-23.7056],[-46.034,-23.706],[-46.0344,-23.7064],[-46.0344,-23.7068],[-46.0348,-23.7072],[-46.0352,-23.7076],[-46.0352,-23.708],[-46.0356,-23.708],[-46.0356,-23.7084],[-46.036,-23.7088],[-46.036,-23.7092],[-46.036,-23.7096],[-46.036,-23.7104],[-46.036,-23.7108],[-46.036,-23.7116],[-46.0364,-23.7124],[-46.0364,-23.7132],[-46.0364,-23.714],[-46.0364,-23.7144],[-46.0368,-23.7144],[-46.0372,-23.7148],[-46.0376,-23.714],[-46.0376,-23.7136],[-46.038,-23.7132],[-46.038,-23.7128],[-46.0384,-23.7124],[-46.0388,-23.7124],[-46.0388,-23.712],[-46.0392,-23.712],[-46.0392,-23.7116],[-46.0392,-23.7112],[-46.0396,-23.7112],[-46.0396,-23.7108],[-46.04,-23.7108],[-46.0404,-23.7108],[-46.0404,-23.7104],[-46.0404,-23.71],[-46.0408,-23.71],[-46.0412,-23.71],[-46.0412,-23.7096],[-46.0412,-23.7092],[-46.0416,-23.7092],[-46.0416,-23.7088],[-46.042,-23.7088],[-46.0424,-23.7088],[-46.0424,-23.7084],[-46.0424,-23.708],[-46.0428,-23.708],[-46.0428,-23.7076],[-46.0424,-23.7076],[-46.0424,-23.7072],[-46.0424,-23.7068],[-46.042,-23.7068],[-46.042,-23.7064],[-46.0412,-23.7064],[-46.0412,-23.706],[-46.0408,-23.706],[-46.0408,-23.7056],[-46.0404,-23.7056],[-46.0404,-23.7052],[-46.0404,-23.7048],[-46.04,-23.7048],[-46.04,-23.7044],[-46.0392,-23.7044],[-46.0392,-23.704],[-46.0392,-23.7044],[-46.0388,-23.7044],[-46.0388,-23.7048],[-46.0384,-23.7048],[-46.0384,-23.7044],[-46.0372,-23.7044],[-46.0372,-23.704],[-46.0332,-23.704]]]}},{"type":"Feature","properties":{"dsubbc":"rio itapanhau","nome":"Rio Itapanhaú"},"geometry":{"type":"Polygon","coordinates":[[[-46.0116,-23.704],[-46.0112,-23.7048],[-46.0108,-23.7048],[-46.0108,-23.7052],[-46.0108,-23.7072],[-46.0104,-23.7072],[-46.0104,-23.7076],[-46.0104,-23.708],[-46.01,-23.708],[-46.0096,-23.708],[-46.0096,-23.7084],[-46.0096,-23.7088],[-46.0092,-23.7088],[-46.0092,-23.7092],[-46.0096,-23.7092],[-46.0096,-23.7096],[-46.0096,-23.71],[-46.01,-23.71],[-46.0104,-23.71],[-46.0104,-23.7104],[-46.0108,-23.7104],[-46.0108,-23.7108],[-46.0112,-23.7108],[-46.0112,-23.7112],[-46.0116,-23.7112],[-46.0116,-23.7116],[-46.0124,-23.7116],[-46.0124,-23.712],[-46.0128,-23.712],[-46.0136,-23.712],[-46.014,-23.712],[-46.014,-23.7116],[-46.0144,-23.7116],[-46.0144,-23.7112],[-46.0144,-23.7108],[-46.0148,-23.7108],[-46.0148,-23.71],[-46.0144,-23.71],[-46.0144,-23.7096],[-46.0148,-23.7096],[-46.0148,-23.7084],[-46.0152,-23.7084],[-46.0152,-23.708],[-46.0152,-23.7068],[-46.0148,-23.7068],[-46.0144,-23.7068],[-46.0144,-23.7064],[-46.014,-23.706],[-46.014,-23.7056],[-46.014,-23.7052],[-46.0136,-23.7048],[-46.0136,-23.704],[-46.0132,-23.7044],[-46.0128,-23.7044],[-46.012,-23.7044],[-46.012,-23.704],[-46.0116,-23.704]]]}},{"type":"Feature","properties":{"dsubbc":"rio itapanhau","nome":"Rio Itapanhaú"},"geometry":{"type":"Polygon","coordinates":[[[-46.0136,-23.704],[-46.0136,-23.7048],[-46.014,-23.7052],[-46.014,-23.7056],[-46.014,-23.706],[-46.0144,-23.7064],[-46.0144,-23.7068],[-46.0148,-23.7068],[-46.0152,-23.7068],[-46.0152,-23.708],[-46.0152,-23.7084],[-46.0148,-23.7084],[-46.0148,-23.7096],[-46.0144,-23.7096],[-46.0144,-23.71],[-46.0148,-23.71],[-46.0148,-23.7108],[-46.0144,-23.7108],[-46.0144,-23.7112],[-46.0144,-23.7116],[-46.014,-23.7116],[-46.014,-23.712],[-46.0136,-23.712],[-46.0144,-23.712],[-46.0152,-23.7116],[-46.0156,-23.7116],[-46.016,-23.7112],[-46.0164,-23.7108],[-46.0168,-23.7108],[-46.0168,-23.7104],[-46.0172,-23.71],[-46.0176,-23.7096],[-46.018,-23.7088],[-46.0184,-23.7084],[-46.0184,-23.708],[-46.0188,-23.7076],[-46.0192,-23.7072],[-46.0196,-23.7068],[-46.0204,-23.706],[-46.02,-23.706],[-46.0196,-23.7056],[-46.0192,-23.7056],[-46.0192,-23.7052],[-46.0188,-23.7052],[-46.0184,-23.7044],[-46.018,-23.7044],[-46.0168,-23.7044],[-46.0156,-23.7044],[-46.0148,-23.704],[-46.0136,-23.704]]]}},{"type":"Feature","properties":{"dsubbc":"rio itapanhau","nome":"Rio Itapanhaú"},"geometry":{"type":"Polygon","coordinates":[[[-46.0336,-23.7124],[-46.034,-23.7124],[-46.0356,-23.7124],[-46.036,-23.7128],[-46.0364,-23.7132],[-46.0364,-23.7124],[-46.036,-23.7116],[-46.036,-23.7108],[-46.036,-23.7104],[-46.036,-23.7096],[-46.036,-23.7092],[-46.036,-23.7088],[-46.0356,-23.7084],[-46.0356,-23.708],[-46.0352,-23.708],[-46.0352,-23.7076],[-46.0348,-23.7072],[-46.0344,-23.7068],[-46.0344,-23.7064],[-46.034,-23.706],[-46.034,-23.7056],[-46.0336,-23.7052],[-46.0336,-23.7044],[-46.0332,-23.7044],[-46.0332,-23.704],[-46.0328,-23.704],[-46.0324,-23.7044],[-46.0324,-23.7048],[-46.0324,-23.7052],[-46.0324,-23.7056],[-46.0324,-23.706],[-46.0324,-23.7064],[-46.0324,-23.7068],[-46.0324,-23.7072],[-46.0324,-23.708],[-46.0328,-23.7084],[-46.0328,-23.7088],[-46.0328,-23.7092],[-46.0328,-23.71],[-46.0332,-23.7104],[-46.0332,-23.7108],[-46.0336,-23.7112],[-46.0336,-23.712],[-46.0336,-23.7124]]]}},{"type":"Feature","properties":{"dsubbc":"rio itapanhau","nome":"Rio Itapanhaú"},"geometry":{"type":"Polygon","coordinates":[[[-46.0056,-23.7068],[-46.0056,-23.7072],[-46.0052,-23.7072],[-46.0044,-23.7072],[-46.004,-23.7076],[-46.0036,-23.708],[-46.004,-23.708],[-46.004,-23.7084],[-46.0044,-23.7084],[-46.0044,-23.7088],[-46.0084,-23.7088],[-46.0092,-23.7088],[-46.0096,-23.7088],[-46.0096,-23.7084],[-46.0096,-23.708],[-46.01,-23.708],[-46.0104,-23.708],[-46.0104,-23.7076],[-46.0104,-23.7072],[-46.0108,-23.7072],[-46.0108,-23.7052],[-46.0108,-23.7048],[-46.0112,-23.7048],[-46.0116,-23.704],[-46.0112,-23.704],[-46.0108,-23.7036],[-46.0104,-23.7036],[-46.01,-23.704],[-46.0096,-23.704],[-46.0096,-23.7044],[-46.0092,-23.7044],[-46.0092,-23.7048],[-46.0088,-23.7048],[-46.0084,-23.7052],[-46.008,-23.7052],[-46.0076,-23.7056],[-46.0072,-23.7056],[-46.0072,-23.706],[-46.0068,-23.706],[-46.0064,-23.7064],[-46.006,-23.7068],[-46.0056,-23.7068]]]}},{"type":"Feature","properties":{"dsubbc":"rio itapanhau","nome":"Rio Itapanhaú"},"geometry":{"type":"Polygon","coordinates":[[[-46.0076,-23.7024],[-46.0072,-23.7028],[-46.0072,-23.7032],[-46.0072,-23.7036],[-46.0068,-23.7036],[-46.0068,-23.704],[-46.0064,-23.7044],[-46.0064,-23.7048],[-46.006,-23.7052],[-46.006,-23.7056],[-46.006,-23.706],[-46.006,-23.7064],[-46.0056,-23.7068],[-46.006,-23.7068],[-46.0064,-23.7064],[-46.0068,-23.706],[-46.0072,-23.706],[-46.0072,-23.7056],[-46.0076,-23.7056],[-46.008,-23.7052],[-46.0084,-23.7052],[-46.0088,-23.7048],[-46.0092,-23.7048],[-46.0092,-23.7044],[-46.0096,-23.7044],[-46.0096,-23.704],[-46.01,-23.704],[-46.0104,-23.7036],[-46.0108,-23.7036],[-46.0108,-23.7032],[-46.0104,-23.7032],[-46.0104,-23.7028],[-46.01,-23.7028],[-46.0096,-23.7024],[-46.0092,-23.7024],[-46.0076,-23.7024]]]}},{"type":"Feature","properties":{"dsubbc":"rio itapanhau","nome":"Rio Itapanhaú"},"geometry":{"type":"Polygon","coordinates":[[[-46.0028,-23.708],[-46.0036,-23.708],[-46.004,-23.7076],[-46.0044,-23.7072],[-46.0052,-23.7072],[-46.0056,-23.7072],[-46.0056,-23.7068],[-46.006,-23.7064],[-46.006,-23.706],[-46.006,-23.7056],[-46.006,-23.7052],[-46.0064,-23.7048],[-46.0064,-23.7044],[-46.0068,-23.704],[-46.0068,-23.7036],[-46.0072,-23.7036],[-46.0072,-23.7032],[-46.0072,-23.7028],[-46.0076,-23.7024],[-46.0072,-23.7024],[-46.0068,-23.7024],[-46.0056,-23.7024],[-46.0036,-23.7024],[-46.0032,-23.7024],[-46.0032,-23.702],[-46.0028,-23.7024],[-46.0028,-23.7028],[-46.0028,-23.7032],[-46.0028,-23.7036],[-46.0028,-23.704],[-46.0024,-23.7044],[-46.0024,-23.7048],[-46.0024,-23.7052],[-46.0024,-23.7056],[-46.0024,-23.706],[-46.0024,-23.7064],[-46.0024,-23.7068],[-46.0028,-23.7072],[-46.0028,-23.708]]]}},{"type":"Feature","properties":{"dsubbc":"rio itapanhau","nome":"Rio Itapanhaú"},"geometry":{"type":"Polygon","coordinates":[[[-46.02,-23.706],[-46.0204,-23.706],[-46.0204,-23.7064],[-46.0212,-23.7064],[-46.0216,-23.7068],[-46.022,-23.7068],[-46.0224,-23.7068],[-46.0228,-23.7068],[-46.0228,-23.7072],[-46.0236,-23.7072],[-46.0252,-23.7072],[-46.0252,-23.706],[-46.0252,-23.7056],[-46.0252,-23.7052],[-46.0252,-23.7048],[-46.0252,-23.7044],[-46.0248,-23.7032],[-46.0244,-23.7024],[-46.024,-23.702],[-46.0236,-23.7008],[-46.0236,-23.7016],[-46.0236,-23.702],[-46.0232,-23.702],[-46.0228,-23.702],[-46.0228,-23.7024],[-46.0224,-23.7024],[-46.0224,-23.7028],[-46.022,-23.7028],[-46.022,-23.7032],[-46.0216,-23.7032],[-46.0216,-23.7036],[-46.0216,-23.704],[-46.0212,-23.704],[-46.0208,-23.704],[-46.0208,-23.7044],[-46.0204,-23.7044],[-46.0204,-23.7048],[-46.0204,-23.7052],[-46.02,-23.7056],[-46.02,-23.706]]]}},{"type":"Feature","properties":{"dsubbc":"rio itapanhau","nome":"Rio Itapanhaú"},"geometry":{"type":"Polygon","coordinates":[[[-46.0268,-23.708],[-46.0272,-23.708],[-46.0276,-23.7088],[-46.028,-23.7088],[-46.0284,-23.7088],[-46.0288,-23.7088],[-46.0292,-23.7096],[-46.03,-23.7096],[-46.0304,-23.71],[-46.0308,-23.71],[-46.0312,-23.7104],[-46.0312,-23.7108],[-46.032,-23.7116],[-46.0324,-23.7116],[-46.0328,-23.7124],[-46.0336,-23.7124],[-46.0336,-23.712],[-46.0336,-23.7112],[-46.0332,-23.7108],[-46.0332,-23.7104],[-46.0328,-23.71],[-46.0328,-23.7092],[-46.0328,-23.7088],[-46.0328,-23.7084],[-46.0324,-23.708],[-46.0324,-23.7072],[-46.0324,-23.7068],[-46.0324,-23.7064],[-46.0324,-23.706],[-46.0324,-23.7056],[-46.0324,-23.7052],[-46.0324,-23.7048],[-46.0324,-23.7044],[-46.0328,-23.704],[-46.0332,-23.704],[-46.0328,-23.704],[-46.0328,-23.7036],[-46.0324,-23.7036],[-46.0324,-23.702],[-46.0324,-23.7016],[-46.032,-23.7016],[-46.032,-23.7],[-46.0316,-23.7008],[-46.0308,-23.7016],[-46.0304,-23.702],[-46.03,-23.7028],[-46.0296,-23.7036],[-46.0288,-23.7044],[-46.0284,-23.7048],[-46.028,-23.7052],[-46.0276,-23.7056],[-46.0276,-23.706],[-46.0272,-23.7064],[-46.0268,-23.7072],[-46.0268,-23.708]]]}},{"type":"Feature","properties":{"dsubbc":"rio itapanhau","nome":"Rio Itapanhaú"},"geometry":{"type":"Polygon","coordinates":[[[-45.9916,-23.7056],[-45.9924,-23.7056],[-45.9924,-23.706],[-45.9928,-23.706],[-45.9932,-23.706],[-45.9936,-23.706],[-45.9936,-23.7056],[-45.9936,-23.7052],[-45.994,-23.7052],[-45.994,-23.7048],[-45.9944,-23.7048],[-45.9956,-23.7048],[-45.996,-23.7048],[-45.9964,-23.7048],[-45.9964,-23.7044],[-45.9968,-23.7044],[-45.9968,-23.704],[-45.9976,-23.704],[-45.998,-23.704],[-45.998,-23.7044],[-45.9984,-23.7044],[-45.9984,-23.7048],[-45.9988,-23.7048],[-45.9988,-23.7052],[-45.9992,-23.7052],[-45.9992,-23.7056],[-45.9996,-23.7056],[-45.9996,-23.706],[-46.0,-23.706],[-46.0004,-23.706],[-46.0004,-23.7068],[-46.0008,-23.7068],[-46.0008,-23.7076],[-46.0012,-23.7076],[-46.0012,-23.708],[-46.0016,-23.708],[-46.0016,-23.7084],[-46.0028,-23.7084],[-46.0028,-23.708],[-46.0028,-23.7072],[-46.0024,-23.7068],[-46.0024,-23.7064],[-46.0024,-23.706],[-46.0024,-23.7056],[-46.0024,-23.7052],[-46.0024,-23.7048],[-46.0024,-23.7044],[-46.0028,-23.704],[-46.0028,-23.7036],[-46.0028,-23.7032],[-46.0028,-23.7028],[-46.0028,-23.7024],[-46.0032,-23.702],[-46.0016,-23.7008],[-46.0008,-23.7008],[-46.0004,-23.7008],[-46.0004,-23.6996],[-45.9996,-23.6988],[-45.9992,-23.6988],[-45.9988,-23.6988],[-45.9984,-23.6988],[-45.9984,-23.6992],[-45.9976,-23.6992],[-45.9972,-23.6988],[-45.996,-23.6988],[-45.9956,-23.6988],[-45.9952,-23.6984],[-45.9948,-23.6984],[-45.9948,-23.698],[-45.9944,-23.6988],[-45.994,-23.6992],[-45.994,-23.7],[-45.994,-23.7008],[-45.9936,-23.7008],[-45.9936,-23.7016],[-45.9932,-23.702],[-45.9928,-23.7024],[-45.9928,-23.7032],[-45.992,-23.704],[-45.9924,-23.7044],[-45.992,-23.7048],[-45.9916,-23.7056]]]}},{"type":"Feature","properties":{"dsubbc":"rio itapanhau","nome":"Rio Itapanhaú"},"geometry":{"type":"Polygon","coordinates":[[[-46.0172,-23.6964],[-46.0168,-23.6964],[-46.0168,-23.6968],[-46.0164,-23.6968],[-46.0164,-23.6972],[-46.016,-23.6972],[-46.016,-23.6976],[-46.0156,-23.6976],[-46.0156,-23.698],[-46.0152,-23.698],[-46.0152,-23.6984],[-46.0148,-23.6984],[-46.0148,-23.6988],[-46.0144,-23.6988],[-46.0144,-23.6992],[-46.014,-23.6992],[-46.014,-23.6996],[-46.0136,-23.6996],[-46.0136,-23.7],[-46.0132,-23.7],[-46.0132,-23.7004],[-46.0128,-23.7004],[-46.0128,-23.7008],[-46.0124,-23.7008],[-46.012,-23.7016],[-46.0116,-23.702],[-46.0112,-23.702],[-46.0108,-23.7024],[-46.01,-23.7028],[-46.0104,-23.7028],[-46.0104,-23.7032],[-46.0108,-23.7032],[-46.0108,-23.7036],[-46.0112,-23.704],[-46.0116,-23.704],[-46.012,-23.704],[-46.012,-23.7044],[-46.0128,-23.7044],[-46.0132,-23.7044],[-46.0136,-23.704],[-46.0148,-23.704],[-46.0156,-23.7044],[-46.0168,-23.7044],[-46.018,-23.7044],[-46.0184,-23.7044],[-46.0188,-23.7052],[-46.0192,-23.7052],[-46.0192,-23.7056],[-46.0196,-23.7056],[-46.02,-23.706],[-46.02,-23.7056],[-46.0204,-23.7052],[-46.0204,-23.7048],[-46.0204,-23.7044],[-46.0208,-23.7044],[-46.0208,-23.704],[-46.0212,-23.704],[-46.0216,-23.704],[-46.0216,-23.7036],[-46.0216,-23.7032],[-46.022,-23.7032],[-46.022,-23.7028],[-46.0224,-23.7028],[-46.0224,-23.7024],[-46.0228,-23.7024],[-46.0228,-23.702],[-46.0232,-23.702],[-46.0236,-23.702],[-46.0236,-23.7016],[-46.0236,-23.7008],[-46.024,-23.7008],[-46.024,-23.7],[-46.0236,-23.7],[-46.0236,-23.6992],[-46.0232,-23.6992],[-46.0232,-23.6988],[-46.0228,-23.6988],[-46.0224,-23.6988],[-46.0224,-23.6984],[-46.02,-23.6984],[-46.02,-23.698],[-46.0196,-23.698],[-46.0196,-23.6976],[-46.0184,-23.6976],[-46.0184,-23.6972],[-46.0184,-23.6968],[-46.018,-23.6968],[-46.0176,-23.6968],[-46.0176,-23.6964],[-46.0172,-23.6964]]]}},{"type":"Feature","properties":{"dsubbc":"rio itapanhau","nome":"Rio Itapanhaú"},"geometry":{"type":"Polygon","coordinates":[[[-45.9892,-23.7012],[-45.9896,-23.7012],[-45.9896,-23.7016],[-45.99,-23.7016],[-45.99,-23.702],[-45.9904,-23.702],[-45.9908,-23.702],[-45.9908,-23.7028],[-45.9912,-23.7028],[-45.9912,-23.704],[-45.9916,-23.704],[-45.9916,-23.7052],[-45.9916,-23.7056],[-45.992,-23.7048],[-45.9924,-23.7044],[-45.992,-23.704],[-45.9928,-23.7032],[-45.9928,-23.7024],[-45.9932,-23.702],[-45.9936,-23.7016],[-45.9936,-23.7008],[-45.994,-23.7008],[-45.994,-23.7],[-45.994,-23.6992],[-45.9944,-23.6988],[-45.9948,-23.698],[-45.994,-23.6968],[-45.994,-23.6964],[-45.9924,-23.6952],[-45.992,-23.6956],[-45.992,-23.6964],[-45.9912,-23.6972],[-45.9908,-23.698],[-45.9904,-23.6988],[-45.99,-23.7],[-45.9896,-23.7004],[-45.9892,-23.7012]]]}},{"type":"Feature","properties":{"dsubbc":"rio itapanhau","nome":"Rio Itapanhaú"},"geometry":{"type":"Polygon","coordinates":[[[-45.9552,-23.694],[-45.9548,-23.694],[-45.9548,-23.6944],[-45.9548,-23.696],[-45.9548,-23.6964],[-45.9556,-23.6964],[-45.9556,-23.6968],[-45.956,-23.6968],[-45.956,-23.7],[-45.9556,-23.7],[-45.9556,-23.7004],[-45.9536,-23.7004],[-45.9536,-23.7],[-45.9532,-23.7],[-45.9528,-23.7],[-45.9528,-23.6996],[-45.952,-23.6996],[-45.9516,-23.6996],[-45.9516,-23.6992],[-45.9512,-23.6992],[-45.9512,-23.6988],[-45.9504,-23.6988],[-45.9496,-23.6988],[-45.9496,-23.6984],[-45.9488,-23.6984],[-45.9484,-23.6988],[-45.948,-23.6992],[-45.9476,-23.6996],[-45.9472,-23.7],[-45.9464,-23.7004],[-45.9452,-23.7008],[-45.9448,-23.7008],[-45.944,-23.7008],[-45.9428,-23.7008],[-45.9428,-23.7004],[-45.9428,-23.7],[-45.942,-23.7],[-45.9404,-23.7],[-45.94,-23.7],[-45.94,-23.7004],[-45.94,-23.7008],[-45.9396,-23.7008],[-45.9392,-23.7008],[-45.9388,-23.7008],[-45.9388,-23.7004],[-45.9376,-23.7004],[-45.9376,-23.7008],[-45.9368,-23.7008],[-45.9356,-23.7008],[-45.9348,-23.7008],[-45.9348,-23.7004],[-45.9348,-23.7],[-45.9344,-23.7],[-45.934,-23.7],[-45.934,-23.6996],[-45.934,-23.6992],[-45.9332,-23.6992],[-45.9332,-23.6988],[-45.9328,-23.6988],[-45.9324,-23.6988],[-45.9324,-23.6984],[-45.9312,-23.6984],[-45.9312,-23.6988],[-45.9316,-23.6988],[-45.9316,-23.6996],[-45.9312,-23.6996],[-45.9312,-23.7],[-45.9308,-23.7],[-45.9308,-23.7004],[-45.9304,-23.7004],[-45.9304,-23.7008],[-45.93,-23.7008],[-45.93,-23.7012],[-45.93,-23.702],[-45.9296,-23.702],[-45.9296,-23.7028],[-45.9292,-23.7028],[-45.9288,-23.7028],[-45.9288,-23.7032],[-45.9288,-23.7036],[-45.9284,-23.7036],[-45.9284,-23.704],[-45.928,-23.704],[-45.928,-23.7044],[-45.9276,-23.7044],[-45.9276,-23.7048],[-45.9272,-23.7048],[-45.9272,-23.7052],[-45.9272,-23.7064],[-45.9268,-23.7064],[-45.9268,-23.7068],[-45.9264,-23.7068],[-45.9264,-23.7072],[-45.926,-23.7072],[-45.926,-23.708],[-45.9256,-23.708],[-45.9256,-23.7084],[-45.9252,-23.7084],[-45.9252,-23.7088],[-45.9248,-23.7088],[-45.9248,-23.7092],[-45.9244,-23.7092],[-45.9244,-23.7096],[-45.924,-23.7096],[-45.924,-23.71],[-45.924,-23.7108],[-45.9236,-23.7108],[-45.9236,-23.7124],[-45.9236,-23.7128],[-45.924,-23.7128],[-45.924,-23.7148],[-45.9244,-23.7148],[-45.9244,-23.7152],[-45.9248,-23.7152],[-45.9248,-23.7156],[-45.9252,-23.7156],[-45.9252,-23.7188],[-45.9248,-23.7192],[-45.9248,-23.7196],[-45.9248,-23.7208],[-45.9248,-23.7216],[-45.9244,-23.7224],[-45.9244,-23.7236],[-45.924,-23.724],[-45.924,-23.7244],[-45.9236,-23.7248],[-45.9236,-23.7252],[-45.9232,-23.7264],[-45.9232,-23.7268],[-45.9228,-23.7272],[-45.9228,-23.728],[-45.9224,-23.7288],[-45.9224,-23.7292],[-45.922,-23.73],[-45.922,-23.7312],[-45.922,-23.7324],[-45.9224,-23.7332],[-45.9224,-23.7348],[-45.9224,-23.736],[-45.9224,-23.7372],[-45.9228,-23.7392],[-45.9232,-23.7408],[-45.9232,-23.7428],[-45.9232,-23.7452],[-45.9228,-23.7464],[-45.9228,-23.7484],[-45.922,-23.7496],[-45.9212,-23.7512],[-45.92,-23.7524],[-45.9188,-23.7536],[-45.9176,-23.7552],[-45.916,-23.7568],[-45.9148,-23.7584],[-45.914,-23.7592],[-45.9128,-23.7608],[-45.9112,-23.7616],[-45.9096,-23.7636],[-45.9084,-23.7648],[-45.9076,-23.7664],[-45.908,-23.7668],[-45.9096,-23.7668],[-45.91,-23.7672],[-45.9104,-23.7672],[-45.9112,-23.7676],[-45.912,-23.7676],[-45.9128,-23.768],[-45.9132,-23.768],[-45.9148,-23.7684],[-45.9164,-23.7688],[-45.9172,-23.7688],[-45.9184,-23.7692],[-45.92,-23.7696],[-45.9216,-23.7696],[-45.922,-23.77],[-45.9228,-23.77],[-45.9236,-23.77],[-45.924,-23.7704],[-45.926,-23.7708],[-45.9272,-23.7712],[-45.928,-23.7716],[-45.9288,-23.7716],[-45.9296,-23.772],[-45.9308,-23.7728],[-45.9324,-23.7728],[-45.934,-23.7732],[-45.9344,-23.7736],[-45.9352,-23.7736],[-45.9356,-23.7736],[-45.9372,-23.774],[-45.9388,-23.7744],[-45.9392,-23.7744],[-45.9404,-23.7748],[-45.9416,-23.7752],[-45.9428,-23.7756],[-45.9432,-23.776],[-45.9448,-23.7764],[-45.9464,-23.7768],[-45.948,-23.7772],[-45.9492,-23.7776],[-45.9508,-23.778],[-45.9512,-23.778],[-45.952,-23.7784],[-45.9532,-23.7788],[-45.954,-23.7792],[-45.9552,-23.7796],[-45.956,-23.78],[-45.9568,-23.78],[-45.958,-23.7804],[-45.9588,-23.7808],[-45.9596,-23.7808],[-45.9612,-23.7816],[-45.9624,-23.782],[-45.964,-23.7824],[-45.9652,-23.7828],[-45.9656,-23.7832],[-45.9664,-23.7832],[-45.9672,-23.7836],[-45.968,-23.7836],[-45.9684,-23.784],[-45.9692,-23.7844],[-45.9696,-23.7848],[-45.97,-23.7848],[-45.9704,-23.7848],[-45.9708,-23.7848],[-45.9708,-23.7852],[-45.9716,-23.7852],[-45.9728,-23.7856],[-45.9736,-23.786],[-45.9744,-23.7864],[-45.9748,-23.7864],[-45.9756,-23.7864],[-45.9764,-23.7868],[-45.9772,-23.7872],[-45.9784,-23.7876],[-45.9804,-23.7884],[-45.9812,-23.7888],[-45.982,-23.7888],[-45.9824,-23.7892],[-45.9828,-23.7892],[-45.9832,-23.7896],[-45.9844,-23.79],[-45.9852,-23.7904],[-45.9864,-23.7908],[-45.9868,-23.7908],[-45.988,-23.7912],[-45.9884,-23.7916],[-45.9888,-23.7916],[-45.9892,-23.7916],[-45.9892,-23.792],[-45.9888,-23.7908],[-45.9884,-23.7904],[-45.9884,-23.79],[-45.9884,-23.7896],[-45.9884,-23.7892],[-45.9884,-23.7888],[-45.9888,-23.7888],[-45.9892,-23.7888],[-45.9896,-23.7888],[-45.9904,-23.7888],[-45.9908,-23.7892],[-45.9912,-23.7892],[-45.9916,-23.7892],[-45.992,-23.7896],[-45.9924,-23.7892],[-45.9928,-23.7892],[-45.9932,-23.7888],[-45.9936,-23.7884],[-45.9944,-23.7876],[-45.9952,-23.7872],[-45.9952,-23.7876],[-45.9956,-23.788],[-45.9956,-23.7884],[-45.9956,-23.7892],[-45.9952,-23.79],[-45.9948,-23.7908],[-45.994,-23.7912],[-45.9936,-23.7916],[-45.9932,-23.792],[-45.9928,-23.7928],[-45.9924,-23.7936],[-45.9924,-23.794],[-45.9924,-23.7944],[-45.9928,-23.7952],[-45.9928,-23.7956],[-45.9924,-23.796],[-45.992,-23.796],[-45.992,-23.7964],[-45.9924,-23.7964],[-45.9924,-23.7972],[-45.9928,-23.7972],[-45.9928,-23.7976],[-45.9928,-23.798],[-45.9936,-23.798],[-45.9936,-23.7984],[-45.994,-23.7984],[-45.994,-23.7992],[-45.9948,-23.7992],[-45.9952,-23.7992],[-45.9952,-23.7996],[-45.998,-23.7964],[-46.0012,-23.794],[-46.0032,-23.7924],[-46.0056,-23.7904],[-46.008,-23.7884],[-46.01,-23.786],[-46.0128,-23.7832],[-46.0156,-23.7808],[-46.018,-23.7784],[-46.0208,-23.7756],[-46.0228,-23.7732],[-46.024,-23.7716],[-46.0248,-23.7696],[-46.0256,-23.7672],[-46.0268,-23.7636],[-46.0272,-23.7612],[-46.0284,-23.7592],[-46.0296,-23.7568],[-46.03,-23.7552],[-46.0308,-23.754],[-46.0312,-23.7528],[-46.0312,-23.7508],[-46.032,-23.75],[-46.0324,-23.7496],[-46.0328,-23.7488],[-46.0332,-23.7484],[-46.0336,-23.748],[-46.034,-23.7476],[-46.0344,-23.7472],[-46.0344,-23.7468],[-46.0348,-23.7464],[-46.0352,-23.746],[-46.0356,-23.7456],[-46.0356,-23.7452],[-46.036,-23.7448],[-46.0364,-23.7448],[-46.0364,-23.7444],[-46.0368,-23.744],[-46.0372,-23.7432],[-46.0376,-23.7428],[-46.0376,-23.7424],[-46.0372,-23.7424],[-46.0372,-23.7416],[-46.0372,-23.7404],[-46.0368,-23.7404],[-46.0368,-23.7396],[-46.0364,-23.7396],[-46.0364,-23.7384],[-46.0364,-23.738],[-46.036,-23.738],[-46.036,-23.7376],[-46.0356,-23.7376],[-46.0352,-23.7376],[-46.0352,-23.7372],[-46.0356,-23.7372],[-46.0356,-23.7368],[-46.036,-23.7368],[-46.036,-23.7364],[-46.0364,-23.7364],[-46.0364,-23.736],[-46.0364,-23.7356],[-46.0368,-23.7356],[-46.0372,-23.7356],[-46.0372,-23.7352],[-46.0372,-23.7348],[-46.0376,-23.7348],[-46.038,-23.7348],[-46.038,-23.7344],[-46.0384,-23.7344],[-46.0384,-23.734],[-46.0384,-23.7336],[-46.0372,-23.7336],[-46.036,-23.7336],[-46.0356,-23.7328],[-46.0344,-23.7324],[-46.034,-23.7316],[-46.0336,-23.7308],[-46.0336,-23.73],[-46.0328,-23.7296],[-46.0324,-23.7292],[-46.0316,-23.7284],[-46.0308,-23.7272],[-46.0304,-23.726],[-46.0304,-23.7256],[-46.0304,-23.7244],[-46.03,-23.7244],[-46.03,-23.724],[-46.0296,-23.724],[-46.0296,-23.7236],[-46.0292,-23.7228],[-46.0292,-23.7224],[-46.0296,-23.7224],[-46.0296,-23.722],[-46.03,-23.722],[-46.03,-23.7216],[-46.03,-23.7212],[-46.0296,-23.7212],[-46.0296,-23.7208],[-46.0296,-23.7204],[-46.0296,-23.72],[-46.0296,-23.7196],[-46.0288,-23.7196],[-46.0288,-23.7192],[-46.0284,-23.7192],[-46.0284,-23.7188],[-46.0276,-23.7188],[-46.0276,-23.7184],[-46.0272,-23.7184],[-46.0272,-23.718],[-46.0268,-23.718],[-46.0268,-23.7176],[-46.0264,-23.7176],[-46.0264,-23.7168],[-46.0264,-23.7156],[-46.026,-23.7156],[-46.026,-23.7152],[-46.0256,-23.7152],[-46.0256,-23.7148],[-46.0252,-23.7148],[-46.0248,-23.7148],[-46.0248,-23.7152],[-46.0232,-23.7152],[-46.0232,-23.7148],[-46.0224,-23.7148],[-46.0224,-23.7152],[-46.022,-23.7152],[-46.022,-23.7156],[-46.0216,-23.7156],[-46.0216,-23.716],[-46.0196,-23.716],[-46.0196,-23.7156],[-46.0188,-23.7156],[-46.0188,-23.7152],[-46.018,-23.7152],[-46.018,-23.7148],[-46.0176,-23.7148],[-46.0176,-23.7144],[-46.0164,-23.7144],[-46.0164,-23.714],[-46.0156,-23.714],[-46.0156,-23.7136],[-46.0156,-23.7132],[-46.0148,-23.7132],[-46.0148,-23.7128],[-46.0144,-23.7128],[-46.014,-23.7128],[-46.014,-23.7124],[-46.0136,-23.7124],[-46.0136,-23.712],[-46.0128,-23.712],[-46.0124,-23.712],[-46.0124,-23.7116],[-46.0116,-23.7116],[-46.0116,-23.7112],[-46.0112,-23.7112],[-46.0112,-23.7108],[-46.0108,-23.7108],[-46.0108,-23.7104],[-46.0104,-23.7104],[-46.0104,-23.71],[-46.01,-23.71],[-46.0096,-23.71],[-46.0096,-23.7096],[-46.0096,-23.7092],[-46.0092,-23.7092],[-46.0092,-23.7088],[-46.0084,-23.7088],[-46.0044,-23.7088],[-46.0044,-23.7084],[-46.004,-23.7084],[-46.004,-23.708],[-46.0036,-23.708],[-46.0028,-23.708],[-46.0028,-23.7084],[-46.0016,-23.7084],[-46.0016,-23.708],[-46.0012,-23.708],[-46.0012,-23.7076],[-46.0008,-23.7076],[-46.0008,-23.7068],[-46.0004,-23.7068],[-46.0004,-23.706],[-46.0,-23.706],[-45.9996,-23.706],[-45.9996,-23.7056],[-45.9992,-23.7056],[-45.9992,-23.7052],[-45.9988,-23.7052],[-45.9988,-23.7048],[-45.9984,-23.7048],[-45.9984,-23.7044],[-45.998,-23.7044],[-45.998,-23.704],[-45.9976,-23.704],[-45.9968,-23.704],[-45.9968,-23.7044],[-45.9964,-23.7044],[-45.9964,-23.7048],[-45.996,-23.7048],[-45.9956,-23.7048],[-45.9944,-23.7048],[-45.994,-23.7048],[-45.994,-23.7052],[-45.9936,-23.7052],[-45.9936,-23.7056],[-45.9936,-23.706],[-45.9932,-23.706],[-45.9928,-23.706],[-45.9924,-23.706],[-45.9924,-23.7056],[-45.9916,-23.7056],[-45.9916,-23.7052],[-45.9916,-23.704],[-45.9912,-23.704],[-45.9912,-23.7028],[-45.9908,-23.7028],[-45.9908,-23.702],[-45.9904,-23.702],[-45.99,-23.702],[-45.99,-23.7016],[-45.9896,-23.7016],[-45.9896,-23.7012],[-45.9892,-23.7012],[-45.9892,-23.7008],[-45.9888,-23.7008],[-45.9888,-23.7004],[-45.9884,-23.7004],[-45.9884,-23.7],[-45.9876,-23.7],[-45.9872,-23.7],[-45.9872,-23.6992],[-45.9868,-23.6992],[-45.9868,-23.6988],[-45.9864,-23.6988],[-45.986,-23.6988],[-45.986,-23.6984],[-45.9856,-23.6984],[-45.9816,-23.698],[-45.9756,-23.6956],[-45.9752,-23.6952],[-45.9744,-23.6944],[-45.9716,-23.6944],[-45.9716,-23.6948],[-45.9712,-23.6948],[-45.9712,-23.6964],[-45.9708,-23.6964],[-45.9708,-23.6968],[-45.968,-23.6968],[-45.9668,-23.6968],[-45.9656,-23.6968],[-45.9648,-23.6968],[-45.9648,-23.6964],[-45.964,-23.6964],[-45.964,-23.696],[-45.9632,-23.696],[-45.962,-23.696],[-45.962,-23.6956],[-45.9608,-23.6956],[-45.9608,-23.6952],[-45.96,-23.6952],[-45.96,-23.6948],[-45.958,-23.6948],[-45.9568,-23.6948],[-45.9568,-23.6944],[-45.956,-23.6944],[-45.956,-23.694],[-45.9552,-23.694]]]}},{"type":"Feature","properties":{"dsubbc":"rio itapanhau","nome":"Rio Itapanhaú"},"geometry":{"type":"Polygon","coordinates":[[[-46.0164,-23.6928],[-46.0164,-23.6952],[-46.0164,-23.6956],[-46.0168,-23.6956],[-46.0168,-23.696],[-46.0172,-23.696],[-46.0172,-23.6964],[-46.0176,-23.6964],[-46.0176,-23.6968],[-46.018,-23.6968],[-46.0184,-23.6968],[-46.0184,-23.6972],[-46.0184,-23.6976],[-46.0196,-23.6976],[-46.0196,-23.698],[-46.02,-23.698],[-46.02,-23.6984],[-46.0224,-23.6984],[-46.0224,-23.6988],[-46.0228,-23.6988],[-46.0232,-23.6988],[-46.0232,-23.6992],[-46.0236,-23.6992],[-46.0236,-23.7],[-46.024,-23.7],[-46.024,-23.7008],[-46.0236,-23.7008],[-46.024,-23.702],[-46.0244,-23.7024],[-46.0248,-23.7032],[-46.0252,-23.7044],[-46.0252,-23.7048],[-46.0252,-23.7052],[-46.0252,-23.7056],[-46.0252,-23.706],[-46.0252,-23.7072],[-46.0256,-23.7076],[-46.0264,-23.7076],[-46.0268,-23.708],[-46.0268,-23.7072],[-46.0272,-23.7064],[-46.0276,-23.706],[-46.0276,-23.7056],[-46.028,-23.7052],[-46.0284,-23.7048],[-46.0288,-23.7044],[-46.0296,-23.7036],[-46.03,-23.7028],[-46.0304,-23.702],[-46.0308,-23.7016],[-46.0316,-23.7008],[-46.032,-23.7],[-46.032,-23.6996],[-46.0312,-23.6996],[-46.0312,-23.6992],[-46.0304,-23.6992],[-46.0304,-23.6988],[-46.03,-23.6988],[-46.0296,-23.6988],[-46.0296,-23.6984],[-46.0296,-23.698],[-46.0292,-23.698],[-46.0292,-23.6976],[-46.0288,-23.6976],[-46.0288,-23.6972],[-46.0284,-23.6972],[-46.0284,-23.6968],[-46.028,-23.6968],[-46.0276,-23.6968],[-46.0276,-23.6964],[-46.0276,-23.696],[-46.026,-23.696],[-46.0256,-23.696],[-46.0256,-23.6956],[-46.0252,-23.6956],[-46.0252,-23.6948],[-46.0248,-23.6948],[-46.0244,-23.6948],[-46.0244,-23.6944],[-46.024,-23.6944],[-46.024,-23.694],[-46.0236,-23.694],[-46.02,-23.694],[-46.0196,-23.694],[-46.0196,-23.6944],[-46.0196,-23.6948],[-46.0188,-23.6948],[-46.0188,-23.6944],[-46.0184,-23.6944],[-46.0184,-23.694],[-46.0184,-23.6928],[-46.0164,-23.6928]]]}},{"type":"Feature","properties":{"dsubbc":"rio itapanhau","nome":"Rio Itapanhaú"},"geometry":{"type":"Polygon","coordinates":[[[-45.9996,-23.6988],[-46.0004,-23.6996],[-46.0004,-23.7008],[-46.0008,-23.7008],[-46.0016,-23.7008],[-46.0032,-23.702],[-46.0032,-23.7024],[-46.0036,-23.7024],[-46.0044,-23.7016],[-46.0044,-23.7008],[-46.0048,-23.7008],[-46.0048,-23.7004],[-46.0052,-23.7],[-46.0052,-23.6992],[-46.0052,-23.6988],[-46.0048,-23.698],[-46.0044,-23.6976],[-46.004,-23.6972],[-46.004,-23.6968],[-46.0036,-23.6964],[-46.0036,-23.696],[-46.0036,-23.6956],[-46.0032,-23.6952],[-46.0032,-23.6944],[-46.0028,-23.6936],[-46.0028,-23.6932],[-46.0024,-23.692],[-46.0024,-23.6924],[-46.0024,-23.6928],[-46.0024,-23.6932],[-46.002,-23.6936],[-46.002,-23.6944],[-46.0016,-23.6948],[-46.0016,-23.6952],[-46.0016,-23.6956],[-46.0016,-23.696],[-46.0012,-23.696],[-46.0012,-23.6964],[-46.0012,-23.6972],[-46.0012,-23.6976],[-46.0008,-23.6976],[-46.0004,-23.698],[-46.0,-23.6984],[-45.9996,-23.6988]]]}},{"type":"Feature","properties":{"dsubbc":"rio itapanhau","nome":"Rio Itapanhaú"},"geometry":{"type":"Polygon","coordinates":[[[-45.9976,-23.6992],[-45.9984,-23.6992],[-45.9984,-23.6988],[-45.9988,-23.6988],[-45.9992,-23.6988],[-45.9996,-23.6988],[-46.0,-23.6984],[-46.0004,-23.698],[-46.0008,-23.6976],[-46.0012,-23.6976],[-46.0012,-23.6972],[-46.0012,-23.6964],[-46.0012,-23.696],[-46.0016,-23.696],[-46.0016,-23.6956],[-46.0016,-23.6952],[-46.0016,-23.6948],[-46.002,-23.6944],[-46.002,-23.6936],[-46.0024,-23.6932],[-46.0024,-23.6928],[-46.0024,-23.6924],[-46.0024,-23.692],[-46.0024,-23.6916],[-46.002,-23.6912],[-46.0016,-23.6916],[-46.0012,-23.6924],[-46.0004,-23.6932],[-46.0004,-23.6936],[-46.0,-23.694],[-45.9996,-23.6948],[-45.9992,-23.6952],[-45.9992,-23.6956],[-45.9984,-23.6972],[-45.998,-23.6976],[-45.998,-23.698],[-45.998,-23.6984],[-45.9976,-23.6992]]]}},{"type":"Feature","properties":{"dsubbc":"rio itapanhau","nome":"Rio Itapanhaú"},"geometry":{"type":"Polygon","coordinates":[[[-45.9756,-23.6956],[-45.9816,-23.698],[-45.9856,-23.6984],[-45.986,-23.6984],[-45.986,-23.6988],[-45.9864,-23.6988],[-45.9868,-23.6988],[-45.9868,-23.6992],[-45.9872,-23.6992],[-45.9872,-23.7],[-45.9876,-23.7],[-45.9884,-23.7],[-45.9884,-23.7004],[-45.9888,-23.7004],[-45.9888,-23.7008],[-45.9892,-23.7008],[-45.9892,-23.7012],[-45.9896,-23.7004],[-45.99,-23.7],[-45.9904,-23.6988],[-45.9908,-23.698],[-45.9912,-23.6972],[-45.992,-23.6964],[-45.992,-23.6956],[-45.9924,-23.6952],[-45.9908,-23.6952],[-45.9904,-23.6952],[-45.99,-23.6952],[-45.9896,-23.696],[-45.988,-23.696],[-45.9876,-23.6956],[-45.9872,-23.6952],[-45.9868,-23.6952],[-45.9864,-23.6948],[-45.9856,-23.6948],[-45.9856,-23.6944],[-45.9848,-23.6944],[-45.984,-23.6944],[-45.9836,-23.6936],[-45.9812,-23.6916],[-45.9804,-23.6916],[-45.98,-23.6912],[-45.9792,-23.6908],[-45.9788,-23.6904],[-45.9788,-23.69],[-45.9784,-23.6896],[-45.9784,-23.6892],[-45.9784,-23.6888],[-45.978,-23.6888],[-45.978,-23.6884],[-45.9776,-23.688],[-45.9776,-23.6876],[-45.9776,-23.6872],[-45.9768,-23.6868],[-45.9764,-23.6868],[-45.9764,-23.6864],[-45.9756,-23.6864],[-45.9748,-23.6864],[-45.9744,-23.6864],[-45.9748,-23.6868],[-45.9748,-23.6872],[-45.9748,-23.6876],[-45.9752,-23.688],[-45.9752,-23.6884],[-45.9752,-23.6888],[-45.9752,-23.6892],[-45.9752,-23.6896],[-45.9752,-23.69],[-45.9752,-23.6904],[-45.9756,-23.6912],[-45.9756,-23.692],[-45.9756,-23.6928],[-45.9756,-23.6936],[-45.9756,-23.694],[-45.9756,-23.6948],[-45.9756,-23.6956]]]}},{"type":"Feature","properties":{"dsubbc":"rio itapanhau","nome":"Rio Itapanhaú"},"geometry":{"type":"Polygon","coordinates":[[[-46.0016,-23.686],[-46.0016,-23.6864],[-46.0016,-23.6872],[-46.0016,-23.6876],[-46.0016,-23.688],[-46.0016,-23.6888],[-46.0016,-23.6892],[-46.002,-23.6896],[-46.0016,-23.69],[-46.0016,-23.6908],[-46.002,-23.6912],[-46.0024,-23.6916],[-46.0024,-23.692],[-46.0028,-23.6932],[-46.0028,-23.6936],[-46.0032,-23.6944],[-46.0032,-23.6952],[-46.0036,-23.6956],[-46.0036,-23.696],[-46.0036,-23.6964],[-46.004,-23.6968],[-46.004,-23.6972],[-46.0044,-23.6976],[-46.0048,-23.698],[-46.0052,-23.6988],[-46.0052,-23.6992],[-46.0052,-23.7],[-46.0048,-23.7004],[-46.0048,-23.7008],[-46.0044,-23.7008],[-46.0044,-23.7016],[-46.0036,-23.7024],[-46.0056,-23.7024],[-46.0068,-23.7024],[-46.0072,-23.7024],[-46.0076,-23.7024],[-46.0076,-23.7012],[-46.0076,-23.7008],[-46.0076,-23.7],[-46.0076,-23.6992],[-46.0076,-23.6984],[-46.0072,-23.6972],[-46.0068,-23.6964],[-46.0068,-23.6956],[-46.0068,-23.6952],[-46.0064,-23.6944],[-46.0064,-23.6936],[-46.006,-23.6928],[-46.006,-23.6924],[-46.0064,-23.6912],[-46.0064,-23.6908],[-46.0064,-23.6904],[-46.0064,-23.69],[-46.0064,-23.6892],[-46.0068,-23.6884],[-46.0068,-23.688],[-46.0068,-23.6876],[-46.0072,-23.6872],[-46.0072,-23.6868],[-46.0072,-23.6864],[-46.0072,-23.686],[-46.0064,-23.686],[-46.0016,-23.686]]]}},{"type":"Feature","properties":{"dsubbc":"rio itapanhau","nome":"Rio Itapanhaú"},"geometry":{"type":"Polygon","coordinates":[[[-45.9712,-23.6864],[-45.9712,-23.6868],[-45.9712,-23.6876],[-45.9712,-23.6884],[-45.9712,-23.6888],[-45.9712,-23.6892],[-45.9712,-23.6896],[-45.9716,-23.69],[-45.9716,-23.6904],[-45.972,-23.6908],[-45.9724,-23.6916],[-45.9744,-23.6944],[-45.9752,-23.6952],[-45.9756,-23.6956],[-45.9756,-23.6948],[-45.9756,-23.694],[-45.9756,-23.6936],[-45.9756,-23.6928],[-45.9756,-23.692],[-45.9756,-23.6912],[-45.9752,-23.6904],[-45.9752,-23.69],[-45.9752,-23.6896],[-45.9752,-23.6892],[-45.9752,-23.6888],[-45.9752,-23.6884],[-45.9752,-23.688],[-45.9748,-23.6876],[-45.9748,-23.6872],[-45.9748,-23.6868],[-45.9744,-23.6864],[-45.9744,-23.686],[-45.9732,-23.686],[-45.9728,-23.6856],[-45.9724,-23.6856],[-45.972,-23.686],[-45.9716,-23.6864],[-45.9712,-23.6864]]]}},{"type":"Feature","properties":{"dsubbc":"rio itapanhau","nome":"Rio Itapanhaú"},"geometry":{"type":"Polygon","coordinates":[[[-46.0072,-23.686],[-46.0072,-23.6864],[-46.0072,-23.6868],[-46.0072,-23.6872],[-46.0068,-23.6876],[-46.0068,-23.688],[-46.0068,-23.6884],[-46.0064,-23.6892],[-46.0064,-23.69],[-46.0064,-23.6904],[-46.0064,-23.6908],[-46.0064,-23.6912],[-46.006,-23.6924],[-46.006,-23.6928],[-46.0064,-23.6936],[-46.0064,-23.6944],[-46.0068,-23.6952],[-46.0068,-23.6956],[-46.0068,-23.6964],[-46.0072,-23.6972],[-46.0076,-23.6984],[-46.0076,-23.6992],[-46.0076,-23.7],[-46.0076,-23.7008],[-46.0076,-23.7012],[-46.0076,-23.7024],[-46.0092,-23.7024],[-46.0096,-23.7024],[-46.01,-23.7028],[-46.0108,-23.7024],[-46.0112,-23.702],[-46.0116,-23.702],[-46.012,-23.7016],[-46.0124,-23.7008],[-46.0128,-23.7008],[-46.0128,-23.7004],[-46.0132,-23.7004],[-46.0132,-23.7],[-46.0136,-23.7],[-46.0136,-23.6996],[-46.014,-23.6996],[-46.014,-23.6992],[-46.0144,-23.6992],[-46.0144,-23.6988],[-46.0148,-23.6988],[-46.0148,-23.6984],[-46.0152,-23.6984],[-46.0152,-23.698],[-46.0156,-23.698],[-46.0156,-23.6976],[-46.016,-23.6976],[-46.016,-23.6972],[-46.0164,-23.6972],[-46.0164,-23.6968],[-46.0168,-23.6968],[-46.0168,-23.6964],[-46.0172,-23.6964],[-46.0172,-23.696],[-46.0168,-23.696],[-46.0168,-23.6956],[-46.0164,-23.6956],[-46.0164,-23.6952],[-46.0164,-23.6928],[-46.0156,-23.6928],[-46.0148,-23.6928],[-46.0148,-23.6924],[-46.0144,-23.6924],[-46.0144,-23.692],[-46.0136,-23.692],[-46.014,-23.692],[-46.014,-23.6888],[-46.0144,-23.6888],[-46.0144,-23.688],[-46.0144,-23.6876],[-46.0136,-23.6876],[-46.0136,-23.688],[-46.012,-23.688],[-46.012,-23.6876],[-46.0116,-23.6876],[-46.0116,-23.6864],[-46.0116,-23.686],[-46.0112,-23.686],[-46.0108,-23.686],[-46.0108,-23.6856],[-46.0088,-23.6856],[-46.0088,-23.686],[-46.0084,-23.686],[-46.0072,-23.686]]]}},{"type":"Feature","properties":{"dsubbc":"rio itapanhau","nome":"Rio Itapanhaú"},"geometry":{"type":"Polygon","coordinates":[[[-45.9636,-23.6876],[-45.9632,-23.688],[-45.9628,-23.688],[-45.9624,-23.6884],[-45.9616,-23.6888],[-45.9604,-23.6896],[-45.9596,-23.6904],[-45.9584,-23.6908],[-45.9576,-23.6916],[-45.9572,-23.692],[-45.956,-23.6932],[-45.9552,-23.694],[-45.956,-23.694],[-45.956,-23.6944],[-45.9568,-23.6944],[-45.9568,-23.6948],[-45.958,-23.6948],[-45.96,-23.6948],[-45.96,-23.6952],[-45.9608,-23.6952],[-45.9608,-23.6956],[-45.962,-23.6956],[-45.962,-23.696],[-45.9632,-23.696],[-45.964,-23.696],[-45.964,-23.6964],[-45.9648,-23.6964],[-45.9648,-23.6968],[-45.9656,-23.6968],[-45.9668,-23.6968],[-45.968,-23.6968],[-45.9708,-23.6968],[-45.9708,-23.6964],[-45.9712,-23.6964],[-45.9712,-23.6948],[-45.9716,-23.6948],[-45.9716,-23.6944],[-45.9744,-23.6944],[-45.9724,-23.6916],[-45.972,-23.6908],[-45.9716,-23.6904],[-45.9716,-23.69],[-45.9712,-23.6896],[-45.9712,-23.6892],[-45.9712,-23.6888],[-45.9712,-23.6884],[-45.9712,-23.6876],[-45.9712,-23.6868],[-45.9712,-23.6864],[-45.9712,-23.686],[-45.9712,-23.6856],[-45.9708,-23.6856],[-45.9708,-23.6848],[-45.9704,-23.6844],[-45.9704,-23.684],[-45.9696,-23.6848],[-45.9684,-23.686],[-45.9672,-23.6872],[-45.966,-23.6872],[-45.9656,-23.6876],[-45.9636,-23.6876]]]}},{"type":"Feature","properties":{"dsubbc":"rio itapanhau","nome":"Rio Itapanhaú"},"geometry":{"type":"Polygon","coordinates":[[[-45.9704,-23.684],[-45.9704,-23.6844],[-45.9708,-23.6848],[-45.9708,-23.6856],[-45.9712,-23.6856],[-45.9712,-23.686],[-45.9712,-23.6864],[-45.9716,-23.6864],[-45.972,-23.686],[-45.9724,-23.6856],[-45.972,-23.6852],[-45.972,-23.6848],[-45.972,-23.6844],[-45.9716,-23.684],[-45.9712,-23.684],[-45.9712,-23.6836],[-45.9708,-23.684],[-45.9704,-23.684]]]}},{"type":"Feature","properties":{"dsubbc":"rio itapanhau","nome":"Rio Itapanhaú"},"geometry":{"type":"Polygon","coordinates":[[[-45.9852,-23.682],[-45.9848,-23.6828],[-45.9844,-23.6832],[-45.9836,-23.6836],[-45.9828,-23.6848],[-45.9824,-23.6856],[-45.982,-23.686],[-45.982,-23.6872],[-45.9816,-23.6876],[-45.9816,-23.688],[-45.9812,-23.688],[-45.9804,-23.6888],[-45.9804,-23.6892],[-45.9792,-23.6908],[-45.98,-23.6912],[-45.9804,-23.6916],[-45.9812,-23.6916],[-45.9836,-23.6936],[-45.984,-23.6944],[-45.9848,-23.6944],[-45.9856,-23.6944],[-45.9856,-23.6948],[-45.9864,-23.6948],[-45.9868,-23.6952],[-45.9872,-23.6952],[-45.9876,-23.6956],[-45.988,-23.696],[-45.9896,-23.696],[-45.99,-23.6952],[-45.9904,-23.6952],[-45.9904,-23.6936],[-45.9904,-23.6932],[-45.9908,-23.6928],[-45.9908,-23.6924],[-45.9912,-23.692],[-45.9912,-23.6916],[-45.9916,-23.6908],[-45.9916,-23.6904],[-45.992,-23.6896],[-45.9924,-23.6888],[-45.9928,-23.6888],[-45.9932,-23.688],[-45.9932,-23.6876],[-45.9932,-23.6872],[-45.9928,-23.6868],[-45.992,-23.686],[-45.9916,-23.6856],[-45.9912,-23.6856],[-45.9908,-23.6852],[-45.9904,-23.684],[-45.99,-23.684],[-45.99,-23.6836],[-45.9896,-23.6832],[-45.9896,-23.6828],[-45.9896,-23.6824],[-45.9888,-23.6816],[-45.9888,-23.6812],[-45.9884,-23.6808],[-45.988,-23.6808],[-45.988,-23.6812],[-45.9876,-23.6812],[-45.9864,-23.6812],[-45.9864,-23.6816],[-45.986,-23.6816],[-45.986,-23.682],[-45.9856,-23.682],[-45.9852,-23.682]]]}},{"type":"Feature","properties":{"dsubbc":"rio itapanhau","nome":"Rio Itapanhaú"},"geometry":{"type":"Polygon","coordinates":[[[-45.9884,-23.6808],[-45.9888,-23.6812],[-45.9888,-23.6816],[-45.9896,-23.6824],[-45.9896,-23.6828],[-45.9896,-23.6832],[-45.99,-23.6836],[-45.99,-23.684],[-45.9904,-23.684],[-45.9908,-23.6852],[-45.9912,-23.6856],[-45.9916,-23.6856],[-45.992,-23.686],[-45.9928,-23.6868],[-45.9932,-23.6872],[-45.9932,-23.6876],[-45.9932,-23.688],[-45.9928,-23.6888],[-45.9924,-23.6888],[-45.992,-23.6896],[-45.9916,-23.6904],[-45.9916,-23.6908],[-45.9912,-23.6916],[-45.9912,-23.692],[-45.9908,-23.6924],[-45.9908,-23.6928],[-45.9904,-23.6932],[-45.9904,-23.6936],[-45.9904,-23.6952],[-45.9908,-23.6952],[-45.9924,-23.6952],[-45.994,-23.6964],[-45.994,-23.6968],[-45.9948,-23.698],[-45.9948,-23.6984],[-45.9952,-23.6984],[-45.9956,-23.6988],[-45.996,-23.6988],[-45.9972,-23.6988],[-45.9976,-23.6992],[-45.998,-23.6984],[-45.998,-23.698],[-45.998,-23.6976],[-45.9984,-23.6972],[-45.9992,-23.6956],[-45.9992,-23.6952],[-45.9996,-23.6948],[-46.0,-23.694],[-46.0004,-23.6936],[-46.0004,-23.6932],[-46.0012,-23.6924],[-46.0016,-23.6916],[-46.002,-23.6912],[-46.0016,-23.6908],[-46.0016,-23.69],[-46.002,-23.6896],[-46.0016,-23.6892],[-46.0016,-23.6888],[-46.0016,-23.688],[-46.0016,-23.6876],[-46.0016,-23.6872],[-46.0016,-23.6864],[-46.0016,-23.686],[-46.0016,-23.6856],[-46.0012,-23.6856],[-46.0012,-23.6848],[-46.0008,-23.6848],[-46.0008,-23.6844],[-46.0004,-23.6844],[-46.0004,-23.684],[-46.0004,-23.6832],[-46.0,-23.6832],[-46.0,-23.6828],[-45.9996,-23.6828],[-45.9996,-23.682],[-45.9996,-23.6804],[-45.9996,-23.68],[-45.998,-23.68],[-45.998,-23.6796],[-45.9968,-23.6796],[-45.9968,-23.68],[-45.9964,-23.68],[-45.9944,-23.68],[-45.9936,-23.68],[-45.9936,-23.6796],[-45.9928,-23.6796],[-45.9928,-23.6792],[-45.9924,-23.6792],[-45.9924,-23.678],[-45.992,-23.678],[-45.992,-23.6776],[-45.9908,-23.6776],[-45.9908,-23.678],[-45.9896,-23.678],[-45.9896,-23.6784],[-45.9896,-23.6788],[-45.9892,-23.6788],[-45.9892,-23.6792],[-45.9888,-23.6792],[-45.9888,-23.6796],[-45.9888,-23.68],[-45.9884,-23.68],[-45.9884,-23.6808]]]}},{"type":"Feature","properties":{"dsubbc":"rio itapanhau","nome":"Rio Itapanhaú"},"geometry":{"type":"Polygon","coordinates":[[[-45.9804,-23.6744],[-45.9808,-23.6752],[-45.9808,-23.676],[-45.9804,-23.6772],[-45.9804,-23.6784],[-45.9804,-23.68],[-45.98,-23.6808],[-45.9796,-23.6816],[-45.9788,-23.6824],[-45.978,-23.6832],[-45.9776,-23.6836],[-45.9776,-23.684],[-45.9772,-23.6844],[-45.9768,-23.6852],[-45.976,-23.6864],[-45.9756,-23.6864],[-45.9764,-23.6864],[-45.9764,-23.6868],[-45.9768,-23.6868],[-45.9776,-23.6872],[-45.9776,-23.6876],[-45.9776,-23.688],[-45.978,-23.6884],[-45.978,-23.6888],[-45.9784,-23.6888],[-45.9784,-23.6892],[-45.9784,-23.6896],[-45.9788,-23.69],[-45.9788,-23.6904],[-45.9792,-23.6908],[-45.9804,-23.6892],[-45.9804,-23.6888],[-45.9812,-23.688],[-45.9816,-23.688],[-45.9816,-23.6876],[-45.982,-23.6872],[-45.982,-23.686],[-45.9824,-23.6856],[-45.9828,-23.6848],[-45.9836,-23.6836],[-45.9844,-23.6832],[-45.9848,-23.6828],[-45.9852,-23.682],[-45.9852,-23.6812],[-45.9856,-23.6812],[-45.9856,-23.6796],[-45.9856,-23.6792],[-45.986,-23.6792],[-45.986,-23.6784],[-45.9856,-23.6784],[-45.9856,-23.6776],[-45.9856,-23.6772],[-45.9852,-23.6772],[-45.984,-23.6772],[-45.984,-23.6768],[-45.9836,-23.6768],[-45.9836,-23.6764],[-45.9836,-23.676],[-45.9832,-23.676],[-45.9824,-23.676],[-45.9824,-23.6756],[-45.982,-23.6756],[-45.982,-23.6752],[-45.9816,-23.6752],[-45.9816,-23.6748],[-45.9816,-23.6744],[-45.9804,-23.6744]]]}},{"type":"Feature","properties":{"dsubbc":"rio itapanhau","nome":"Rio Itapanhaú"},"geometry":{"type":"Polygon","coordinates":[[[-45.9636,-23.6876],[-45.9656,-23.6876],[-45.966,-23.6872],[-45.9672,-23.6872],[-45.9684,-23.686],[-45.9696,-23.6848],[-45.9704,-23.684],[-45.9708,-23.684],[-45.9712,-23.6836],[-45.9716,-23.6828],[-45.972,-23.6824],[-45.9724,-23.6816],[-45.9732,-23.6812],[-45.9732,-23.6808],[-45.9732,-23.6804],[-45.9736,-23.6792],[-45.9744,-23.6784],[-45.9748,-23.6772],[-45.9744,-23.6764],[-45.974,-23.6752],[-45.9732,-23.6744],[-45.9724,-23.674],[-45.9712,-23.6736],[-45.9704,-23.6728],[-45.97,-23.6728],[-45.9692,-23.6728],[-45.9684,-23.6724],[-45.968,-23.6724],[-45.968,-23.6728],[-45.9672,-23.6728],[-45.9672,-23.6724],[-45.9668,-23.6724],[-45.9668,-23.672],[-45.9656,-23.672],[-45.9628,-23.672],[-45.9628,-23.6716],[-45.9628,-23.6712],[-45.962,-23.6712],[-45.9616,-23.6712],[-45.9616,-23.67],[-45.962,-23.67],[-45.962,-23.6692],[-45.9604,-23.6696],[-45.9596,-23.6704],[-45.9588,-23.6704],[-45.9588,-23.6708],[-45.958,-23.672],[-45.9584,-23.6724],[-45.9584,-23.6732],[-45.9584,-23.674],[-45.9588,-23.6748],[-45.9588,-23.676],[-45.9592,-23.6764],[-45.9596,-23.6772],[-45.9596,-23.678],[-45.96,-23.6784],[-45.9604,-23.6796],[-45.9608,-23.6796],[-45.9604,-23.6808],[-45.9612,-23.6812],[-45.962,-23.6824],[-45.9624,-23.6836],[-45.9624,-23.6852],[-45.9624,-23.6872],[-45.9628,-23.6872],[-45.9636,-23.6876]]]}},{"type":"Feature","properties":{"dsubbc":"rio itapanhau","nome":"Rio Itapanhaú"},"geometry":{"type":"Polygon","coordinates":[[[-45.9684,-23.6724],[-45.9692,-23.6728],[-45.97,-23.6728],[-45.9704,-23.6728],[-45.9712,-23.6736],[-45.9724,-23.674],[-45.9732,-23.6744],[-45.974,-23.6752],[-45.9744,-23.6764],[-45.9748,-23.6772],[-45.9744,-23.6784],[-45.9736,-23.6792],[-45.9732,-23.6804],[-45.9732,-23.6808],[-45.9732,-23.6812],[-45.9724,-23.6816],[-45.972,-23.6824],[-45.9716,-23.6828],[-45.9712,-23.6836],[-45.9712,-23.684],[-45.9716,-23.684],[-45.972,-23.6844],[-45.972,-23.6848],[-45.972,-23.6852],[-45.9724,-23.6856],[-45.9728,-23.6856],[-45.9732,-23.686],[-45.9744,-23.686],[-45.9744,-23.6864],[-45.9748,-23.6864],[-45.9756,-23.6864],[-45.976,-23.6864],[-45.9768,-23.6852],[-45.9772,-23.6844],[-45.9776,-23.684],[-45.9776,-23.6836],[-45.978,-23.6832],[-45.9788,-23.6824],[-45.9796,-23.6816],[-45.98,-23.6808],[-45.9804,-23.68],[-45.9804,-23.6784],[-45.9804,-23.6772],[-45.9808,-23.676],[-45.9808,-23.6752],[-45.9804,-23.6744],[-45.9796,-23.6744],[-45.9796,-23.674],[-45.9784,-23.674],[-45.978,-23.674],[-45.978,-23.6736],[-45.9776,-23.6736],[-45.9776,-23.6732],[-45.9772,-23.6732],[-45.9768,-23.6732],[-45.9768,-23.6728],[-45.9764,-23.6728],[-45.9764,-23.6724],[-45.9756,-23.6724],[-45.9756,-23.672],[-45.9752,-23.672],[-45.9748,-23.672],[-45.9748,-23.6716],[-45.9748,-23.6712],[-45.9744,-23.6712],[-45.9736,-23.6712],[-45.9736,-23.6708],[-45.9732,-23.6708],[-45.9732,-23.6704],[-45.9728,-23.6704],[-45.9728,-23.67],[-45.9724,-23.67],[-45.9724,-23.6696],[-45.9716,-23.6696],[-45.9716,-23.6692],[-45.9708,-23.6692],[-45.9708,-23.6696],[-45.97,-23.6696],[-45.97,-23.67],[-45.9692,-23.67],[-45.9688,-23.67],[-45.9688,-23.6712],[-45.9684,-23.6712],[-45.9684,-23.6724]]]}},{"type":"Feature","properties":{"dsubbc":"rio itapanhau","nome":"Rio Itapanhaú"},"geometry":{"type":"Polygon","coordinates":[[[-46.0988,-23.718],[-46.0992,-23.718],[-46.0992,-23.7184],[-46.0992,-23.7188],[-46.0996,-23.7188],[-46.0996,-23.7196],[-46.1,-23.7196],[-46.1,-23.72],[-46.1,-23.7208],[-46.1004,-23.7208],[-46.1004,-23.7216],[-46.1,-23.7216],[-46.1,-23.722],[-46.0996,-23.722],[-46.0996,-23.7224],[-46.0992,-23.7224],[-46.0992,-23.7228],[-46.0988,-23.7228],[-46.0984,-23.7228],[-46.0984,-23.7232],[-46.098,-23.7232],[-46.098,-23.7244],[-46.098,-23.7248],[-46.0972,-23.7248],[-46.0972,-23.726],[-46.0972,-23.7268],[-46.0972,-23.7276],[-46.0976,-23.7276],[-46.098,-23.7276],[-46.098,-23.728],[-46.098,-23.7284],[-46.0988,-23.7284],[-46.0988,-23.7288],[-46.1,-23.7288],[-46.1004,-23.7288],[-46.1012,-23.7288],[-46.1012,-23.7284],[-46.102,-23.7284],[-46.102,-23.728],[-46.102,-23.7284],[-46.1028,-23.7284],[-46.1028,-23.7288],[-46.1036,-23.7288],[-46.1036,-23.7292],[-46.104,-23.7292],[-46.104,-23.7296],[-46.1052,-23.7296],[-46.1056,-23.7296],[-46.1056,-23.73],[-46.106,-23.73],[-46.106,-23.7308],[-46.1064,-23.7308],[-46.1068,-23.7308],[-46.1068,-23.7312],[-46.1068,-23.732],[-46.1068,-23.7324],[-46.1064,-23.7324],[-46.1064,-23.7328],[-46.106,-23.7328],[-46.1044,-23.7328],[-46.1044,-23.7332],[-46.104,-23.7332],[-46.104,-23.7336],[-46.104,-23.734],[-46.1036,-23.734],[-46.1036,-23.7344],[-46.1032,-23.7344],[-46.1032,-23.7348],[-46.1036,-23.7348],[-46.1036,-23.7356],[-46.1032,-23.7356],[-46.1032,-23.736],[-46.1028,-23.736],[-46.1028,-23.7364],[-46.1028,-23.7368],[-46.1032,-23.7368],[-46.1032,-23.7376],[-46.1036,-23.7376],[-46.1036,-23.738],[-46.104,-23.738],[-46.104,-23.7388],[-46.104,-23.7392],[-46.1044,-23.7392],[-46.1044,-23.74],[-46.104,-23.74],[-46.104,-23.7404],[-46.104,-23.7408],[-46.1036,-23.7408],[-46.1036,-23.7416],[-46.104,-23.7416],[-46.104,-23.7424],[-46.104,-23.7428],[-46.1044,-23.7428],[-46.1044,-23.7432],[-46.1048,-23.7432],[-46.1048,-23.7436],[-46.1048,-23.7444],[-46.1052,-23.7444],[-46.1052,-23.7448],[-46.1056,-23.7448],[-46.1056,-23.7452],[-46.1056,-23.7468],[-46.1052,-23.7468],[-46.1052,-23.7472],[-46.1048,-23.7472],[-46.1048,-23.7476],[-46.1048,-23.748],[-46.1044,-23.748],[-46.1044,-23.7496],[-46.104,-23.7496],[-46.104,-23.75],[-46.104,-23.7504],[-46.1036,-23.7504],[-46.1036,-23.7508],[-46.1032,-23.7508],[-46.1028,-23.7508],[-46.1028,-23.7512],[-46.1028,-23.7516],[-46.1024,-23.7516],[-46.102,-23.7516],[-46.102,-23.752],[-46.102,-23.7544],[-46.1016,-23.7544],[-46.1012,-23.7544],[-46.1012,-23.7548],[-46.1008,-23.7548],[-46.1008,-23.7552],[-46.1008,-23.7556],[-46.1004,-23.7556],[-46.1,-23.7556],[-46.1,-23.756],[-46.1,-23.7564],[-46.0996,-23.7564],[-46.0996,-23.7572],[-46.0992,-23.7572],[-46.0992,-23.7576],[-46.0988,-23.7576],[-46.0988,-23.7584],[-46.0984,-23.7584],[-46.0984,-23.7588],[-46.098,-23.7588],[-46.098,-23.7592],[-46.098,-23.7596],[-46.0976,-23.7596],[-46.0976,-23.76],[-46.0972,-23.76],[-46.0972,-23.7604],[-46.0968,-23.7604],[-46.0968,-23.7608],[-46.0964,-23.7608],[-46.0964,-23.7636],[-46.096,-23.7636],[-46.096,-23.7644],[-46.0964,-23.7644],[-46.0968,-23.7644],[-46.0968,-23.7648],[-46.0972,-23.7648],[-46.0972,-23.7652],[-46.0972,-23.7656],[-46.098,-23.7656],[-46.0984,-23.7656],[-46.0984,-23.766],[-46.0984,-23.7664],[-46.0988,-23.7664],[-46.0988,-23.7684],[-46.0992,-23.7684],[-46.0992,-23.7688],[-46.0992,-23.7696],[-46.0996,-23.7696],[-46.0992,-23.7696],[-46.0992,-23.77],[-46.0996,-23.77],[-46.0996,-23.7704],[-46.1,-23.7704],[-46.1,-23.7708],[-46.1,-23.7744],[-46.1004,-23.7744],[-46.1004,-23.7764],[-46.1,-23.7764],[-46.1,-23.7772],[-46.1,-23.7776],[-46.0996,-23.7776],[-46.0996,-23.7784],[-46.0992,-23.7784],[-46.0992,-23.7796],[-46.0992,-23.7804],[-46.0988,-23.7804],[-46.0988,-23.7808],[-46.0984,-23.7808],[-46.0984,-23.7812],[-46.098,-23.7812],[-46.098,-23.7816],[-46.098,-23.7824],[-46.0976,-23.7824],[-46.0976,-23.7832],[-46.0972,-23.7832],[-46.0972,-23.784],[-46.0972,-23.7844],[-46.0968,-23.7844],[-46.0968,-23.7848],[-46.0968,-23.7856],[-46.0968,-23.7868],[-46.0972,-23.7876],[-46.0972,-23.788],[-46.0976,-23.7892],[-46.098,-23.7908],[-46.0984,-23.792],[-46.0988,-23.7928],[-46.0992,-23.7936],[-46.0996,-23.7936],[-46.0996,-23.7928],[-46.1,-23.7924],[-46.1004,-23.7924],[-46.1004,-23.792],[-46.1008,-23.792],[-46.1012,-23.7916],[-46.1016,-23.7916],[-46.102,-23.7916],[-46.1024,-23.7916],[-46.1024,-23.792],[-46.1024,-23.7924],[-46.1028,-23.7928],[-46.1028,-23.7932],[-46.1028,-23.7936],[-46.1032,-23.794],[-46.1036,-23.7944],[-46.1048,-23.7948],[-46.1056,-23.7952],[-46.106,-23.7952],[-46.1064,-23.7956],[-46.1064,-23.796],[-46.1068,-23.7964],[-46.1072,-23.7968],[-46.1076,-23.7968],[-46.108,-23.7972],[-46.1084,-23.7972],[-46.1092,-23.7972],[-46.1096,-23.7972],[-46.1104,-23.7972],[-46.1112,-23.7972],[-46.1116,-23.7968],[-46.112,-23.7964],[-46.112,-23.796],[-46.112,-23.7956],[-46.112,-23.7952],[-46.112,-23.7948],[-46.112,-23.794],[-46.112,-23.7936],[-46.112,-23.7932],[-46.112,-23.7928],[-46.112,-23.7924],[-46.112,-23.792],[-46.112,-23.7916],[-46.112,-23.7912],[-46.112,-23.7908],[-46.1124,-23.7904],[-46.1124,-23.7896],[-46.1132,-23.7888],[-46.114,-23.7876],[-46.114,-23.7872],[-46.1148,-23.7864],[-46.1152,-23.7856],[-46.1156,-23.7852],[-46.116,-23.7844],[-46.1164,-23.7836],[-46.1168,-23.7832],[-46.1176,-23.7824],[-46.118,-23.7816],[-46.1184,-23.7812],[-46.1188,-23.7804],[-46.1192,-23.78],[-46.1196,-23.7796],[-46.12,-23.7792],[-46.1204,-23.7784],[-46.1208,-23.778],[-46.1212,-23.7776],[-46.1212,-23.7768],[-46.1216,-23.7764],[-46.122,-23.7764],[-46.1224,-23.776],[-46.1228,-23.7752],[-46.1232,-23.7744],[-46.124,-23.7744],[-46.1248,-23.7744],[-46.1248,-23.774],[-46.126,-23.774],[-46.126,-23.7736],[-46.1276,-23.7736],[-46.128,-23.7736],[-46.128,-23.7732],[-46.1284,-23.7732],[-46.1288,-23.7732],[-46.1288,-23.7728],[-46.1288,-23.7724],[-46.1292,-23.7724],[-46.1296,-23.7724],[-46.1296,-23.772],[-46.13,-23.772],[-46.13,-23.7716],[-46.1304,-23.7716],[-46.1308,-23.7716],[-46.1308,-23.7712],[-46.132,-23.7712],[-46.132,-23.7708],[-46.1336,-23.7708],[-46.1336,-23.7704],[-46.134,-23.7704],[-46.134,-23.77],[-46.1344,-23.77],[-46.1344,-23.7696],[-46.1348,-23.7696],[-46.1348,-23.7692],[-46.1364,-23.7692],[-46.1364,-23.7688],[-46.1372,-23.7688],[-46.1372,-23.7684],[-46.1384,-23.7684],[-46.1396,-23.7684],[-46.14,-23.7684],[-46.14,-23.7688],[-46.1404,-23.7688],[-46.1404,-23.7692],[-46.1408,-23.7692],[-46.1408,-23.7696],[-46.1416,-23.7696],[-46.1416,-23.77],[-46.1416,-23.7704],[-46.142,-23.7704],[-46.142,-23.7708],[-46.1424,-23.7708],[-46.1424,-23.7712],[-46.1428,-23.7712],[-46.1428,-23.7716],[-46.1436,-23.7716],[-46.1436,-23.7724],[-46.144,-23.7724],[-46.144,-23.7728],[-46.1444,-23.7728],[-46.1444,-23.7732],[-46.1448,-23.7732],[-46.1448,-23.7736],[-46.1452,-23.7736],[-46.1468,-23.7736],[-46.1468,-23.774],[-46.1476,-23.774],[-46.1476,-23.7744],[-46.148,-23.7744],[-46.1492,-23.7744],[-46.1504,-23.7744],[-46.1508,-23.7744],[-46.1508,-23.7748],[-46.1512,-23.7748],[-46.1512,-23.7752],[-46.1516,-23.7752],[-46.1516,-23.776],[-46.1516,-23.7764],[-46.1524,-23.7764],[-46.1528,-23.7764],[-46.1528,-23.7784],[-46.1524,-23.7784],[-46.1524,-23.7788],[-46.152,-23.7788],[-46.152,-23.7792],[-46.1528,-23.7792],[-46.1528,-23.7796],[-46.156,-23.7796],[-46.1576,-23.7796],[-46.1576,-23.7792],[-46.1576,-23.7796],[-46.158,-23.7796],[-46.158,-23.7804],[-46.1584,-23.7804],[-46.1588,-23.7804],[-46.1588,-23.7808],[-46.1588,-23.7812],[-46.1592,-23.7812],[-46.1592,-23.7816],[-46.1596,-23.7816],[-46.16,-23.7816],[-46.16,-23.782],[-46.1604,-23.782],[-46.1604,-23.7824],[-46.1608,-23.7824],[-46.1608,-23.7828],[-46.1616,-23.7828],[-46.1616,-23.7832],[-46.1616,-23.784],[-46.1616,-23.7856],[-46.162,-23.7856],[-46.1624,-23.7856],[-46.1624,-23.786],[-46.1628,-23.786],[-46.1628,-23.7856],[-46.1632,-23.7856],[-46.1636,-23.7856],[-46.1636,-23.7852],[-46.1652,-23.7852],[-46.1652,-23.7856],[-46.1656,-23.7856],[-46.166,-23.7856],[-46.166,-23.786],[-46.1668,-23.786],[-46.1668,-23.7864],[-46.1676,-23.7864],[-46.1676,-23.7868],[-46.1676,-23.7872],[-46.168,-23.7872],[-46.168,-23.788],[-46.1684,-23.788],[-46.1684,-23.7884],[-46.1684,-23.7888],[-46.1692,-23.7888],[-46.1692,-23.7892],[-46.1696,-23.7892],[-46.17,-23.7892],[-46.17,-23.7896],[-46.1704,-23.7896],[-46.1704,-23.79],[-46.1708,-23.79],[-46.1708,-23.7904],[-46.1716,-23.7904],[-46.1716,-23.7908],[-46.172,-23.7908],[-46.172,-23.7912],[-46.1724,-23.7912],[-46.1724,-23.7916],[-46.1728,-23.7916],[-46.1728,-23.7912],[-46.174,-23.7912],[-46.1748,-23.7912],[-46.1748,-23.7908],[-46.1752,-23.7908],[-46.1752,-23.7912],[-46.1756,-23.7912],[-46.1756,-23.792],[-46.176,-23.792],[-46.176,-23.7924],[-46.1776,-23.7924],[-46.178,-23.7924],[-46.178,-23.7928],[-46.1784,-23.7928],[-46.1784,-23.7932],[-46.1796,-23.7932],[-46.1796,-23.7936],[-46.18,-23.7936],[-46.1804,-23.7936],[-46.1804,-23.794],[-46.1804,-23.7944],[-46.1808,-23.7944],[-46.1808,-23.7952],[-46.1812,-23.7952],[-46.1812,-23.7964],[-46.1816,-23.7964],[-46.1816,-23.7968],[-46.1816,-23.7972],[-46.182,-23.7972],[-46.182,-23.7976],[-46.1824,-23.7976],[-46.1824,-23.8008],[-46.1824,-23.8012],[-46.1828,-23.8012],[-46.1828,-23.8016],[-46.1832,-23.8016],[-46.1832,-23.8012],[-46.1852,-23.8012],[-46.1852,-23.8016],[-46.1864,-23.8016],[-46.1864,-23.802],[-46.1868,-23.802],[-46.1868,-23.8024],[-46.1876,-23.8024],[-46.1884,-23.8024],[-46.1884,-23.8028],[-46.1888,-23.8028],[-46.1888,-23.8032],[-46.1896,-23.8032],[-46.1896,-23.804],[-46.19,-23.804],[-46.19,-23.8044],[-46.1904,-23.8044],[-46.1904,-23.8048],[-46.1916,-23.8048],[-46.1916,-23.8052],[-46.192,-23.8052],[-46.1932,-23.8052],[-46.1932,-23.8056],[-46.1936,-23.8056],[-46.1936,-23.806],[-46.1948,-23.806],[-46.1948,-23.8064],[-46.1956,-23.8064],[-46.1968,-23.8064],[-46.1968,-23.8068],[-46.198,-23.8068],[-46.198,-23.8072],[-46.2,-23.8072],[-46.2004,-23.8072],[-46.2004,-23.8076],[-46.2012,-23.8076],[-46.2012,-23.8072],[-46.2016,-23.8072],[-46.2024,-23.8072],[-46.2024,-23.8076],[-46.2032,-23.8076],[-46.2032,-23.808],[-46.2032,-23.8084],[-46.2036,-23.8084],[-46.204,-23.8084],[-46.204,-23.8092],[-46.2044,-23.8092],[-46.2044,-23.81],[-46.2048,-23.81],[-46.2048,-23.8104],[-46.2052,-23.8104],[-46.2052,-23.8108],[-46.2056,-23.8108],[-46.2056,-23.8112],[-46.206,-23.8112],[-46.2064,-23.8112],[-46.2064,-23.812],[-46.2064,-23.8124],[-46.2072,-23.8124],[-46.2076,-23.8124],[-46.2076,-23.8128],[-46.2084,-23.8128],[-46.2084,-23.8132],[-46.2088,-23.8132],[-46.2092,-23.8132],[-46.2092,-23.8136],[-46.2096,-23.8136],[-46.2096,-23.814],[-46.21,-23.814],[-46.21,-23.8144],[-46.2104,-23.8144],[-46.2108,-23.8144],[-46.2108,-23.8148],[-46.2112,-23.8148],[-46.2112,-23.8144],[-46.2116,-23.8144],[-46.2116,-23.814],[-46.2164,-23.814],[-46.2164,-23.8136],[-46.2164,-23.8132],[-46.2168,-23.8132],[-46.2172,-23.8132],[-46.2172,-23.8124],[-46.2176,-23.8124],[-46.2176,-23.812],[-46.218,-23.812],[-46.218,-23.8116],[-46.2184,-23.8116],[-46.2184,-23.8112],[-46.2192,-23.8112],[-46.2192,-23.8108],[-46.2192,-23.8104],[-46.2196,-23.8104],[-46.22,-23.8104],[-46.22,-23.81],[-46.2204,-23.81],[-46.2204,-23.8096],[-46.2204,-23.8092],[-46.2204,-23.8088],[-46.2204,-23.8084],[-46.2208,-23.8084],[-46.2208,-23.8052],[-46.2212,-23.8052],[-46.2212,-23.8044],[-46.222,-23.8044],[-46.222,-23.804],[-46.2248,-23.804],[-46.2248,-23.8036],[-46.2252,-23.8036],[-46.2252,-23.8032],[-46.2276,-23.8032],[-46.2276,-23.8036],[-46.2304,-23.8036],[-46.2304,-23.804],[-46.2308,-23.804],[-46.2308,-23.8044],[-46.232,-23.8044],[-46.232,-23.804],[-46.2332,-23.804],[-46.2332,-23.8036],[-46.2336,-23.8036],[-46.2336,-23.8032],[-46.234,-23.8032],[-46.2344,-23.8032],[-46.2344,-23.8028],[-46.2348,-23.8028],[-46.2348,-23.8024],[-46.2352,-23.8024],[-46.2352,-23.802],[-46.2356,-23.802],[-46.2356,-23.8016],[-46.236,-23.8016],[-46.236,-23.8012],[-46.2364,-23.8012],[-46.2364,-23.8008],[-46.2364,-23.8],[-46.2368,-23.8],[-46.2368,-23.7996],[-46.238,-23.7996],[-46.238,-23.7992],[-46.2392,-23.7992],[-46.2396,-23.7992],[-46.2396,-23.798],[-46.2392,-23.798],[-46.2392,-23.7968],[-46.2392,-23.7964],[-46.2388,-23.7964],[-46.2384,-23.7964],[-46.2384,-23.796],[-46.238,-23.796],[-46.238,-23.7956],[-46.2384,-23.7956],[-46.2384,-23.7952],[-46.2388,-23.7952],[-46.2392,-23.7952],[-46.2392,-23.7948],[-46.2392,-23.792],[-46.2392,-23.7912],[-46.2392,-23.7908],[-46.2388,-23.7908],[-46.2388,-23.7904],[-46.2384,-23.7904],[-46.2384,-23.79],[-46.2372,-23.79],[-46.2372,-23.7896],[-46.2364,-23.7896],[-46.2364,-23.7892],[-46.2352,-23.7892],[-46.2348,-23.7892],[-46.2348,-23.7888],[-46.2344,-23.7888],[-46.2344,-23.7884],[-46.2344,-23.7872],[-46.2344,-23.7868],[-46.2352,-23.7868],[-46.2352,-23.7864],[-46.2364,-23.7864],[-46.2372,-23.7864],[-46.2372,-23.786],[-46.238,-23.786],[-46.238,-23.7856],[-46.238,-23.784],[-46.238,-23.7836],[-46.238,-23.7832],[-46.2384,-23.7832],[-46.2384,-23.7824],[-46.2388,-23.7824],[-46.2388,-23.7812],[-46.2392,-23.7812],[-46.2392,-23.7796],[-46.2392,-23.7792],[-46.24,-23.7792],[-46.24,-23.7788],[-46.2408,-23.7788],[-46.2408,-23.7784],[-46.2412,-23.7784],[-46.2416,-23.7784],[-46.2416,-23.778],[-46.2424,-23.778],[-46.2424,-23.7776],[-46.2428,-23.7776],[-46.2428,-23.7768],[-46.2432,-23.7768],[-46.2432,-23.7764],[-46.2428,-23.7764],[-46.2428,-23.776],[-46.2424,-23.776],[-46.2424,-23.7756],[-46.242,-23.7756],[-46.242,-23.7748],[-46.2416,-23.7748],[-46.2416,-23.7744],[-46.2412,-23.7744],[-46.2412,-23.774],[-46.2396,-23.774],[-46.2396,-23.7736],[-46.2384,-23.7736],[-46.2376,-23.7736],[-46.2376,-23.7732],[-46.2372,-23.7732],[-46.2372,-23.7728],[-46.2368,-23.7728],[-46.2368,-23.7724],[-46.2356,-23.7724],[-46.2356,-23.772],[-46.2352,-23.772],[-46.2352,-23.7716],[-46.2284,-23.7716],[-46.2276,-23.7716],[-46.2272,-23.7716],[-46.2272,-23.772],[-46.2264,-23.772],[-46.2264,-23.7724],[-46.226,-23.7724],[-46.2256,-23.7724],[-46.2256,-23.7728],[-46.2252,-23.7728],[-46.2252,-23.7732],[-46.2224,-23.7732],[-46.2224,-23.7736],[-46.2212,-23.7736],[-46.2212,-23.7728],[-46.2212,-23.7724],[-46.2208,-23.7724],[-46.2208,-23.7716],[-46.2204,-23.7716],[-46.2204,-23.7712],[-46.2204,-23.7704],[-46.22,-23.7704],[-46.2196,-23.7704],[-46.2196,-23.77],[-46.2192,-23.77],[-46.2192,-23.7692],[-46.2188,-23.7692],[-46.2188,-23.7684],[-46.2184,-23.7684],[-46.2184,-23.7676],[-46.2184,-23.7672],[-46.218,-23.7672],[-46.218,-23.7664],[-46.2176,-23.7664],[-46.2176,-23.7656],[-46.2172,-23.7656],[-46.2172,-23.7652],[-46.2168,-23.7652],[-46.2168,-23.7648],[-46.2164,-23.7648],[-46.2164,-23.7644],[-46.2164,-23.764],[-46.2164,-23.7636],[-46.216,-23.7636],[-46.216,-23.76],[-46.216,-23.7592],[-46.2156,-23.7592],[-46.2156,-23.7584],[-46.2152,-23.7584],[-46.2152,-23.7576],[-46.2144,-23.7576],[-46.2132,-23.7576],[-46.2132,-23.7572],[-46.2128,-23.7572],[-46.2128,-23.7568],[-46.2124,-23.7568],[-46.2124,-23.7564],[-46.2104,-23.7564],[-46.2104,-23.7576],[-46.21,-23.7576],[-46.206,-23.7576],[-46.2056,-23.7576],[-46.2056,-23.7564],[-46.2052,-23.7564],[-46.2052,-23.7556],[-46.2052,-23.7548],[-46.2048,-23.7548],[-46.2048,-23.754],[-46.2044,-23.754],[-46.2044,-23.7536],[-46.2044,-23.7532],[-46.204,-23.7532],[-46.204,-23.7528],[-46.2036,-23.7528],[-46.2036,-23.752],[-46.2036,-23.7516],[-46.2044,-23.7516],[-46.2052,-23.7516],[-46.2056,-23.7516],[-46.206,-23.7516],[-46.206,-23.7512],[-46.2064,-23.7512],[-46.2064,-23.7508],[-46.2068,-23.7508],[-46.2072,-23.7508],[-46.2072,-23.7504],[-46.2072,-23.75],[-46.2084,-23.75],[-46.2084,-23.7496],[-46.2084,-23.7484],[-46.2084,-23.7472],[-46.208,-23.7472],[-46.208,-23.7468],[-46.2084,-23.7468],[-46.2084,-23.7452],[-46.2084,-23.7436],[-46.2084,-23.7428],[-46.2072,-23.7428],[-46.2072,-23.7424],[-46.206,-23.7424],[-46.206,-23.742],[-46.2052,-23.742],[-46.2048,-23.742],[-46.2048,-23.7416],[-46.204,-23.7416],[-46.204,-23.7388],[-46.2044,-23.7388],[-46.2044,-23.7368],[-46.204,-23.7368],[-46.204,-23.7364],[-46.2036,-23.7364],[-46.2036,-23.736],[-46.2032,-23.736],[-46.2028,-23.736],[-46.2028,-23.7356],[-46.2024,-23.7356],[-46.2024,-23.7348],[-46.2024,-23.734],[-46.202,-23.734],[-46.202,-23.7336],[-46.2016,-23.7336],[-46.2016,-23.7328],[-46.2012,-23.7328],[-46.2012,-23.732],[-46.2012,-23.7312],[-46.2008,-23.7312],[-46.2008,-23.7308],[-46.2004,-23.7308],[-46.2004,-23.73],[-46.2004,-23.7292],[-46.2008,-23.7292],[-46.2008,-23.7288],[-46.2008,-23.7276],[-46.2004,-23.7276],[-46.2004,-23.7272],[-46.2004,-23.726],[-46.2,-23.726],[-46.2,-23.7256],[-46.1992,-23.7256],[-46.1992,-23.7252],[-46.1984,-23.7252],[-46.1984,-23.7248],[-46.1968,-23.7248],[-46.1964,-23.7248],[-46.1964,-23.724],[-46.1964,-23.7228],[-46.196,-23.7228],[-46.1956,-23.7228],[-46.1956,-23.7224],[-46.1952,-23.7224],[-46.1952,-23.722],[-46.1932,-23.722],[-46.1928,-23.722],[-46.1924,-23.722],[-46.192,-23.722],[-46.192,-23.7208],[-46.1916,-23.7208],[-46.1916,-23.7196],[-46.1912,-23.7196],[-46.1912,-23.7176],[-46.1912,-23.7172],[-46.1912,-23.7168],[-46.192,-23.7168],[-46.1924,-23.7168],[-46.1924,-23.7164],[-46.1928,-23.7164],[-46.1928,-23.716],[-46.1932,-23.716],[-46.1932,-23.7156],[-46.1932,-23.7152],[-46.1936,-23.7152],[-46.1936,-23.7148],[-46.194,-23.7148],[-46.1944,-23.7148],[-46.1944,-23.714],[-46.194,-23.714],[-46.194,-23.7136],[-46.1932,-23.7136],[-46.1932,-23.7132],[-46.1928,-23.7132],[-46.1928,-23.7128],[-46.1916,-23.7128],[-46.1916,-23.7132],[-46.1912,-23.7132],[-46.1912,-23.7136],[-46.1912,-23.714],[-46.1876,-23.714],[-46.1868,-23.714],[-46.1864,-23.714],[-46.1864,-23.7136],[-46.1864,-23.7132],[-46.186,-23.7132],[-46.186,-23.7128],[-46.1852,-23.7128],[-46.1848,-23.7128],[-46.1848,-23.7112],[-46.1844,-23.7112],[-46.1844,-23.7108],[-46.1836,-23.7108],[-46.1836,-23.7104],[-46.1828,-23.7104],[-46.1828,-23.71],[-46.1824,-23.71],[-46.1824,-23.7096],[-46.1792,-23.7096],[-46.1792,-23.71],[-46.1768,-23.71],[-46.1764,-23.71],[-46.1764,-23.7104],[-46.176,-23.7104],[-46.176,-23.7108],[-46.1756,-23.7108],[-46.1756,-23.7112],[-46.1752,-23.7112],[-46.1752,-23.7116],[-46.1748,-23.7116],[-46.1748,-23.712],[-46.1744,-23.712],[-46.174,-23.712],[-46.174,-23.7124],[-46.1736,-23.7124],[-46.1736,-23.7128],[-46.1708,-23.7128],[-46.1704,-23.7128],[-46.1704,-23.7136],[-46.1704,-23.714],[-46.1636,-23.714],[-46.1632,-23.714],[-46.1632,-23.7144],[-46.1628,-23.7144],[-46.1628,-23.7148],[-46.1624,-23.7148],[-46.1616,-23.7148],[-46.1616,-23.7152],[-46.1612,-23.7152],[-46.1612,-23.7156],[-46.1608,-23.7156],[-46.1608,-23.716],[-46.1604,-23.716],[-46.1588,-23.716],[-46.1584,-23.716],[-46.1584,-23.7152],[-46.1584,-23.714],[-46.158,-23.714],[-46.158,-23.7136],[-46.1576,-23.7136],[-46.1576,-23.7132],[-46.1576,-23.7128],[-46.1572,-23.7128],[-46.1568,-23.7128],[-46.1568,-23.7124],[-46.1564,-23.7124],[-46.1564,-23.712],[-46.1556,-23.712],[-46.1548,-23.712],[-46.1548,-23.7116],[-46.1544,-23.7116],[-46.1544,-23.7112],[-46.1532,-23.7112],[-46.1532,-23.7108],[-46.1528,-23.7108],[-46.1528,-23.7104],[-46.1524,-23.7104],[-46.1524,-23.71],[-46.152,-23.71],[-46.152,-23.7096],[-46.1516,-23.7096],[-46.1516,-23.7092],[-46.1516,-23.7084],[-46.1516,-23.708],[-46.152,-23.708],[-46.152,-23.7072],[-46.1524,-23.7072],[-46.1524,-23.7068],[-46.1528,-23.7068],[-46.1532,-23.7068],[-46.1532,-23.7064],[-46.1548,-23.7064],[-46.1548,-23.706],[-46.1552,-23.706],[-46.1552,-23.7064],[-46.1556,-23.7064],[-46.1556,-23.7068],[-46.1564,-23.7068],[-46.1564,-23.7072],[-46.1568,-23.7072],[-46.1576,-23.7072],[-46.1576,-23.7076],[-46.158,-23.7076],[-46.158,-23.7068],[-46.1584,-23.7068],[-46.1584,-23.704],[-46.1584,-23.7028],[-46.1584,-23.7024],[-46.1576,-23.7024],[-46.1576,-23.702],[-46.1572,-23.702],[-46.1564,-23.702],[-46.1564,-23.7012],[-46.1556,-23.7012],[-46.1552,-23.7012],[-46.1552,-23.7008],[-46.1544,-23.7008],[-46.1544,-23.7004],[-46.1536,-23.7004],[-46.1536,-23.7],[-46.1536,-23.6996],[-46.1532,-23.6996],[-46.1532,-23.6992],[-46.1528,-23.6992],[-46.1524,-23.6992],[-46.1524,-23.6988],[-46.1524,-23.6984],[-46.1516,-23.6984],[-46.1516,-23.698],[-46.1508,-23.698],[-46.1504,-23.698],[-46.1504,-23.6976],[-46.1504,-23.6972],[-46.15,-23.6972],[-46.1496,-23.6972],[-46.1496,-23.6968],[-46.1496,-23.696],[-46.1496,-23.6932],[-46.1492,-23.6932],[-46.1492,-23.6912],[-46.1496,-23.6912],[-46.1496,-23.6896],[-46.1492,-23.6896],[-46.1492,-23.6892],[-46.1488,-23.6892],[-46.1488,-23.6888],[-46.1484,-23.6888],[-46.1484,-23.6884],[-46.148,-23.6884],[-46.148,-23.688],[-46.1476,-23.688],[-46.1476,-23.6876],[-46.1472,-23.6876],[-46.1472,-23.6852],[-46.1492,-23.6852],[-46.1492,-23.6836],[-46.1496,-23.6836],[-46.1496,-23.6824],[-46.1496,-23.6816],[-46.15,-23.6816],[-46.15,-23.6812],[-46.1504,-23.6812],[-46.1496,-23.6812],[-46.1496,-23.6808],[-46.1496,-23.6804],[-46.1492,-23.6804],[-46.1492,-23.68],[-46.1488,-23.68],[-46.1488,-23.6796],[-46.1476,-23.6796],[-46.1476,-23.6792],[-46.1472,-23.6792],[-46.1468,-23.6792],[-46.1464,-23.6792],[-46.1464,-23.6788],[-46.1456,-23.6788],[-46.1456,-23.6784],[-46.1452,-23.6784],[-46.1452,-23.678],[-46.1428,-23.678],[-46.1428,-23.6784],[-46.1428,-23.6788],[-46.1424,-23.6788],[-46.1424,-23.6824],[-46.142,-23.6824],[-46.142,-23.682],[-46.1408,-23.682],[-46.1408,-23.6816],[-46.1408,-23.6812],[-46.1404,-23.6812],[-46.1388,-23.6812],[-46.1388,-23.6808],[-46.1384,-23.6808],[-46.1368,-23.6808],[-46.1368,-23.6804],[-46.136,-23.6804],[-46.136,-23.68],[-46.1356,-23.68],[-46.1352,-23.68],[-46.1352,-23.6796],[-46.1348,-23.6796],[-46.1348,-23.6792],[-46.1336,-23.6792],[-46.1336,-23.6796],[-46.1328,-23.6796],[-46.1328,-23.6792],[-46.132,-23.6792],[-46.1312,-23.6792],[-46.1312,-23.6788],[-46.1308,-23.6788],[-46.1308,-23.6784],[-46.1252,-23.6784],[-46.1252,-23.678],[-46.1248,-23.678],[-46.1248,-23.6776],[-46.1248,-23.6772],[-46.1244,-23.6772],[-46.124,-23.6772],[-46.124,-23.6768],[-46.1216,-23.6768],[-46.1216,-23.6764],[-46.1212,-23.6764],[-46.1212,-23.676],[-46.1208,-23.676],[-46.1208,-23.6756],[-46.1208,-23.6752],[-46.1204,-23.6752],[-46.1204,-23.6736],[-46.1208,-23.6736],[-46.1208,-23.6732],[-46.1216,-23.6732],[-46.1216,-23.6728],[-46.1216,-23.6724],[-46.1212,-23.6724],[-46.1212,-23.668],[-46.1204,-23.668],[-46.1204,-23.6676],[-46.1192,-23.6676],[-46.1192,-23.6672],[-46.1188,-23.6672],[-46.1188,-23.6676],[-46.1176,-23.6676],[-46.1176,-23.668],[-46.1168,-23.668],[-46.1168,-23.6684],[-46.1164,-23.6684],[-46.1164,-23.668],[-46.116,-23.668],[-46.116,-23.6676],[-46.116,-23.6672],[-46.1152,-23.6672],[-46.1136,-23.6672],[-46.1136,-23.6668],[-46.1132,-23.6668],[-46.1132,-23.6664],[-46.1128,-23.6664],[-46.1124,-23.6664],[-46.1124,-23.6672],[-46.112,-23.6672],[-46.112,-23.668],[-46.112,-23.6684],[-46.1116,-23.6684],[-46.1116,-23.6692],[-46.1112,-23.6692],[-46.1108,-23.6692],[-46.1108,-23.6696],[-46.1104,-23.6696],[-46.1104,-23.67],[-46.1096,-23.67],[-46.1096,-23.6704],[-46.1092,-23.6704],[-46.1088,-23.6704],[-46.1088,-23.6712],[-46.1088,-23.6716],[-46.1084,-23.6716],[-46.1084,-23.6724],[-46.108,-23.6724],[-46.108,-23.6728],[-46.1076,-23.6728],[-46.1076,-23.6732],[-46.1072,-23.6732],[-46.1072,-23.6744],[-46.1076,-23.6744],[-46.108,-23.6744],[-46.108,-23.6748],[-46.108,-23.6752],[-46.1088,-23.6752],[-46.1092,-23.6752],[-46.1092,-23.676],[-46.1096,-23.676],[-46.1096,-23.6764],[-46.11,-23.6764],[-46.11,-23.6768],[-46.11,-23.6772],[-46.1096,-23.6772],[-46.1096,-23.678],[-46.1092,-23.678],[-46.1092,-23.68],[-46.1088,-23.68],[-46.1088,-23.6808],[-46.1088,-23.6812],[-46.1084,-23.6812],[-46.1084,-23.6816],[-46.108,-23.6816],[-46.108,-23.6812],[-46.1068,-23.6812],[-46.1068,-23.6816],[-46.1068,-23.682],[-46.1064,-23.682],[-46.106,-23.682],[-46.106,-23.6824],[-46.106,-23.6832],[-46.1056,-23.6832],[-46.1052,-23.6832],[-46.1052,-23.6828],[-46.1044,-23.6828],[-46.1044,-23.6824],[-46.104,-23.6824],[-46.104,-23.6828],[-46.104,-23.6832],[-46.1036,-23.6832],[-46.1032,-23.6832],[-46.1032,-23.684],[-46.1028,-23.684],[-46.1028,-23.6852],[-46.1028,-23.686],[-46.1032,-23.686],[-46.1032,-23.6876],[-46.1028,-23.6876],[-46.1028,-23.688],[-46.1028,-23.6884],[-46.1028,-23.6888],[-46.1032,-23.6888],[-46.1032,-23.6896],[-46.1036,-23.6896],[-46.1036,-23.69],[-46.104,-23.69],[-46.104,-23.692],[-46.1032,-23.692],[-46.1032,-23.6924],[-46.102,-23.6924],[-46.102,-23.6928],[-46.1016,-23.6928],[-46.1016,-23.6924],[-46.1,-23.6924],[-46.1,-23.6932],[-46.1004,-23.6932],[-46.1004,-23.6936],[-46.1,-23.6936],[-46.1,-23.694],[-46.1,-23.6948],[-46.0996,-23.6948],[-46.0996,-23.6952],[-46.0992,-23.6952],[-46.0984,-23.6952],[-46.0968,-23.6952],[-46.0968,-23.6956],[-46.0964,-23.6956],[-46.0964,-23.696],[-46.096,-23.696],[-46.096,-23.6964],[-46.096,-23.698],[-46.0956,-23.698],[-46.0956,-23.6988],[-46.0952,-23.6988],[-46.0952,-23.6992],[-46.0956,-23.6992],[-46.0956,-23.7],[-46.096,-23.7],[-46.096,-23.7012],[-46.0964,-23.7012],[-46.0964,-23.702],[-46.0968,-23.702],[-46.0968,-23.7028],[-46.0972,-23.7028],[-46.0972,-23.7032],[-46.0976,-23.7032],[-46.0976,-23.7036],[-46.098,-23.7036],[-46.098,-23.704],[-46.098,-23.7044],[-46.0984,-23.7044],[-46.0984,-23.7048],[-46.0988,-23.7048],[-46.0988,-23.7052],[-46.0988,-23.706],[-46.0988,-23.7064],[-46.0992,-23.7064],[-46.0992,-23.7068],[-46.0996,-23.7068],[-46.0996,-23.7072],[-46.1,-23.7072],[-46.1004,-23.7072],[-46.1004,-23.7076],[-46.1008,-23.7076],[-46.1008,-23.708],[-46.1008,-23.7084],[-46.1012,-23.7084],[-46.1012,-23.7092],[-46.1016,-23.7092],[-46.102,-23.7092],[-46.102,-23.7096],[-46.102,-23.71],[-46.1024,-23.71],[-46.1028,-23.71],[-46.1028,-23.7104],[-46.1028,-23.7128],[-46.1032,-23.7128],[-46.1032,-23.7132],[-46.1036,-23.7132],[-46.1036,-23.714],[-46.104,-23.714],[-46.104,-23.7148],[-46.104,-23.7156],[-46.104,-23.716],[-46.1036,-23.716],[-46.1032,-23.716],[-46.1032,-23.7164],[-46.1028,-23.7164],[-46.1028,-23.7168],[-46.1024,-23.7168],[-46.1008,-23.7168],[-46.1008,-23.7172],[-46.1004,-23.7172],[-46.1004,-23.7176],[-46.0992,-23.7176],[-46.0992,-23.718],[-46.0988,-23.718]]]}},{"type":"Feature","properties":{"dsubbc":"rio itapanhau","nome":"Rio Itapanhaú"},"geometry":{"type":"Polygon","coordinates":[[[-45.9172,-23.6684],[-45.9172,-23.6692],[-45.9176,-23.6692],[-45.9176,-23.6704],[-45.9172,-23.6704],[-45.9172,-23.6708],[-45.9172,-23.6712],[-45.9168,-23.6712],[-45.9168,-23.672],[-45.9164,-23.672],[-45.916,-23.672],[-45.916,-23.6724],[-45.916,-23.6728],[-45.9156,-23.6728],[-45.9156,-23.6732],[-45.916,-23.6732],[-45.916,-23.6736],[-45.916,-23.6756],[-45.9176,-23.6756],[-45.9176,-23.676],[-45.918,-23.676],[-45.918,-23.6768],[-45.9184,-23.6768],[-45.9184,-23.678],[-45.9192,-23.678],[-45.9192,-23.6784],[-45.9192,-23.6788],[-45.9204,-23.6788],[-45.9204,-23.6792],[-45.9212,-23.6792],[-45.9212,-23.6796],[-45.922,-23.6796],[-45.922,-23.68],[-45.9228,-23.68],[-45.9228,-23.6804],[-45.9236,-23.6804],[-45.9236,-23.6808],[-45.924,-23.6808],[-45.924,-23.6824],[-45.9236,-23.6824],[-45.9236,-23.6828],[-45.9232,-23.6828],[-45.9232,-23.6836],[-45.9232,-23.6852],[-45.9228,-23.6852],[-45.9228,-23.6856],[-45.9224,-23.6856],[-45.9224,-23.686],[-45.9216,-23.686],[-45.9212,-23.686],[-45.9212,-23.6864],[-45.9208,-23.6864],[-45.9208,-23.6868],[-45.9204,-23.6868],[-45.9204,-23.6864],[-45.92,-23.6864],[-45.92,-23.6888],[-45.9212,-23.6888],[-45.9212,-23.6892],[-45.9216,-23.6892],[-45.9236,-23.6892],[-45.9236,-23.6896],[-45.924,-23.6896],[-45.924,-23.69],[-45.9244,-23.69],[-45.9244,-23.6904],[-45.9248,-23.6904],[-45.9248,-23.6912],[-45.9252,-23.6912],[-45.9252,-23.692],[-45.9252,-23.6928],[-45.9256,-23.6928],[-45.9256,-23.6932],[-45.926,-23.6932],[-45.926,-23.6936],[-45.926,-23.694],[-45.9264,-23.694],[-45.9268,-23.694],[-45.9268,-23.6944],[-45.9272,-23.6944],[-45.9272,-23.6948],[-45.928,-23.6948],[-45.9288,-23.6948],[-45.9288,-23.6952],[-45.9288,-23.6956],[-45.9296,-23.6956],[-45.9296,-23.696],[-45.93,-23.696],[-45.93,-23.6964],[-45.93,-23.6968],[-45.9304,-23.6968],[-45.9304,-23.698],[-45.9308,-23.698],[-45.9308,-23.6984],[-45.9312,-23.6984],[-45.9324,-23.6984],[-45.9324,-23.6988],[-45.9328,-23.6988],[-45.9332,-23.6988],[-45.9332,-23.6992],[-45.934,-23.6992],[-45.934,-23.6996],[-45.934,-23.7],[-45.9344,-23.7],[-45.9348,-23.7],[-45.9348,-23.7004],[-45.9348,-23.7008],[-45.9356,-23.7008],[-45.9368,-23.7008],[-45.9376,-23.7008],[-45.9376,-23.7004],[-45.9388,-23.7004],[-45.9388,-23.7008],[-45.9392,-23.7008],[-45.9396,-23.7008],[-45.94,-23.7008],[-45.94,-23.7004],[-45.94,-23.7],[-45.9404,-23.7],[-45.942,-23.7],[-45.9428,-23.7],[-45.9428,-23.7004],[-45.9428,-23.7008],[-45.944,-23.7008],[-45.9448,-23.7008],[-45.9452,-23.7008],[-45.9464,-23.7004],[-45.9472,-23.7],[-45.9476,-23.6996],[-45.948,-23.6992],[-45.9484,-23.6988],[-45.9488,-23.6984],[-45.9496,-23.6984],[-45.9496,-23.6988],[-45.9504,-23.6988],[-45.9512,-23.6988],[-45.9512,-23.6992],[-45.9516,-23.6992],[-45.9516,-23.6996],[-45.952,-23.6996],[-45.9528,-23.6996],[-45.9528,-23.7],[-45.9532,-23.7],[-45.9536,-23.7],[-45.9536,-23.7004],[-45.9556,-23.7004],[-45.9556,-23.7],[-45.956,-23.7],[-45.956,-23.6968],[-45.9556,-23.6968],[-45.9556,-23.6964],[-45.9548,-23.6964],[-45.9548,-23.696],[-45.9548,-23.6944],[-45.9548,-23.694],[-45.9552,-23.694],[-45.956,-23.6932],[-45.9572,-23.692],[-45.9576,-23.6916],[-45.9584,-23.6908],[-45.9596,-23.6904],[-45.9604,-23.6896],[-45.9616,-23.6888],[-45.9624,-23.6884],[-45.9628,-23.688],[-45.9632,-23.688],[-45.9636,-23.6876],[-45.9628,-23.6872],[-45.9624,-23.6872],[-45.9624,-23.6852],[-45.9624,-23.6836],[-45.962,-23.6824],[-45.9612,-23.6812],[-45.9604,-23.6808],[-45.9608,-23.6796],[-45.9604,-23.6796],[-45.96,-23.6784],[-45.9596,-23.678],[-45.9596,-23.6772],[-45.9592,-23.6764],[-45.9588,-23.676],[-45.9588,-23.6748],[-45.9584,-23.674],[-45.9584,-23.6732],[-45.9584,-23.6724],[-45.958,-23.672],[-45.9588,-23.6708],[-45.9588,-23.6704],[-45.9596,-23.6704],[-45.9604,-23.6696],[-45.962,-23.6692],[-45.962,-23.6688],[-45.9624,-23.6688],[-45.9624,-23.668],[-45.962,-23.668],[-45.962,-23.6672],[-45.9616,-23.6672],[-45.9608,-23.6672],[-45.9592,-23.6672],[-45.9592,-23.6668],[-45.958,-23.6668],[-45.958,-23.6664],[-45.9576,-23.6664],[-45.9576,-23.666],[-45.9548,-23.666],[-45.9548,-23.6664],[-45.9548,-23.6668],[-45.954,-23.6668],[-45.954,-23.6672],[-45.9532,-23.6672],[-45.9532,-23.6676],[-45.9508,-23.6676],[-45.9508,-23.668],[-45.95,-23.668],[-45.9496,-23.668],[-45.9496,-23.6684],[-45.9488,-23.6684],[-45.9488,-23.6688],[-45.9488,-23.6692],[-45.9484,-23.6692],[-45.9484,-23.6716],[-45.948,-23.6716],[-45.948,-23.672],[-45.9472,-23.672],[-45.946,-23.672],[-45.946,-23.6724],[-45.946,-23.6728],[-45.9456,-23.6728],[-45.9456,-23.6732],[-45.9452,-23.6732],[-45.9432,-23.6732],[-45.9432,-23.6728],[-45.9428,-23.6728],[-45.9428,-23.672],[-45.9424,-23.672],[-45.9424,-23.6712],[-45.942,-23.6712],[-45.942,-23.6716],[-45.9408,-23.6716],[-45.9408,-23.6708],[-45.9408,-23.6704],[-45.9404,-23.6704],[-45.9404,-23.6696],[-45.94,-23.6696],[-45.94,-23.6692],[-45.938,-23.6692],[-45.9368,-23.6692],[-45.936,-23.6692],[-45.936,-23.6688],[-45.9344,-23.6688],[-45.9344,-23.6692],[-45.934,-23.6692],[-45.9332,-23.6692],[-45.9332,-23.6688],[-45.9328,-23.6688],[-45.9328,-23.668],[-45.9324,-23.668],[-45.9324,-23.6676],[-45.932,-23.6676],[-45.932,-23.6672],[-45.9308,-23.6672],[-45.93,-23.6672],[-45.93,-23.6676],[-45.9296,-23.6676],[-45.9296,-23.668],[-45.9292,-23.668],[-45.9292,-23.6684],[-45.9284,-23.6684],[-45.928,-23.6684],[-45.928,-23.668],[-45.9276,-23.668],[-45.9276,-23.6676],[-45.9268,-23.6676],[-45.9268,-23.6672],[-45.9264,-23.6672],[-45.9264,-23.6668],[-45.926,-23.6668],[-45.926,-23.6664],[-45.926,-23.6668],[-45.9256,-23.6668],[-45.9256,-23.6672],[-45.9252,-23.6672],[-45.9252,-23.6676],[-45.9252,-23.668],[-45.9248,-23.668],[-45.9248,-23.6684],[-45.9244,-23.6684],[-45.9244,-23.6692],[-45.924,-23.6692],[-45.924,-23.6696],[-45.9236,-23.6696],[-45.9236,-23.67],[-45.922,-23.67],[-45.922,-23.6704],[-45.9208,-23.6704],[-45.9208,-23.67],[-45.9204,-23.67],[-45.9204,-23.6696],[-45.92,-23.6696],[-45.92,-23.6692],[-45.9196,-23.6692],[-45.9196,-23.6688],[-45.9192,-23.6688],[-45.9192,-23.6684],[-45.9188,-23.6684],[-45.9188,-23.668],[-45.9188,-23.6684],[-45.918,-23.6684],[-45.9172,-23.6684]]]}},{"type":"Feature","properties":{"dsubbc":"rio itapanhau","nome":"Rio Itapanhaú"},"geometry":{"type":"Polygon","coordinates":[[[-45.9728,-23.6008],[-45.9728,-23.6012],[-45.972,-23.6012],[-45.972,-23.6016],[-45.9716,-23.6016],[-45.9712,-23.6016],[-45.9712,-23.6044],[-45.9708,-23.6044],[-45.9704,-23.6044],[-45.9704,-23.6048],[-45.9696,-23.6048],[-45.9696,-23.6052],[-45.9692,-23.6052],[-45.9692,-23.6056],[-45.9688,-23.6056],[-45.9688,-23.606],[-45.9688,-23.6072],[-45.9688,-23.6076],[-45.9684,-23.6076],[-45.968,-23.6076],[-45.968,-23.608],[-45.9676,-23.608],[-45.9676,-23.6084],[-45.9668,-23.6084],[-45.9656,-23.6084],[-45.9652,-23.6084],[-45.962,-23.6084],[-45.9616,-23.6084],[-45.9616,-23.6088],[-45.96,-23.6088],[-45.96,-23.6084],[-45.9596,-23.6084],[-45.9596,-23.608],[-45.9588,-23.608],[-45.9588,-23.6084],[-45.9584,-23.6084],[-45.9584,-23.6088],[-45.958,-23.6088],[-45.958,-23.6096],[-45.9576,-23.6096],[-45.9576,-23.6104],[-45.9576,-23.6108],[-45.958,-23.6108],[-45.958,-23.6116],[-45.9584,-23.6116],[-45.9584,-23.6124],[-45.9588,-23.6124],[-45.9588,-23.6132],[-45.9588,-23.6136],[-45.9592,-23.6136],[-45.9596,-23.6136],[-45.9596,-23.614],[-45.96,-23.614],[-45.96,-23.6144],[-45.9608,-23.6144],[-45.9612,-23.6144],[-45.9612,-23.6148],[-45.9616,-23.6148],[-45.9616,-23.6152],[-45.9616,-23.6156],[-45.962,-23.6156],[-45.962,-23.6164],[-45.9624,-23.6164],[-45.9624,-23.6172],[-45.9628,-23.6172],[-45.9628,-23.6176],[-45.9632,-23.6176],[-45.9632,-23.618],[-45.9636,-23.618],[-45.9636,-23.6184],[-45.964,-23.6184],[-45.964,-23.6188],[-45.9648,-23.6188],[-45.9648,-23.6196],[-45.9648,-23.62],[-45.9652,-23.62],[-45.9652,-23.6232],[-45.9652,-23.6236],[-45.9648,-23.6236],[-45.9648,-23.6244],[-45.9648,-23.6248],[-45.9648,-23.6252],[-45.9652,-23.6252],[-45.9652,-23.626],[-45.9656,-23.626],[-45.9656,-23.6264],[-45.9656,-23.6268],[-45.9664,-23.6268],[-45.9664,-23.6272],[-45.9668,-23.6272],[-45.9668,-23.6276],[-45.9672,-23.6276],[-45.9672,-23.628],[-45.9676,-23.628],[-45.9676,-23.6284],[-45.968,-23.6284],[-45.968,-23.6292],[-45.968,-23.6296],[-45.9676,-23.6296],[-45.9676,-23.6304],[-45.9676,-23.6308],[-45.9676,-23.6312],[-45.968,-23.6312],[-45.968,-23.6316],[-45.9684,-23.6316],[-45.9692,-23.6316],[-45.9692,-23.632],[-45.9696,-23.632],[-45.9696,-23.6324],[-45.97,-23.6324],[-45.9704,-23.6324],[-45.9704,-23.6328],[-45.9708,-23.6328],[-45.9708,-23.6336],[-45.9708,-23.634],[-45.9716,-23.634],[-45.9716,-23.6348],[-45.9712,-23.6348],[-45.9712,-23.6364],[-45.9708,-23.6364],[-45.9708,-23.638],[-45.9708,-23.6392],[-45.9704,-23.6392],[-45.9704,-23.6396],[-45.9692,-23.6396],[-45.9692,-23.6392],[-45.9676,-23.6392],[-45.9676,-23.6388],[-45.9668,-23.6388],[-45.9668,-23.6396],[-45.9664,-23.6396],[-45.9664,-23.64],[-45.9668,-23.64],[-45.9668,-23.6404],[-45.9672,-23.6404],[-45.9672,-23.6408],[-45.9676,-23.6408],[-45.9676,-23.6416],[-45.9676,-23.6424],[-45.9676,-23.6432],[-45.9672,-23.6432],[-45.9668,-23.6432],[-45.9668,-23.6436],[-45.9648,-23.6436],[-45.9648,-23.6432],[-45.9632,-23.6432],[-45.9632,-23.6428],[-45.9624,-23.6428],[-45.9624,-23.6424],[-45.962,-23.6424],[-45.9616,-23.6424],[-45.9608,-23.6424],[-45.9596,-23.6424],[-45.9596,-23.642],[-45.9592,-23.642],[-45.9592,-23.6416],[-45.9588,-23.6416],[-45.9584,-23.6416],[-45.9584,-23.6412],[-45.9576,-23.6412],[-45.9576,-23.6404],[-45.9576,-23.64],[-45.9548,-23.64],[-45.9548,-23.6396],[-45.954,-23.6396],[-45.9536,-23.6396],[-45.9536,-23.6392],[-45.9532,-23.6392],[-45.9532,-23.6396],[-45.9528,-23.6396],[-45.9528,-23.6424],[-45.9524,-23.6424],[-45.9524,-23.6432],[-45.9528,-23.6432],[-45.9528,-23.644],[-45.9528,-23.6444],[-45.9524,-23.6444],[-45.952,-23.6444],[-45.952,-23.6448],[-45.9516,-23.6448],[-45.9516,-23.6452],[-45.9516,-23.6464],[-45.9512,-23.6464],[-45.9512,-23.6468],[-45.95,-23.6468],[-45.95,-23.6472],[-45.9496,-23.6472],[-45.9492,-23.6472],[-45.9492,-23.6476],[-45.9488,-23.6476],[-45.9488,-23.648],[-45.9488,-23.6492],[-45.9488,-23.6496],[-45.9492,-23.6496],[-45.9492,-23.65],[-45.9496,-23.65],[-45.9496,-23.6504],[-45.95,-23.6504],[-45.9508,-23.6504],[-45.9508,-23.6508],[-45.9508,-23.6512],[-45.9512,-23.6512],[-45.9516,-23.6512],[-45.9516,-23.6524],[-45.954,-23.6524],[-45.954,-23.6532],[-45.9544,-23.6532],[-45.9544,-23.6536],[-45.9548,-23.6536],[-45.9548,-23.654],[-45.9552,-23.654],[-45.9552,-23.6544],[-45.9568,-23.6544],[-45.9568,-23.654],[-45.9572,-23.654],[-45.9588,-23.654],[-45.9588,-23.6548],[-45.9588,-23.6572],[-45.9592,-23.6572],[-45.9592,-23.6576],[-45.9596,-23.6576],[-45.9596,-23.658],[-45.96,-23.658],[-45.9604,-23.658],[-45.9604,-23.6584],[-45.9608,-23.6584],[-45.9608,-23.6588],[-45.9608,-23.66],[-45.9604,-23.66],[-45.9604,-23.6604],[-45.96,-23.6604],[-45.96,-23.6608],[-45.96,-23.6612],[-45.9596,-23.6612],[-45.9592,-23.6612],[-45.9592,-23.6616],[-45.9596,-23.6616],[-45.9596,-23.662],[-45.96,-23.662],[-45.9604,-23.662],[-45.9604,-23.6668],[-45.9608,-23.6668],[-45.9608,-23.6672],[-45.9616,-23.6672],[-45.962,-23.6672],[-45.962,-23.668],[-45.9624,-23.668],[-45.9624,-23.6688],[-45.962,-23.6688],[-45.962,-23.6692],[-45.962,-23.67],[-45.9616,-23.67],[-45.9616,-23.6712],[-45.962,-23.6712],[-45.9628,-23.6712],[-45.9628,-23.6716],[-45.9628,-23.672],[-45.9656,-23.672],[-45.9668,-23.672],[-45.9668,-23.6724],[-45.9672,-23.6724],[-45.9672,-23.6728],[-45.968,-23.6728],[-45.968,-23.6724],[-45.9684,-23.6724],[-45.9684,-23.6712],[-45.9688,-23.6712],[-45.9688,-23.67],[-45.9692,-23.67],[-45.97,-23.67],[-45.97,-23.6696],[-45.9708,-23.6696],[-45.9708,-23.6692],[-45.9716,-23.6692],[-45.9716,-23.6696],[-45.9724,-23.6696],[-45.9724,-23.67],[-45.9728,-23.67],[-45.9728,-23.6704],[-45.9732,-23.6704],[-45.9732,-23.6708],[-45.9736,-23.6708],[-45.9736,-23.6712],[-45.9744,-23.6712],[-45.9748,-23.6712],[-45.9748,-23.6716],[-45.9748,-23.672],[-45.9752,-23.672],[-45.9756,-23.672],[-45.9756,-23.6724],[-45.9764,-23.6724],[-45.9764,-23.6728],[-45.9768,-23.6728],[-45.9768,-23.6732],[-45.9772,-23.6732],[-45.9776,-23.6732],[-45.9776,-23.6736],[-45.978,-23.6736],[-45.978,-23.674],[-45.9784,-23.674],[-45.9796,-23.674],[-45.9796,-23.6744],[-45.9804,-23.6744],[-45.9816,-23.6744],[-45.9816,-23.6748],[-45.9816,-23.6752],[-45.982,-23.6752],[-45.982,-23.6756],[-45.9824,-23.6756],[-45.9824,-23.676],[-45.9832,-23.676],[-45.9836,-23.676],[-45.9836,-23.6764],[-45.9836,-23.6768],[-45.984,-23.6768],[-45.984,-23.6772],[-45.9852,-23.6772],[-45.9856,-23.6772],[-45.9856,-23.6776],[-45.9856,-23.6784],[-45.986,-23.6784],[-45.986,-23.6792],[-45.9856,-23.6792],[-45.9856,-23.6796],[-45.9856,-23.6812],[-45.9852,-23.6812],[-45.9852,-23.682],[-45.9856,-23.682],[-45.986,-23.682],[-45.986,-23.6816],[-45.9864,-23.6816],[-45.9864,-23.6812],[-45.9876,-23.6812],[-45.988,-23.6812],[-45.988,-23.6808],[-45.9884,-23.6808],[-45.9884,-23.68],[-45.9888,-23.68],[-45.9888,-23.6796],[-45.9888,-23.6792],[-45.9892,-23.6792],[-45.9892,-23.6788],[-45.9896,-23.6788],[-45.9896,-23.6784],[-45.9896,-23.678],[-45.9908,-23.678],[-45.9908,-23.6776],[-45.992,-23.6776],[-45.992,-23.678],[-45.9924,-23.678],[-45.9924,-23.6792],[-45.9928,-23.6792],[-45.9928,-23.6796],[-45.9936,-23.6796],[-45.9936,-23.68],[-45.9944,-23.68],[-45.9964,-23.68],[-45.9968,-23.68],[-45.9968,-23.6796],[-45.998,-23.6796],[-45.998,-23.68],[-45.9996,-23.68],[-45.9996,-23.6804],[-45.9996,-23.682],[-45.9996,-23.6828],[-46.0,-23.6828],[-46.0,-23.6832],[-46.0004,-23.6832],[-46.0004,-23.684],[-46.0004,-23.6844],[-46.0008,-23.6844],[-46.0008,-23.6848],[-46.0012,-23.6848],[-46.0012,-23.6856],[-46.0016,-23.6856],[-46.0016,-23.686],[-46.0064,-23.686],[-46.0072,-23.686],[-46.0084,-23.686],[-46.0088,-23.686],[-46.0088,-23.6856],[-46.0108,-23.6856],[-46.0108,-23.686],[-46.0112,-23.686],[-46.0116,-23.686],[-46.0116,-23.6864],[-46.0116,-23.6876],[-46.012,-23.6876],[-46.012,-23.688],[-46.0136,-23.688],[-46.0136,-23.6876],[-46.0144,-23.6876],[-46.0144,-23.688],[-46.0144,-23.6888],[-46.014,-23.6888],[-46.014,-23.692],[-46.0136,-23.692],[-46.0144,-23.692],[-46.0144,-23.6924],[-46.0148,-23.6924],[-46.0148,-23.6928],[-46.0156,-23.6928],[-46.0164,-23.6928],[-46.0184,-23.6928],[-46.0184,-23.694],[-46.0184,-23.6944],[-46.0188,-23.6944],[-46.0188,-23.6948],[-46.0196,-23.6948],[-46.0196,-23.6944],[-46.0196,-23.694],[-46.02,-23.694],[-46.0236,-23.694],[-46.024,-23.694],[-46.024,-23.6944],[-46.0244,-23.6944],[-46.0244,-23.6948],[-46.0248,-23.6948],[-46.0252,-23.6948],[-46.0252,-23.6956],[-46.0256,-23.6956],[-46.0256,-23.696],[-46.026,-23.696],[-46.0276,-23.696],[-46.0276,-23.6964],[-46.0276,-23.6968],[-46.028,-23.6968],[-46.0284,-23.6968],[-46.0284,-23.6972],[-46.0288,-23.6972],[-46.0288,-23.6976],[-46.0292,-23.6976],[-46.0292,-23.698],[-46.0296,-23.698],[-46.0296,-23.6984],[-46.0296,-23.6988],[-46.03,-23.6988],[-46.0304,-23.6988],[-46.0304,-23.6992],[-46.0312,-23.6992],[-46.0312,-23.6996],[-46.032,-23.6996],[-46.032,-23.7],[-46.032,-23.7016],[-46.0324,-23.7016],[-46.0324,-23.702],[-46.0324,-23.7036],[-46.0328,-23.7036],[-46.0328,-23.704],[-46.0332,-23.704],[-46.0372,-23.704],[-46.0372,-23.7044],[-46.0384,-23.7044],[-46.0384,-23.7048],[-46.0388,-23.7048],[-46.0388,-23.7044],[-46.0392,-23.7044],[-46.0392,-23.704],[-46.0392,-23.7044],[-46.04,-23.7044],[-46.04,-23.7048],[-46.0404,-23.7048],[-46.0404,-23.7052],[-46.0404,-23.7056],[-46.0408,-23.7056],[-46.0408,-23.706],[-46.0412,-23.706],[-46.0412,-23.7064],[-46.042,-23.7064],[-46.042,-23.7068],[-46.0424,-23.7068],[-46.0424,-23.7072],[-46.0424,-23.7076],[-46.0428,-23.7076],[-46.0428,-23.708],[-46.0424,-23.708],[-46.0424,-23.7084],[-46.0424,-23.7088],[-46.042,-23.7088],[-46.0416,-23.7088],[-46.0416,-23.7092],[-46.0412,-23.7092],[-46.0412,-23.7096],[-46.0412,-23.71],[-46.0408,-23.71],[-46.0404,-23.71],[-46.0404,-23.7104],[-46.0404,-23.7108],[-46.04,-23.7108],[-46.0396,-23.7108],[-46.0396,-23.7112],[-46.0392,-23.7112],[-46.0392,-23.7116],[-46.0392,-23.712],[-46.0388,-23.712],[-46.0388,-23.7124],[-46.0384,-23.7124],[-46.038,-23.7128],[-46.038,-23.7132],[-46.0376,-23.7136],[-46.0376,-23.714],[-46.0372,-23.7148],[-46.0376,-23.7148],[-46.038,-23.7152],[-46.0384,-23.7152],[-46.0392,-23.7164],[-46.0392,-23.7168],[-46.0396,-23.7168],[-46.0396,-23.7172],[-46.04,-23.7172],[-46.04,-23.7176],[-46.0404,-23.718],[-46.0408,-23.7184],[-46.0412,-23.7184],[-46.0424,-23.7196],[-46.0428,-23.7192],[-46.0428,-23.7188],[-46.0428,-23.7184],[-46.0428,-23.718],[-46.0432,-23.7176],[-46.0436,-23.7172],[-46.0444,-23.7164],[-46.046,-23.7152],[-46.0464,-23.7148],[-46.0476,-23.714],[-46.048,-23.7136],[-46.048,-23.7128],[-46.0488,-23.7124],[-46.0492,-23.7116],[-46.05,-23.7112],[-46.0504,-23.7104],[-46.0516,-23.7096],[-46.0524,-23.7092],[-46.0524,-23.7088],[-46.0528,-23.7084],[-46.0536,-23.708],[-46.054,-23.708],[-46.0548,-23.7076],[-46.0556,-23.7072],[-46.056,-23.7068],[-46.0564,-23.7064],[-46.0568,-23.706],[-46.0576,-23.7056],[-46.058,-23.7056],[-46.0596,-23.706],[-46.0604,-23.7064],[-46.0612,-23.7068],[-46.062,-23.7072],[-46.0632,-23.708],[-46.064,-23.7084],[-46.0644,-23.7088],[-46.0648,-23.7092],[-46.0652,-23.7096],[-46.0664,-23.7104],[-46.0668,-23.7108],[-46.0672,-23.7112],[-46.068,-23.7116],[-46.0692,-23.7116],[-46.0696,-23.7116],[-46.0704,-23.712],[-46.0716,-23.7124],[-46.0724,-23.7124],[-46.074,-23.7124],[-46.0748,-23.712],[-46.0756,-23.7116],[-46.0764,-23.7112],[-46.0768,-23.7104],[-46.0776,-23.7108],[-46.0788,-23.7108],[-46.0796,-23.7108],[-46.0812,-23.7108],[-46.0828,-23.7116],[-46.0844,-23.712],[-46.0856,-23.712],[-46.0864,-23.7124],[-46.0876,-23.7124],[-46.0892,-23.7128],[-46.09,-23.7132],[-46.0912,-23.7132],[-46.092,-23.7132],[-46.0936,-23.7136],[-46.094,-23.7136],[-46.0956,-23.7136],[-46.096,-23.7132],[-46.096,-23.7128],[-46.0956,-23.7128],[-46.0952,-23.7128],[-46.0952,-23.7124],[-46.0952,-23.712],[-46.0948,-23.712],[-46.094,-23.712],[-46.094,-23.7116],[-46.0928,-23.7116],[-46.0928,-23.7112],[-46.0924,-23.7112],[-46.0924,-23.7108],[-46.092,-23.7108],[-46.0916,-23.7108],[-46.0916,-23.71],[-46.0912,-23.71],[-46.0912,-23.7096],[-46.0908,-23.7096],[-46.0908,-23.7092],[-46.0904,-23.7092],[-46.0904,-23.7088],[-46.09,-23.7088],[-46.0892,-23.7088],[-46.0892,-23.7084],[-46.088,-23.7084],[-46.088,-23.708],[-46.0876,-23.708],[-46.0876,-23.7076],[-46.0872,-23.7076],[-46.0872,-23.7072],[-46.0872,-23.7068],[-46.0868,-23.7068],[-46.0868,-23.7048],[-46.086,-23.7048],[-46.086,-23.7044],[-46.086,-23.704],[-46.0856,-23.704],[-46.0852,-23.704],[-46.0852,-23.7036],[-46.0852,-23.7028],[-46.0848,-23.7028],[-46.0848,-23.7024],[-46.0844,-23.7024],[-46.0844,-23.7008],[-46.084,-23.7008],[-46.084,-23.6996],[-46.084,-23.6992],[-46.0836,-23.6992],[-46.0836,-23.6988],[-46.0832,-23.6988],[-46.0832,-23.6984],[-46.0828,-23.6984],[-46.0828,-23.698],[-46.0824,-23.698],[-46.082,-23.698],[-46.082,-23.6976],[-46.082,-23.6972],[-46.0816,-23.6972],[-46.0816,-23.6968],[-46.0812,-23.6968],[-46.0812,-23.6964],[-46.0808,-23.6964],[-46.0808,-23.696],[-46.0804,-23.696],[-46.08,-23.696],[-46.08,-23.6956],[-46.08,-23.6952],[-46.0796,-23.6952],[-46.0796,-23.6948],[-46.0792,-23.6948],[-46.0792,-23.6944],[-46.0792,-23.692],[-46.0784,-23.692],[-46.0784,-23.6916],[-46.078,-23.6916],[-46.078,-23.6912],[-46.078,-23.6908],[-46.0776,-23.6908],[-46.0776,-23.6904],[-46.0772,-23.6904],[-46.0772,-23.69],[-46.074,-23.69],[-46.0736,-23.69],[-46.0736,-23.6896],[-46.0732,-23.6896],[-46.0732,-23.6884],[-46.0732,-23.6876],[-46.0728,-23.6876],[-46.0728,-23.6868],[-46.0724,-23.6868],[-46.0724,-23.686],[-46.072,-23.686],[-46.072,-23.6856],[-46.0716,-23.6856],[-46.0716,-23.6852],[-46.0712,-23.6852],[-46.0708,-23.6852],[-46.0708,-23.6848],[-46.0704,-23.6848],[-46.0704,-23.6844],[-46.07,-23.6844],[-46.07,-23.6848],[-46.0684,-23.6848],[-46.0684,-23.6844],[-46.068,-23.6844],[-46.068,-23.684],[-46.066,-23.684],[-46.0656,-23.684],[-46.0656,-23.6836],[-46.0652,-23.6836],[-46.0652,-23.6832],[-46.0648,-23.6832],[-46.0648,-23.6828],[-46.0644,-23.6828],[-46.0644,-23.6824],[-46.0644,-23.6816],[-46.064,-23.6816],[-46.064,-23.6812],[-46.0636,-23.6812],[-46.0632,-23.6812],[-46.0632,-23.6808],[-46.0624,-23.6808],[-46.0624,-23.6804],[-46.062,-23.6804],[-46.062,-23.68],[-46.0616,-23.68],[-46.0596,-23.68],[-46.0592,-23.68],[-46.0592,-23.6804],[-46.0584,-23.6804],[-46.0584,-23.6808],[-46.0584,-23.6804],[-46.058,-23.6804],[-46.058,-23.68],[-46.0572,-23.68],[-46.0572,-23.6796],[-46.0568,-23.6796],[-46.0568,-23.6792],[-46.0564,-23.6792],[-46.056,-23.6792],[-46.056,-23.6788],[-46.0552,-23.6788],[-46.0552,-23.6784],[-46.0552,-23.678],[-46.0548,-23.678],[-46.0552,-23.678],[-46.0552,-23.6772],[-46.0552,-23.676],[-46.0556,-23.676],[-46.0556,-23.6756],[-46.056,-23.6756],[-46.056,-23.6752],[-46.0564,-23.6752],[-46.0564,-23.6744],[-46.0564,-23.6732],[-46.0564,-23.6728],[-46.056,-23.6728],[-46.056,-23.672],[-46.0556,-23.672],[-46.0552,-23.672],[-46.0552,-23.6716],[-46.0544,-23.6716],[-46.0544,-23.6712],[-46.0532,-23.6712],[-46.0524,-23.6712],[-46.0524,-23.6708],[-46.052,-23.6708],[-46.052,-23.6704],[-46.05,-23.6704],[-46.05,-23.6708],[-46.0496,-23.6708],[-46.0496,-23.6712],[-46.0492,-23.6712],[-46.0492,-23.6716],[-46.0488,-23.6716],[-46.0488,-23.6712],[-46.0484,-23.6712],[-46.0476,-23.6712],[-46.0476,-23.6708],[-46.0472,-23.6708],[-46.0472,-23.6704],[-46.0468,-23.6704],[-46.0468,-23.67],[-46.0464,-23.67],[-46.046,-23.67],[-46.046,-23.6696],[-46.046,-23.6684],[-46.0456,-23.668],[-46.0452,-23.6676],[-46.0452,-23.6672],[-46.0448,-23.6664],[-46.0444,-23.666],[-46.0444,-23.6652],[-46.0444,-23.6644],[-46.0448,-23.664],[-46.0452,-23.6632],[-46.0456,-23.6624],[-46.0456,-23.6616],[-46.0452,-23.6612],[-46.0428,-23.6592],[-46.0404,-23.6576],[-46.0392,-23.6564],[-46.0388,-23.656],[-46.036,-23.6536],[-46.0336,-23.6508],[-46.0276,-23.6428],[-46.0276,-23.6424],[-46.0272,-23.6424],[-46.0272,-23.642],[-46.0268,-23.6416],[-46.0232,-23.638],[-46.0196,-23.6332],[-46.0184,-23.6316],[-46.0184,-23.6312],[-46.018,-23.6308],[-46.018,-23.6304],[-46.0176,-23.6304],[-46.0176,-23.63],[-46.0176,-23.6296],[-46.0172,-23.6292],[-46.0172,-23.6288],[-46.0168,-23.6288],[-46.0168,-23.6284],[-46.0164,-23.6284],[-46.0164,-23.628],[-46.0164,-23.6276],[-46.016,-23.6276],[-46.016,-23.6272],[-46.016,-23.6268],[-46.016,-23.6264],[-46.0156,-23.6264],[-46.0156,-23.6256],[-46.0156,-23.6252],[-46.0156,-23.6248],[-46.0152,-23.6244],[-46.0152,-23.624],[-46.0148,-23.6232],[-46.014,-23.6232],[-46.014,-23.6236],[-46.0136,-23.6236],[-46.0136,-23.624],[-46.0136,-23.6244],[-46.0132,-23.6244],[-46.0124,-23.6244],[-46.0124,-23.624],[-46.0124,-23.6236],[-46.012,-23.6236],[-46.012,-23.6232],[-46.0116,-23.6232],[-46.0108,-23.6232],[-46.0108,-23.6228],[-46.0104,-23.6228],[-46.0104,-23.6224],[-46.0104,-23.6212],[-46.01,-23.6212],[-46.01,-23.6204],[-46.0096,-23.6204],[-46.0096,-23.62],[-46.0096,-23.6188],[-46.0096,-23.6184],[-46.01,-23.6184],[-46.0104,-23.6184],[-46.0104,-23.618],[-46.0112,-23.618],[-46.0112,-23.6176],[-46.0116,-23.6176],[-46.0116,-23.6164],[-46.0112,-23.6164],[-46.0112,-23.616],[-46.0108,-23.616],[-46.0108,-23.6156],[-46.0104,-23.6156],[-46.0104,-23.6128],[-46.0104,-23.6124],[-46.01,-23.6124],[-46.0096,-23.6124],[-46.0096,-23.612],[-46.0096,-23.6116],[-46.0088,-23.6116],[-46.0084,-23.6116],[-46.0084,-23.6112],[-46.0076,-23.6112],[-46.0076,-23.6096],[-46.0072,-23.6096],[-46.0072,-23.6092],[-46.0068,-23.6092],[-46.0068,-23.608],[-46.0072,-23.608],[-46.0072,-23.6076],[-46.0076,-23.6076],[-46.0076,-23.6068],[-46.0072,-23.6068],[-46.0072,-23.604],[-46.0068,-23.604],[-46.0068,-23.6036],[-46.0064,-23.6036],[-46.0064,-23.604],[-46.0048,-23.604],[-46.0048,-23.6036],[-46.0044,-23.6036],[-46.0044,-23.6032],[-46.004,-23.6032],[-46.0036,-23.6032],[-46.0036,-23.6028],[-46.0028,-23.6028],[-46.0028,-23.6024],[-46.0024,-23.6024],[-46.0012,-23.6024],[-45.9996,-23.6024],[-45.9988,-23.6024],[-45.9988,-23.602],[-45.9976,-23.602],[-45.9976,-23.6016],[-45.9976,-23.602],[-45.9972,-23.602],[-45.9972,-23.6024],[-45.9968,-23.6024],[-45.9968,-23.6028],[-45.9964,-23.6028],[-45.9964,-23.6032],[-45.996,-23.6032],[-45.996,-23.6036],[-45.9928,-23.6036],[-45.9924,-23.6036],[-45.992,-23.6036],[-45.992,-23.6028],[-45.9916,-23.6028],[-45.9916,-23.6024],[-45.9912,-23.6024],[-45.9912,-23.602],[-45.9908,-23.602],[-45.9908,-23.6016],[-45.9904,-23.6016],[-45.9856,-23.6016],[-45.9856,-23.6012],[-45.9848,-23.6012],[-45.9848,-23.6008],[-45.984,-23.6008],[-45.984,-23.6004],[-45.9828,-23.6004],[-45.9816,-23.6004],[-45.9816,-23.6],[-45.9796,-23.6],[-45.9796,-23.6004],[-45.978,-23.6004],[-45.9772,-23.6004],[-45.9772,-23.6008],[-45.9728,-23.6008]]]}}]}